sheet_slug,tab_name,date,value_kind,card_masked,card_bin,payment_system,phone_masked,casino_name,mirror_url,payment_channel_url,full_name_masked,site_bank_name,collected_at
gsheets-p2p-drops-fevral-2026,Карты,2026-07-01,card,220220******3612,220220,МИР,,Beer,https://beer.black,https://beer.black,п*** д.,Сбербанк,2026-07-13T21:02:34.153675+00:00
gsheets-p2p-drops-fevral-2026,Карты,2026-07-01,card,220220******4325,220220,МИР,,Beer,https://beer.black,https://pay.hh-processing.com,г*** с.,Сбербанк,2026-07-13T21:02:34.155673+00:00
gsheets-p2p-drops-fevral-2026,Карты,2026-07-01,card,220024******3754,220024,МИР,,blitz,https://blitz19.red,https://fastpropay247.com,С*** В.,Sberbank,2026-07-13T21:02:34.156673+00:00
gsheets-p2p-drops-fevral-2026,Карты,2026-07-01,card,220070******7179,220070,МИР,,blitz,https://blitz19.red,https://fastpropay247.com,Х*** И.,Тинькофф,2026-07-13T21:02:34.158674+00:00
gsheets-p2p-drops-fevral-2026,Карты,2026-07-01,card,220070******6424,220070,МИР,,blitz,https://blitz19.red,https://fastpropay247.com,Г*** Р.,Тинькофф,2026-07-13T21:02:34.160673+00:00
gsheets-p2p-drops-fevral-2026,Карты,2026-07-01,card,220147******9609,220147,МИР,,blitz,https://blitz19.red,https://fastpropay247.com,Г*** П.,Экспобанк,2026-07-13T21:02:34.162674+00:00
gsheets-p2p-drops-fevral-2026,Карты,2026-07-01,card,220412******6394,220412,МИР,,Blitz,https://blitz19.red,https://fastpropay247.com,В*** И.,ЮМани,2026-07-13T21:02:34.164181+00:00
gsheets-p2p-drops-fevral-2026,Карты,2026-07-01,card,220412******9598,220412,МИР,,Blitz,https://blitz19.red,https://fastpropay247.com,Х*** М.,ЮМани,2026-07-13T21:02:34.166688+00:00
gsheets-p2p-drops-fevral-2026,Карты,2026-07-01,card,220418******8926,220418,МИР,,blitz,https://blitz19.red,https://fastpropay247.com,С*** Н.,Цупис,2026-07-13T21:02:34.174746+00:00
gsheets-p2p-drops-fevral-2026,Карты,2026-07-01,card,220423******2107,220423,МИР,,blitz,https://blitz19.red,https://fastpropay247.com,В*** М.,"(скрыто: похоже на ФИО, не банк)",2026-07-13T21:02:34.176750+00:00
gsheets-p2p-drops-fevral-2026,Карты,2026-07-01,card,220423******2107,220423,МИР,,blitz,https://blitz19.red,https://fastpropay247.com,В*** М.,"(скрыто: похоже на ФИО, не банк)",2026-07-13T21:02:34.178752+00:00
gsheets-p2p-drops-fevral-2026,Карты,2026-07-01,card,220423******2128,220423,МИР,,blitz,https://blitz19.red,https://fastpropay247.com,К*** Р.,"(скрыто: похоже на ФИО, не банк)",2026-07-13T21:02:34.179752+00:00
gsheets-p2p-drops-fevral-2026,Карты,2026-07-01,card,220423******3718,220423,МИР,,blitz,https://blitz19.red,https://fastpropay247.com,Н*** В.,"(скрыто: похоже на ФИО, не банк)",2026-07-13T21:02:34.181751+00:00
gsheets-p2p-drops-fevral-2026,Карты,2026-07-01,card,220423******3718,220423,МИР,,blitz,https://blitz19.red,https://fastpropay247.com,Н*** В.,"(скрыто: похоже на ФИО, не банк)",2026-07-13T21:02:34.183949+00:00
gsheets-p2p-drops-fevral-2026,Карты,2026-07-01,card,220423******3718,220423,МИР,,blitz,https://blitz19.red,https://fastpropay247.com,Н*** В.,"(скрыто: похоже на ФИО, не банк)",2026-07-13T21:02:34.186461+00:00
gsheets-p2p-drops-fevral-2026,Карты,2026-07-01,card,220423******3718,220423,МИР,,blitz,https://blitz19.red,https://fastpropay247.com,Н*** В.,"(скрыто: похоже на ФИО, не банк)",2026-07-13T21:02:34.188459+00:00
gsheets-p2p-drops-fevral-2026,Карты,2026-07-01,card,220423******3718,220423,МИР,,blitz,https://blitz19.red,https://fastpropay247.com,Н*** В.,"(скрыто: похоже на ФИО, не банк)",2026-07-13T21:02:34.189459+00:00
gsheets-p2p-drops-fevral-2026,Карты,2026-07-01,card,220423******4237,220423,МИР,,blitz,https://blitz19.red,https://fastpropay247.com,Р*** Ф.,"(скрыто: похоже на ФИО, не банк)",2026-07-13T21:02:34.191460+00:00
gsheets-p2p-drops-fevral-2026,Карты,2026-07-01,card,220423******4237,220423,МИР,,blitz,https://blitz19.red,https://fastpropay247.com,Р*** Ф.,"(скрыто: похоже на ФИО, не банк)",2026-07-13T21:02:34.193969+00:00
gsheets-p2p-drops-fevral-2026,Карты,2026-07-01,card,220423******4237,220423,МИР,,blitz,https://blitz19.red,https://fastpropay247.com,Р*** Ф.,"(скрыто: похоже на ФИО, не банк)",2026-07-13T21:02:34.195472+00:00
gsheets-p2p-drops-fevral-2026,Карты,2026-07-01,card,220423******4237,220423,МИР,,blitz,https://blitz19.red,https://fastpropay247.com,Р*** Ф.,"(скрыто: похоже на ФИО, не банк)",2026-07-13T21:02:34.197477+00:00
gsheets-p2p-drops-fevral-2026,Карты,2026-07-01,card,220423******4489,220423,МИР,,blitz,https://blitz19.red,https://fastpropay247.com,Р*** К.,"(скрыто: похоже на ФИО, не банк)",2026-07-13T21:02:34.199477+00:00
gsheets-p2p-drops-fevral-2026,Карты,2026-07-01,card,220423******4489,220423,МИР,,blitz,https://blitz19.red,https://fastpropay247.com,Р*** К.,"(скрыто: похоже на ФИО, не банк)",2026-07-13T21:02:34.201476+00:00
gsheets-p2p-drops-fevral-2026,Карты,2026-07-01,card,220423******4489,220423,МИР,,blitz,https://blitz19.red,https://fastpropay247.com,Р*** К.,"(скрыто: похоже на ФИО, не банк)",2026-07-13T21:02:34.202979+00:00
gsheets-p2p-drops-fevral-2026,Карты,2026-07-01,card,220431******5926,220431,МИР,,blitz,https://blitz19.red,https://fastpropay247.com,М*** А.,Озон-Банк,2026-07-13T21:02:34.205484+00:00
gsheets-p2p-drops-fevral-2026,Карты,2026-07-01,card,220431******7761,220431,МИР,,blitz,https://blitz19.red,https://fastpropay247.com,М*** В.,"(скрыто: похоже на ФИО, не банк)",2026-07-13T21:02:34.206487+00:00
gsheets-p2p-drops-fevral-2026,Карты,2026-07-01,card,220431******7761,220431,МИР,,blitz,https://blitz19.red,https://fastpropay247.com,М*** В.,"(скрыто: похоже на ФИО, не банк)",2026-07-13T21:02:34.208995+00:00
gsheets-p2p-drops-fevral-2026,Карты,2026-07-01,card,220431******7761,220431,МИР,,blitz,https://blitz19.red,https://fastpropay247.com,М*** В.,"(скрыто: похоже на ФИО, не банк)",2026-07-13T21:02:34.210996+00:00
gsheets-p2p-drops-fevral-2026,Карты,2026-07-01,card,220070******7179,220070,МИР,,bounty,https://bounty-casino70.com,https://fastpropay247.com,Х*** И.,Тинькофф,2026-07-13T21:02:34.212994+00:00
gsheets-p2p-drops-fevral-2026,Карты,2026-07-01,card,220070******7179,220070,МИР,,bounty,https://bounty-casino70.com,https://fastpropay247.com,Х*** И.,Тинькофф,2026-07-13T21:02:34.215616+00:00
gsheets-p2p-drops-fevral-2026,Карты,2026-07-01,card,220070******7179,220070,МИР,,bounty,https://bounty-casino70.com,https://fastpropay247.com,Х*** И.,Тинькофф,2026-07-13T21:02:34.217621+00:00
gsheets-p2p-drops-fevral-2026,Карты,2026-07-01,card,220423******4489,220423,МИР,,bounty,https://bounty-casino70.com,https://fastpropay247.com,Р*** К.,"(скрыто: похоже на ФИО, не банк)",2026-07-13T21:02:34.219619+00:00
gsheets-p2p-drops-fevral-2026,Карты,2026-07-01,card,220412******6394,220412,МИР,,Brillx,https://brillx100.gg,https://fastpropay247.com,В*** И.,ЮМани,2026-07-13T21:02:34.221620+00:00
gsheets-p2p-drops-fevral-2026,Карты,2026-07-01,card,220412******9598,220412,МИР,,Brillx,https://brillx100.gg,https://fastpropay247.com,Х*** М.,ЮМани,2026-07-13T21:02:34.223121+00:00
gsheets-p2p-drops-fevral-2026,Карты,2026-07-01,card,220423******3718,220423,МИР,,brillx,https://brillx99.gg,https://fastpropay247.com,Н*** В.,"(скрыто: похоже на ФИО, не банк)",2026-07-13T21:02:34.225626+00:00
gsheets-p2p-drops-fevral-2026,Карты,2026-07-01,card,220423******3718,220423,МИР,,brillx,https://brillx99.gg,https://fastpropay247.com,Н*** В.,"(скрыто: похоже на ФИО, не банк)",2026-07-13T21:02:34.227630+00:00
gsheets-p2p-drops-fevral-2026,Карты,2026-07-01,card,220423******3718,220423,МИР,,brillx,https://brillx99.gg,https://fastpropay247.com,Н*** В.,"(скрыто: похоже на ФИО, не банк)",2026-07-13T21:02:34.229631+00:00
gsheets-p2p-drops-fevral-2026,Карты,2026-07-01,card,220423******3718,220423,МИР,,brillx,https://brillx99.gg,https://fastpropay247.com,Н*** В.,"(скрыто: похоже на ФИО, не банк)",2026-07-13T21:02:34.231630+00:00
gsheets-p2p-drops-fevral-2026,Карты,2026-07-01,card,220423******3718,220423,МИР,,brillx,https://brillx99.gg,https://fastpropay247.com,Н*** В.,"(скрыто: похоже на ФИО, не банк)",2026-07-13T21:02:34.233134+00:00
gsheets-p2p-drops-fevral-2026,Карты,2026-07-01,card,220423******4489,220423,МИР,,brillx,https://brillx99.gg,https://fastpropay247.com,Р*** К.,"(скрыто: похоже на ФИО, не банк)",2026-07-13T21:02:34.234141+00:00
gsheets-p2p-drops-fevral-2026,Карты,2026-07-01,card,220432******2838,220432,МИР,,brillx,https://brillx99.gg,https://fastpropay247.com,М*** М.,Тинькофф,2026-07-13T21:02:34.236653+00:00
gsheets-p2p-drops-fevral-2026,Карты,2026-07-01,card,220015******2499,220015,МИР,,Casher,https://casher36.win,https://casher36.win,А*** Д.,Альфа-Банк,2026-07-13T21:02:34.238655+00:00
gsheets-p2p-drops-fevral-2026,Карты,2026-07-01,card,220017******8289,220017,МИР,,Casher,https://casher36.win,https://casher36.win,К*** А.,,2026-07-13T21:02:34.240654+00:00
gsheets-p2p-drops-fevral-2026,Карты,2026-07-01,card,220070******9583,220070,МИР,,Casher,https://casher36.win,https://casher36.win,К*** К.,Т-Банк,2026-07-13T21:02:34.242653+00:00
gsheets-p2p-drops-fevral-2026,Карты,2026-07-01,card,220070******9429,220070,МИР,,Casher,https://casher36.win,https://casher36.win,С*** Г.,Т-Банк,2026-07-13T21:02:34.244721+00:00
gsheets-p2p-drops-fevral-2026,Карты,2026-07-01,card,220070******5395,220070,МИР,,Casher,https://casher36.win,https://casher36.win,Я*** А.,Т-Банк,2026-07-13T21:02:34.246718+00:00
gsheets-p2p-drops-fevral-2026,Карты,2026-07-01,card,220211******9681,220211,МИР,,Casher,https://casher36.win,https://casher36.win,М*** Н.,"(скрыто: похоже на ФИО, не банк)",2026-07-13T21:02:34.248720+00:00
gsheets-p2p-drops-fevral-2026,Карты,2026-07-01,card,220220******6556,220220,МИР,,Casher,https://casher36.win,https://casher36.win,Ж*** Т.,Сбербанк,2026-07-13T21:02:34.249718+00:00
gsheets-p2p-drops-fevral-2026,Карты,2026-07-01,card,220220******9447,220220,МИР,,Casher,https://casher36.win,https://casher36.win,Ч*** С.,Сбербанк,2026-07-13T21:02:34.251718+00:00
gsheets-p2p-drops-fevral-2026,Карты,2026-07-01,card,220220******3757,220220,МИР,,Casher,https://casher36.win,https://casher36.win,А*** Б.,Сбербанк,2026-07-13T21:02:34.254225+00:00
gsheets-p2p-drops-fevral-2026,Карты,2026-07-01,card,220220******4521,220220,МИР,,Casher,https://casher36.win,https://casher36.win,А*** Щ.,Сбербанк,2026-07-13T21:02:34.255733+00:00
gsheets-p2p-drops-fevral-2026,Карты,2026-07-01,card,220220******4849,220220,МИР,,Casher,https://casher36.win,https://casher36.win,Т*** Я.,Сбербанк,2026-07-13T21:02:34.257740+00:00
gsheets-p2p-drops-fevral-2026,Карты,2026-07-01,card,220220******5672,220220,МИР,,Casher,https://casher36.win,https://casher36.win,М*** А.,Сбербанк,2026-07-13T21:02:34.259738+00:00
gsheets-p2p-drops-fevral-2026,Карты,2026-07-01,card,220220******1195,220220,МИР,,Casher,https://casher36.win,https://casher36.win,Б*** С.,Сбербанк,2026-07-13T21:02:34.261739+00:00
gsheets-p2p-drops-fevral-2026,Карты,2026-07-01,card,220220******9903,220220,МИР,,Casher,https://casher36.win,https://casher36.win,А*** А.,Сбербанк,2026-07-13T21:02:34.263760+00:00
gsheets-p2p-drops-fevral-2026,Карты,2026-07-01,card,220220******2373,220220,МИР,,Casher,https://casher36.win,https://casher36.win,А*** А.,Сбербанк,2026-07-13T21:02:34.265265+00:00
gsheets-p2p-drops-fevral-2026,Карты,2026-07-01,card,220220******6797,220220,МИР,,Casher,https://casher36.win,https://casher36.win,и*** б.,Сбербанк,2026-07-13T21:02:34.267269+00:00
gsheets-p2p-drops-fevral-2026,Карты,2026-07-01,card,220220******3612,220220,МИР,,Casher,https://casher36.win,https://casher36.win,п*** д.,Сбербанк,2026-07-13T21:02:34.269269+00:00
gsheets-p2p-drops-fevral-2026,Карты,2026-07-01,card,220220******7797,220220,МИР,,Casher,https://casher36.win,https://casher36.win,М*** А.,Сбербанк,2026-07-13T21:02:34.271268+00:00
gsheets-p2p-drops-fevral-2026,Карты,2026-07-01,card,220220******3057,220220,МИР,,Casher,https://casher36.win,https://casher36.win,г*** а.,Сбербанк,2026-07-13T21:02:34.273775+00:00
gsheets-p2p-drops-fevral-2026,Карты,2026-07-01,card,220423******8259,220423,МИР,,Casher,https://casher36.win,https://casher36.win,Т*** Н.,"(скрыто: похоже на ФИО, не банк)",2026-07-13T21:02:34.276283+00:00
gsheets-p2p-drops-fevral-2026,Карты,2026-07-01,card,220423******8542,220423,МИР,,Casher,https://casher36.win,https://casher36.win,Г*** Б.,Вайлдберриз,2026-07-13T21:02:34.278281+00:00
gsheets-p2p-drops-fevral-2026,Карты,2026-07-01,card,220423******4463,220423,МИР,,Casher,https://casher36.win,https://casher36.win,Х*** Х.,Вайлдберриз,2026-07-13T21:02:34.280282+00:00
gsheets-p2p-drops-fevral-2026,Карты,2026-07-01,card,220423******1516,220423,МИР,,Casher,https://casher36.win,https://casher36.win,К*** Д.,Вайлдберриз,2026-07-13T21:02:34.281283+00:00
gsheets-p2p-drops-fevral-2026,Карты,2026-07-01,card,220423******9833,220423,МИР,,Casher,https://casher36.win,https://casher36.win,А*** С.,Вайлдберриз,2026-07-13T21:02:34.283792+00:00
gsheets-p2p-drops-fevral-2026,Карты,2026-07-01,card,220423******4961,220423,МИР,,Casher,https://casher36.win,https://casher36.win,Х*** З.,Вайлдберриз,2026-07-13T21:02:34.286300+00:00
gsheets-p2p-drops-fevral-2026,Карты,2026-07-01,card,220423******7827,220423,МИР,,Casher,https://casher36.win,https://casher36.win,А*** М.,Вайлдберриз,2026-07-13T21:02:34.288300+00:00
gsheets-p2p-drops-fevral-2026,Карты,2026-07-01,card,220423******1479,220423,МИР,,Casher,https://casher36.win,https://casher36.win,О*** С.,Вайлдберриз,2026-07-13T21:02:34.290300+00:00
gsheets-p2p-drops-fevral-2026,Карты,2026-07-01,card,220423******7304,220423,МИР,,Casher,https://casher36.win,https://casher36.win,П*** Л.,"(скрыто: похоже на ФИО, не банк)",2026-07-13T21:02:34.291300+00:00
gsheets-p2p-drops-fevral-2026,Карты,2026-07-01,card,220423******5734,220423,МИР,,Casher,https://casher36.win,https://casher36.win,М*** М.,Вайлдберриз,2026-07-13T21:02:34.293809+00:00
gsheets-p2p-drops-fevral-2026,Карты,2026-07-01,card,220423******8514,220423,МИР,,Casher,https://casher36.win,https://casher36.win,М*** К.,Вайлдберриз,2026-07-13T21:02:34.296317+00:00
gsheets-p2p-drops-fevral-2026,Карты,2026-07-01,card,220423******2471,220423,МИР,,Casher,https://casher36.win,https://casher36.win,С*** А.,Вайлдберриз,2026-07-13T21:02:34.298315+00:00
gsheets-p2p-drops-fevral-2026,Карты,2026-07-01,card,220423******0935,220423,МИР,,Casher,https://casher36.win,https://casher36.win,Н*** К.,Вайлдберриз,2026-07-13T21:02:34.300317+00:00
gsheets-p2p-drops-fevral-2026,Карты,2026-07-01,card,220423******6168,220423,МИР,,Casher,https://casher36.win,https://casher36.win,Б*** В.,Вайлдберриз,2026-07-13T21:02:34.302820+00:00
gsheets-p2p-drops-fevral-2026,Карты,2026-07-01,card,220423******1667,220423,МИР,,Casher,https://casher36.win,https://casher36.win,Н*** Р.,Вайлдберриз,2026-07-13T21:02:34.303825+00:00
gsheets-p2p-drops-fevral-2026,Карты,2026-07-01,card,220423******1899,220423,МИР,,Casher,https://casher36.win,https://casher36.win,Д*** К.,Вайлдберриз,2026-07-13T21:02:34.306331+00:00
gsheets-p2p-drops-fevral-2026,Карты,2026-07-01,card,220423******3184,220423,МИР,,Casher,https://casher36.win,https://casher36.win,Н*** М.,Вайлдберриз,2026-07-13T21:02:34.308840+00:00
gsheets-p2p-drops-fevral-2026,Карты,2026-07-01,card,220423******1382,220423,МИР,,Casher,https://casher36.win,https://casher36.win,А*** Т.,Вайлдберриз,2026-07-13T21:02:34.310839+00:00
gsheets-p2p-drops-fevral-2026,Карты,2026-07-01,card,220423******8069,220423,МИР,,Casher,https://casher36.win,https://casher36.win,М*** А.,,2026-07-13T21:02:34.312839+00:00
gsheets-p2p-drops-fevral-2026,Карты,2026-07-01,card,220423******3329,220423,МИР,,Casher,https://casher36.win,https://casher36.win,Э*** Д.,Вайлдберриз,2026-07-13T21:02:34.315517+00:00
gsheets-p2p-drops-fevral-2026,Карты,2026-07-01,card,220423******0764,220423,МИР,,Casher,https://casher36.win,https://casher36.win,Ж*** В.,Вайлдберриз,2026-07-13T21:02:34.317521+00:00
gsheets-p2p-drops-fevral-2026,Карты,2026-07-01,card,220423******0242,220423,МИР,,Casher,https://casher36.win,https://casher36.win,И*** А.,Вайлдберриз,2026-07-13T21:02:34.319520+00:00
gsheets-p2p-drops-fevral-2026,Карты,2026-07-01,card,220423******1009,220423,МИР,,Casher,https://casher36.win,https://casher36.win,Я*** Е.,,2026-07-13T21:02:34.321521+00:00
gsheets-p2p-drops-fevral-2026,Карты,2026-07-01,card,220423******3507,220423,МИР,,Casher,https://casher36.win,https://casher36.win,Ш*** В.,Вайлдберриз,2026-07-13T21:02:34.323023+00:00
gsheets-p2p-drops-fevral-2026,Карты,2026-07-01,card,220423******0437,220423,МИР,,Casher,https://casher36.win,https://casher36.win,Ч*** Г.,Вайлдберриз,2026-07-13T21:02:34.325534+00:00
gsheets-p2p-drops-fevral-2026,Карты,2026-07-01,card,220423******2185,220423,МИР,,Casher,https://casher36.win,https://casher36.win,С*** Р.,Вайлдберриз,2026-07-13T21:02:34.327539+00:00
gsheets-p2p-drops-fevral-2026,Карты,2026-07-01,card,220017******3895,220017,МИР,,Dune,https://dune-casino.pro,https://3dkassa.live,,Центр-инвест,2026-07-13T21:02:34.329539+00:00
gsheets-p2p-drops-fevral-2026,Карты,2026-07-01,card,220156******3154,220156,МИР,,Dune,https://dune-casino.pro,https://3dkassa.live,,"(скрыто: похоже на ФИО, не банк)",2026-07-13T21:02:34.331538+00:00
gsheets-p2p-drops-fevral-2026,Карты,2026-07-01,card,220220******8005,220220,МИР,,Dune,https://dune-casino.pro,https://3dkassa.live,,,2026-07-13T21:02:34.334047+00:00
gsheets-p2p-drops-fevral-2026,Карты,2026-07-01,card,220423******7827,220423,МИР,,Dune,https://dune-casino.pro,https://3dkassa.live,,"(скрыто: похоже на ФИО, не банк)",2026-07-13T21:02:34.336555+00:00
gsheets-p2p-drops-fevral-2026,Карты,2026-07-01,card,220423******2510,220423,МИР,,Dune,https://dune-casino.pro,https://3dkassa.live,,"(скрыто: похоже на ФИО, не банк)",2026-07-13T21:02:34.338187+00:00
gsheets-p2p-drops-fevral-2026,Карты,2026-07-01,card,220423******5734,220423,МИР,,Dune,https://dune-casino.pro,https://3dkassa.live,,"(скрыто: похоже на ФИО, не банк)",2026-07-13T21:02:34.340293+00:00
gsheets-p2p-drops-fevral-2026,Карты,2026-07-01,card,220423******6170,220423,МИР,,Dune,https://dune-casino.pro,https://3dkassa.live,,"(скрыто: похоже на ФИО, не банк)",2026-07-13T21:02:34.342355+00:00
gsheets-p2p-drops-fevral-2026,Карты,2026-07-01,card,220423******0169,220423,МИР,,Dune,https://dune-casino.pro,https://3dkassa.live,,"(скрыто: похоже на ФИО, не банк)",2026-07-13T21:02:34.344436+00:00
gsheets-p2p-drops-fevral-2026,Карты,2026-07-01,card,220423******7735,220423,МИР,,Dune,https://dune-casino.pro,https://3dkassa.live,,"(скрыто: похоже на ФИО, не банк)",2026-07-13T21:02:34.346508+00:00
gsheets-p2p-drops-fevral-2026,Карты,2026-07-01,card,220423******4252,220423,МИР,,Dune,https://dune-casino.pro,https://3dkassa.live,,"(скрыто: похоже на ФИО, не банк)",2026-07-13T21:02:34.348571+00:00
gsheets-p2p-drops-fevral-2026,Карты,2026-07-01,card,220024******3754,220024,МИР,,friends,https://friends-casino244.com,https://fastpropay247.com,С*** В.,ВТБ,2026-07-13T21:02:34.350097+00:00
gsheets-p2p-drops-fevral-2026,Карты,2026-07-01,card,220024******3754,220024,МИР,,friends,https://friends-casino244.com,https://fastpropay247.com,С*** В.,Sberbank,2026-07-13T21:02:34.352600+00:00
gsheets-p2p-drops-fevral-2026,Карты,2026-07-01,card,220070******7179,220070,МИР,,friends,https://friends-casino244.com,https://fastpropay247.com,Х*** И.,Тинькофф,2026-07-13T21:02:34.354604+00:00
gsheets-p2p-drops-fevral-2026,Карты,2026-07-01,card,220070******7179,220070,МИР,,friends,https://friends-casino244.com,https://fastpropay247.com,Х*** И.,Тинькофф,2026-07-13T21:02:34.356603+00:00
gsheets-p2p-drops-fevral-2026,Карты,2026-07-01,card,220070******6424,220070,МИР,,friends,https://friends-casino244.com,https://fastpropay247.com,Г*** Р.,Тинькофф,2026-07-13T21:02:34.358604+00:00
gsheets-p2p-drops-fevral-2026,Карты,2026-07-01,card,220070******6424,220070,МИР,,friends,https://friends-casino244.com,https://fastpropay247.com,Г*** Р.,Тинькофф,2026-07-13T21:02:34.360604+00:00
gsheets-p2p-drops-fevral-2026,Карты,2026-07-01,card,220070******6424,220070,МИР,,friends,https://friends-casino244.com,https://fastpropay247.com,Г*** Р.,tinkoff-mobile,2026-07-13T21:02:34.362603+00:00
gsheets-p2p-drops-fevral-2026,Карты,2026-07-01,card,220147******9609,220147,МИР,,friends,https://friends-casino244.com,https://fastpropay247.com,Г*** П.,Экспобанк,2026-07-13T21:02:34.364107+00:00
gsheets-p2p-drops-fevral-2026,Карты,2026-07-01,card,220147******9609,220147,МИР,,friends,https://friends-casino244.com,https://fastpropay247.com,Г*** П.,Экспобанк,2026-07-13T21:02:34.366613+00:00
gsheets-p2p-drops-fevral-2026,Карты,2026-07-01,card,220147******9609,220147,МИР,,friends,https://friends-casino244.com,https://fastpropay247.com,Г*** П.,Экспобанк,2026-07-13T21:02:34.368613+00:00
gsheets-p2p-drops-fevral-2026,Карты,2026-07-01,card,220147******9609,220147,МИР,,friends,https://friends-casino244.com,https://fastpropay247.com,Г*** П.,Экспобанк,2026-07-13T21:02:34.370616+00:00
gsheets-p2p-drops-fevral-2026,Карты,2026-07-01,card,220147******9609,220147,МИР,,friends,https://friends-casino244.com,https://fastpropay247.com,Г*** П.,,2026-07-13T21:02:34.371615+00:00
gsheets-p2p-drops-fevral-2026,Карты,2026-07-01,card,220147******9609,220147,МИР,,friends,https://friends-casino244.com,https://fastpropay247.com,Г*** П.,Экспобанк,2026-07-13T21:02:34.373681+00:00
gsheets-p2p-drops-fevral-2026,Карты,2026-07-01,card,220211******8433,220211,МИР,,friends,https://friends-casino244.com,https://fastpropay247.com,,"(скрыто: похоже на ФИО, не банк)",2026-07-13T21:02:34.375681+00:00
gsheets-p2p-drops-fevral-2026,Карты,2026-07-01,card,220220******1671,220220,МИР,,friends,https://friends-casino244.com,https://fastpropay247.com,К*** А.,Сбербанк,2026-07-13T21:02:34.377680+00:00
gsheets-p2p-drops-fevral-2026,Карты,2026-07-01,card,220220******3489,220220,МИР,,friends,https://friends-casino244.com,https://fastpropay247.com,А*** А.,Сбербанк,2026-07-13T21:02:34.379679+00:00
gsheets-p2p-drops-fevral-2026,Карты,2026-07-01,card,220418******8926,220418,МИР,,friends,https://friends-casino244.com,https://fastpropay247.com,С*** Н.,Цупис,2026-07-13T21:02:34.381681+00:00
gsheets-p2p-drops-fevral-2026,Карты,2026-07-01,card,220423******2107,220423,МИР,,friends,https://friends-casino244.com,https://fastpropay247.com,В*** М.,"(скрыто: похоже на ФИО, не банк)",2026-07-13T21:02:34.384462+00:00
gsheets-p2p-drops-fevral-2026,Карты,2026-07-01,card,220423******2107,220423,МИР,,friends,https://friends-casino244.com,https://fastpropay247.com,В*** М.,"(скрыто: похоже на ФИО, не банк)",2026-07-13T21:02:34.386012+00:00
gsheets-p2p-drops-fevral-2026,Карты,2026-07-01,card,220423******2107,220423,МИР,,friends,https://friends-casino244.com,https://fastpropay247.com,В*** М.,"(скрыто: похоже на ФИО, не банк)",2026-07-13T21:02:34.388632+00:00
gsheets-p2p-drops-fevral-2026,Карты,2026-07-01,card,220423******2128,220423,МИР,,friends,https://friends-casino244.com,https://fastpropay247.com,К*** Р.,"(скрыто: похоже на ФИО, не банк)",2026-07-13T21:02:34.390198+00:00
gsheets-p2p-drops-fevral-2026,Карты,2026-07-01,card,220423******4849,220423,МИР,,friends,https://friends-casino244.com,https://fastpropay247.com,В*** К.,"(скрыто: похоже на ФИО, не банк)",2026-07-13T21:02:34.392264+00:00
gsheets-p2p-drops-fevral-2026,Карты,2026-07-01,card,220423******6025,220423,МИР,,friends,https://friends-casino244.com,https://fastpropay247.com,В*** Г.,"(скрыто: похоже на ФИО, не банк)",2026-07-13T21:02:34.393871+00:00
gsheets-p2p-drops-fevral-2026,Карты,2026-07-01,card,220423******3718,220423,МИР,,friends,https://friends-casino244.com,https://fastpropay247.com,Н*** В.,"(скрыто: похоже на ФИО, не банк)",2026-07-13T21:02:34.395942+00:00
gsheets-p2p-drops-fevral-2026,Карты,2026-07-01,card,220423******3718,220423,МИР,,friends,https://friends-casino244.com,https://fastpropay247.com,Н*** В.,"(скрыто: похоже на ФИО, не банк)",2026-07-13T21:02:34.397998+00:00
gsheets-p2p-drops-fevral-2026,Карты,2026-07-01,card,220423******3718,220423,МИР,,friends,https://friends-casino244.com,https://fastpropay247.com,Н*** В.,"(скрыто: похоже на ФИО, не банк)",2026-07-13T21:02:34.400056+00:00
gsheets-p2p-drops-fevral-2026,Карты,2026-07-01,card,220423******3718,220423,МИР,,friends,https://friends-casino244.com,https://fastpropay247.com,Н*** В.,"(скрыто: похоже на ФИО, не банк)",2026-07-13T21:02:34.401606+00:00
gsheets-p2p-drops-fevral-2026,Карты,2026-07-01,card,220423******3718,220423,МИР,,friends,https://friends-casino244.com,https://fastpropay247.com,Н*** В.,"(скрыто: похоже на ФИО, не банк)",2026-07-13T21:02:34.403735+00:00
gsheets-p2p-drops-fevral-2026,Карты,2026-07-01,card,220423******3718,220423,МИР,,friends,https://friends-casino244.com,https://fastpropay247.com,Н*** В.,"(скрыто: похоже на ФИО, не банк)",2026-07-13T21:02:34.405809+00:00
gsheets-p2p-drops-fevral-2026,Карты,2026-07-01,card,220423******3718,220423,МИР,,friends,https://friends-casino244.com,https://fastpropay247.com,Н*** В.,"(скрыто: похоже на ФИО, не банк)",2026-07-13T21:02:34.407872+00:00
gsheets-p2p-drops-fevral-2026,Карты,2026-07-01,card,220423******3718,220423,МИР,,friends,https://friends-casino244.com,https://fastpropay247.com,Н*** В.,wildberries-bank,2026-07-13T21:02:34.409937+00:00
gsheets-p2p-drops-fevral-2026,Карты,2026-07-01,card,220423******3718,220423,МИР,,friends,https://friends-casino244.com,https://fastpropay247.com,Н*** В.,"(скрыто: похоже на ФИО, не банк)",2026-07-13T21:02:34.412016+00:00
gsheets-p2p-drops-fevral-2026,Карты,2026-07-01,card,220423******4237,220423,МИР,,friends,https://friends-casino244.com,https://fastpropay247.com,Р*** Ф.,"(скрыто: похоже на ФИО, не банк)",2026-07-13T21:02:34.414051+00:00
gsheets-p2p-drops-fevral-2026,Карты,2026-07-01,card,220423******4237,220423,МИР,,friends,https://friends-casino244.com,https://fastpropay247.com,Р*** Ф.,"(скрыто: похоже на ФИО, не банк)",2026-07-13T21:02:34.415555+00:00
gsheets-p2p-drops-fevral-2026,Карты,2026-07-01,card,220423******4237,220423,МИР,,friends,https://friends-casino244.com,https://fastpropay247.com,Р*** Ф.,"(скрыто: похоже на ФИО, не банк)",2026-07-13T21:02:34.417560+00:00
gsheets-p2p-drops-fevral-2026,Карты,2026-07-01,card,220423******4237,220423,МИР,,friends,https://friends-casino244.com,https://fastpropay247.com,Р*** Ф.,"(скрыто: похоже на ФИО, не банк)",2026-07-13T21:02:34.419561+00:00
gsheets-p2p-drops-fevral-2026,Карты,2026-07-01,card,220423******4489,220423,МИР,,friends,https://friends-casino244.com,https://fastpropay247.com,Р*** К.,"(скрыто: похоже на ФИО, не банк)",2026-07-13T21:02:34.421560+00:00
gsheets-p2p-drops-fevral-2026,Карты,2026-07-01,card,220423******4489,220423,МИР,,friends,https://friends-casino244.com,https://fastpropay247.com,Р*** К.,"(скрыто: похоже на ФИО, не банк)",2026-07-13T21:02:34.424069+00:00
gsheets-p2p-drops-fevral-2026,Карты,2026-07-01,card,220423******4489,220423,МИР,,friends,https://friends-casino244.com,https://fastpropay247.com,Р*** К.,"(скрыто: похоже на ФИО, не банк)",2026-07-13T21:02:34.425573+00:00
gsheets-p2p-drops-fevral-2026,Карты,2026-07-01,card,220423******4489,220423,МИР,,friends,https://friends-casino244.com,https://fastpropay247.com,Р*** К.,"(скрыто: похоже на ФИО, не банк)",2026-07-13T21:02:34.427577+00:00
gsheets-p2p-drops-fevral-2026,Карты,2026-07-01,card,220423******4489,220423,МИР,,friends,https://friends-casino244.com,https://fastpropay247.com,Р*** К.,"(скрыто: похоже на ФИО, не банк)",2026-07-13T21:02:34.429577+00:00
gsheets-p2p-drops-fevral-2026,Карты,2026-07-01,card,220432******2838,220432,МИР,,friends,https://friends-casino244.com,https://fastpropay247.com,М*** М.,Тинькофф,2026-07-13T21:02:34.431579+00:00
gsheets-p2p-drops-fevral-2026,Карты,2026-07-01,card,220220******0232,220220,МИР,,Izzi,https://izzicasino331.com,https://sq-pay.co,П*** Г.,Sber,2026-07-13T21:02:34.433084+00:00
gsheets-p2p-drops-fevral-2026,Карты,2026-07-01,card,220423******0449,220423,МИР,,Izzi,https://izzicasino331.com,https://sq-pay.co,Т*** А.,Вайлдберриз ,2026-07-13T21:02:34.434090+00:00
gsheets-p2p-drops-fevral-2026,Карты,2026-07-01,card,220220******4521,220220,МИР,,Legzo,https://legzo-casino1.com,https://sq-pay.co,А*** Щ.,Sber,2026-07-13T21:02:34.436601+00:00
gsheets-p2p-drops-fevral-2026,Карты,2026-07-01,card,220220******3675,220220,МИР,,Legzo,https://legzo-casino1.com,https://sq-pay.co,А*** Ч.,Sber,2026-07-13T21:02:34.438603+00:00
gsheets-p2p-drops-fevral-2026,Карты,2026-07-01,card,220423******2768,220423,МИР,,Legzo,https://legzo-casino1.com,https://sq-pay.co,М*** П.,Вайлдберриз ,2026-07-13T21:02:34.440601+00:00
gsheets-p2p-drops-fevral-2026,Карты,2026-07-01,card,220030******3203,220030,МИР,,Lissx,https://lissx.win,https://pay.hh-processing.com,А*** С.,Райффайзенбанк,2026-07-13T21:02:34.441601+00:00
gsheets-p2p-drops-fevral-2026,Карты,2026-07-01,card,220423******8259,220423,МИР,,Lissx,https://lissx.win,https://pay.hh-processing.com,Т*** Н.,Вайлдберриз,2026-07-13T21:02:34.444109+00:00
gsheets-p2p-drops-fevral-2026,Карты,2026-07-01,card,220423******8393,220423,МИР,,Lissx,https://lissx.win,https://pay.hh-processing.com,М*** Ш.,Вайлдберриз,2026-07-13T21:02:34.446620+00:00
gsheets-p2p-drops-fevral-2026,Карты,2026-07-01,card,220423******2296,220423,МИР,,Lissx,https://lissx.win,https://pay.hh-processing.com,М*** П.,Вайлдберриз,2026-07-13T21:02:34.448928+00:00
gsheets-p2p-drops-fevral-2026,Карты,2026-07-01,card,220423******8542,220423,МИР,,Lissx,https://lissx.win,https://pay.hh-processing.com,Г*** Б.,Вайлдберриз,2026-07-13T21:02:34.451022+00:00
gsheets-p2p-drops-fevral-2026,Карты,2026-07-01,card,220423******7580,220423,МИР,,Lissx,https://lissx.win,https://pay.hh-processing.com,В*** Я.,Вайлдберриз,2026-07-13T21:02:34.453098+00:00
gsheets-p2p-drops-fevral-2026,Карты,2026-07-01,card,220423******6669,220423,МИР,,Lissx,https://lissx.win,https://pay.hh-processing.com,Ш*** Д.,Вайлдберриз,2026-07-13T21:02:34.454648+00:00
gsheets-p2p-drops-fevral-2026,Карты,2026-07-01,card,220423******4639,220423,МИР,,Lissx,https://lissx.win,https://pay.hh-processing.com,А*** П.,Вайлдберриз,2026-07-13T21:02:34.456717+00:00
gsheets-p2p-drops-fevral-2026,Карты,2026-07-01,card,220423******6329,220423,МИР,,Lissx,https://lissx.win,https://pay.hh-processing.com,И*** У.,Вайлдберриз,2026-07-13T21:02:34.458262+00:00
gsheets-p2p-drops-fevral-2026,Карты,2026-07-01,card,220423******8211,220423,МИР,,Lissx,https://lissx.win,https://pay.hh-processing.com,А*** Г.,Вайлдберриз,2026-07-13T21:02:34.460266+00:00
gsheets-p2p-drops-fevral-2026,Карты,2026-07-01,card,220423******4092,220423,МИР,,Lissx,https://lissx.win,https://pay.hh-processing.com,И*** Р.,Вайлдберриз,2026-07-13T21:02:34.461268+00:00
gsheets-p2p-drops-fevral-2026,Карты,2026-07-01,card,220423******9852,220423,МИР,,Lissx,https://lissx.win,https://pay.hh-processing.com,Д*** К.,Вайлдберриз,2026-07-13T21:02:34.463780+00:00
gsheets-p2p-drops-fevral-2026,Карты,2026-07-01,card,220423******0662,220423,МИР,,Lissx,https://lissx.win,https://pay.hh-processing.com,Д*** Б.,Вайлдберриз,2026-07-13T21:02:34.466287+00:00
gsheets-p2p-drops-fevral-2026,Карты,2026-07-01,card,220423******9408,220423,МИР,,Lissx,https://lissx.win,https://pay.hh-processing.com,К*** О.,Вайлдберриз,2026-07-13T21:02:34.467286+00:00
gsheets-p2p-drops-fevral-2026,Карты,2026-07-01,card,220423******8069,220423,МИР,,Lissx,https://lissx.win,https://pay.hh-processing.com,М*** А.,Вайлдберриз,2026-07-13T21:02:34.469285+00:00
gsheets-p2p-drops-fevral-2026,Карты,2026-07-01,card,220423******6739,220423,МИР,,Lissx,https://lissx.win,https://pay.hh-processing.com,А*** Х.,Вайлдберриз,2026-07-13T21:02:34.471285+00:00
gsheets-p2p-drops-fevral-2026,Карты,2026-07-01,card,220423******7876,220423,МИР,,Lissx,https://lissx.win,https://pay.hh-processing.com,С*** И.,Вайлдберриз,2026-07-13T21:02:34.473792+00:00
gsheets-p2p-drops-fevral-2026,Карты,2026-07-01,card,220423******9869,220423,МИР,,Lissx,https://lissx.win,https://pay.hh-processing.com,С*** О.,Вайлдберриз,2026-07-13T21:02:34.475297+00:00
gsheets-p2p-drops-fevral-2026,Карты,2026-07-01,card,220423******7110,220423,МИР,,Lissx,https://lissx.win,https://pay.hh-processing.com,П*** К.,Вайлдберриз,2026-07-13T21:02:34.477301+00:00
gsheets-p2p-drops-fevral-2026,Карты,2026-07-01,card,220423******9041,220423,МИР,,Lissx,https://lissx.win,https://pay.hh-processing.com,Ш*** В.,Вайлдберриз,2026-07-13T21:02:34.479300+00:00
gsheets-p2p-drops-fevral-2026,Карты,2026-07-01,card,220423******1708,220423,МИР,,Lissx,https://lissx.win,https://pay.hh-processing.com,С*** В.,Вайлдберриз,2026-07-13T21:02:34.481300+00:00
gsheets-p2p-drops-fevral-2026,Карты,2026-07-01,card,220423******5963,220423,МИР,,Lissx,https://lissx.win,https://pay.hh-processing.com,Х*** К.,Вайлдберриз,2026-07-13T21:02:34.483807+00:00
gsheets-p2p-drops-fevral-2026,Карты,2026-07-01,card,220070******2252,220070,МИР,,Neonclub,https://neonclub42.pro,https://pay.skycryptome.com,,Т-Банк,2026-07-13T21:02:34.485311+00:00
gsheets-p2p-drops-fevral-2026,Карты,2026-07-01,card,220220******9034,220220,МИР,,Neonclub,https://neonclub42.pro,https://pay.skycryptome.com,,Сбербанк,2026-07-13T21:02:34.488316+00:00
gsheets-p2p-drops-fevral-2026,Карты,2026-07-01,card,220220******9949,220220,МИР,,Neonclub,https://neonclub42.pro,https://pay.skycryptome.com,,Сбербанк,2026-07-13T21:02:34.490317+00:00
gsheets-p2p-drops-fevral-2026,Карты,2026-07-01,card,220015******9780,220015,МИР,,riobet,https://rbt-rtk-173.com,https://wavemailboxes.com,,Альфа-Банк,2026-07-13T21:02:34.492820+00:00
gsheets-p2p-drops-fevral-2026,Карты,2026-07-01,card,220423******8259,220423,МИР,,riobet,https://rbt-rtk-173.com,https://wavemailboxes.com,,"(скрыто: похоже на ФИО, не банк)",2026-07-13T21:02:34.495330+00:00
gsheets-p2p-drops-fevral-2026,Карты,2026-07-01,card,220423******5734,220423,МИР,,riobet,https://rbt-rtk-173.com,https://wavemailboxes.com,,"(скрыто: похоже на ФИО, не банк)",2026-07-13T21:02:34.497335+00:00
gsheets-p2p-drops-fevral-2026,Карты,2026-07-01,card,220423******7953,220423,МИР,,riobet,https://rbt-rtk-173.com,https://wavemailboxes.com,,"(скрыто: похоже на ФИО, не банк)",2026-07-13T21:02:34.500336+00:00
gsheets-p2p-drops-fevral-2026,Карты,2026-07-01,card,220432******9683,220432,МИР,,riobet,https://rbt-rtk-173.com,https://wavemailboxes.com,,Ozon ,2026-07-13T21:02:34.502838+00:00
gsheets-p2p-drops-fevral-2026,Карты,2026-07-01,card,220070******6424,220070,МИР,,selector,https://selector497.gg,https://fastpropay247.com,Г*** Р.,Тинькофф,2026-07-13T21:02:34.505350+00:00
gsheets-p2p-drops-fevral-2026,Карты,2026-07-01,card,220147******9609,220147,МИР,,selector,https://selector497.gg,https://fastpropay247.com,Г*** П.,Экспобанк,2026-07-13T21:02:34.506358+00:00
gsheets-p2p-drops-fevral-2026,Карты,2026-07-01,card,220423******6025,220423,МИР,,selector,https://selector497.gg,https://fastpropay247.com,В*** Г.,"(скрыто: похоже на ФИО, не банк)",2026-07-13T21:02:34.508867+00:00
gsheets-p2p-drops-fevral-2026,Карты,2026-07-01,card,220423******3718,220423,МИР,,selector,https://selector497.gg,https://fastpropay247.com,Н*** В.,"(скрыто: похоже на ФИО, не банк)",2026-07-13T21:02:34.510866+00:00
gsheets-p2p-drops-fevral-2026,Карты,2026-07-01,card,220423******3718,220423,МИР,,selector,https://selector497.gg,https://fastpropay247.com,Н*** В.,wildberries-bank,2026-07-13T21:02:34.512867+00:00
gsheets-p2p-drops-fevral-2026,Карты,2026-07-01,card,220423******4260,220423,МИР,,selector,https://selector497.gg,https://fastpropay247.com,А*** Ф.,"(скрыто: похоже на ФИО, не банк)",2026-07-13T21:02:34.515429+00:00
gsheets-p2p-drops-fevral-2026,Карты,2026-07-01,card,220070******7524,220070,МИР,,turbo,https://turbo-casino115.gg,https://fastpropay247.com,М*** М.,Тинькофф,2026-07-13T21:02:34.517436+00:00
gsheets-p2p-drops-fevral-2026,Карты,2026-07-01,card,220423******2107,220423,МИР,,turbo,https://turbo-casino115.gg,https://fastpropay247.com,В*** М.,"(скрыто: похоже на ФИО, не банк)",2026-07-13T21:02:34.519434+00:00
gsheets-p2p-drops-fevral-2026,Карты,2026-07-01,card,220423******6025,220423,МИР,,turbo,https://turbo-casino115.gg,https://fastpropay247.com,В*** Г.,"(скрыто: похоже на ФИО, не банк)",2026-07-13T21:02:34.521434+00:00
gsheets-p2p-drops-fevral-2026,Карты,2026-07-01,card,220423******3718,220423,МИР,,turbo,https://turbo-casino115.gg,https://fastpropay247.com,Н*** В.,"(скрыто: похоже на ФИО, не банк)",2026-07-13T21:02:34.523943+00:00
gsheets-p2p-drops-fevral-2026,Карты,2026-07-01,card,220432******2838,220432,МИР,,turbo,https://turbo-casino115.gg,https://fastpropay247.com,М*** М.,Тинькофф,2026-07-13T21:02:34.525447+00:00
gsheets-p2p-drops-fevral-2026,Карты,2026-07-02,card,220220******3449,220220,МИР,,Auf,https://aufcasinobase.com,https://h2h-pur.org,П*** В.,Сбербанк,2026-07-13T21:02:34.527452+00:00
gsheets-p2p-drops-fevral-2026,Карты,2026-07-02,card,220423******2541,220423,МИР,,Auf,https://aufcasinobase.com,https://h2h-pur.org,А*** П.,wildberries,2026-07-13T21:02:34.529450+00:00
gsheets-p2p-drops-fevral-2026,Карты,2026-07-02,card,220423******7119,220423,МИР,,Auf,https://aufcasinobase.com,https://h2h-pur.org,А*** Б.,wildberries,2026-07-13T21:02:34.531451+00:00
gsheets-p2p-drops-fevral-2026,Карты,2026-07-02,card,220423******8315,220423,МИР,,Auf,https://aufcasinobase.com,https://h2h-pur.org,М*** Э.,wildberries,2026-07-13T21:02:34.533960+00:00
gsheets-p2p-drops-fevral-2026,Карты,2026-07-02,card,220423******9401,220423,МИР,,Auf,https://aufcasinobase.com,https://h2h-pur.org,П*** А.,wildberries,2026-07-13T21:02:34.535463+00:00
gsheets-p2p-drops-fevral-2026,Карты,2026-07-02,card,220423******7883,220423,МИР,,Auf,https://aufcasinobase.com,https://h2h-pur.org,А*** Р.,wildberries,2026-07-13T21:02:34.537468+00:00
gsheets-p2p-drops-fevral-2026,Карты,2026-07-02,card,220423******1131,220423,МИР,,Auf,https://aufcasinobase.com,https://h2h-pur.org,Д*** А.,wildberries,2026-07-13T21:02:34.539468+00:00
gsheets-p2p-drops-fevral-2026,Карты,2026-07-02,card,220423******5210,220423,МИР,,Auf,https://aufcasinobase.com,https://h2h-pur.org,М*** Э.,wildberries,2026-07-13T21:02:34.541467+00:00
gsheets-p2p-drops-fevral-2026,Карты,2026-07-02,card,220423******9050,220423,МИР,,Auf,https://aufcasinobase.com,https://h2h-pur.org,Д*** Ч.,wildberries,2026-07-13T21:02:34.543978+00:00
gsheets-p2p-drops-fevral-2026,Карты,2026-07-02,card,220423******1632,220423,МИР,,Auf,https://aufcasinobase.com,https://h2h-pur.org,П*** И.,wildberries,2026-07-13T21:02:34.545481+00:00
gsheets-p2p-drops-fevral-2026,Карты,2026-07-02,card,220423******6845,220423,МИР,,Auf,https://aufcasinobase.com,https://h2h-pur.org,Ш*** М.,wildberries,2026-07-13T21:02:34.547485+00:00
gsheets-p2p-drops-fevral-2026,Карты,2026-07-02,card,220423******0520,220423,МИР,,Auf,https://aufcasinobase.com,https://h2h-pur.org,Р*** Ш.,wildberries,2026-07-13T21:02:34.549485+00:00
gsheets-p2p-drops-fevral-2026,Карты,2026-07-02,card,220147******3324,220147,МИР,,blitz,https://blitz19.red,https://fastpropay247.com,А*** Ю.,Экспобанк,2026-07-13T21:02:34.551486+00:00
gsheets-p2p-drops-fevral-2026,Карты,2026-07-02,card,220147******3324,220147,МИР,,blitz,https://blitz19.red,https://fastpropay247.com,А*** Ю.,Экспобанк,2026-07-13T21:02:34.553506+00:00
gsheets-p2p-drops-fevral-2026,Карты,2026-07-02,card,220147******3324,220147,МИР,,blitz,https://blitz19.red,https://fastpropay247.com,А*** Ю.,Экспобанк,2026-07-13T21:02:34.555511+00:00
gsheets-p2p-drops-fevral-2026,Карты,2026-07-02,card,220220******3354,220220,МИР,,blitz,https://blitz19.red,https://fastpropay247.com,Ш*** М.,Сбербанк,2026-07-13T21:02:34.558510+00:00
gsheets-p2p-drops-fevral-2026,Карты,2026-07-02,card,220220******3354,220220,МИР,,blitz,https://blitz19.red,https://fastpropay247.com,Ш*** М.,Сбербанк,2026-07-13T21:02:34.560509+00:00
gsheets-p2p-drops-fevral-2026,Карты,2026-07-02,card,220070******7179,220070,МИР,,bounty,https://bounty-casino70.com,https://fastpropay247.com,Х*** И.,Тинькофф,2026-07-13T21:02:34.561509+00:00
gsheets-p2p-drops-fevral-2026,Карты,2026-07-02,card,220070******7179,220070,МИР,,bounty,https://bounty-casino70.com,https://fastpropay247.com,Х*** И.,Тинькофф,2026-07-13T21:02:34.564015+00:00
gsheets-p2p-drops-fevral-2026,Карты,2026-07-02,card,220220******3354,220220,МИР,,bounty,https://bounty-casino70.com,https://fastpropay247.com,Ш*** М.,Сбербанк,2026-07-13T21:02:34.566520+00:00
gsheets-p2p-drops-fevral-2026,Карты,2026-07-02,card,220220******3354,220220,МИР,,brillx,https://brillx99.gg,https://fastpropay247.com,Ш*** М.,Сбербанк,2026-07-13T21:02:34.568520+00:00
gsheets-p2p-drops-fevral-2026,Карты,2026-07-02,card,220003******1493,220003,МИР,,Casher,https://casher36.win,https://casher36.win,Ч*** Е.,Промсвязьбанк,2026-07-13T21:02:34.571520+00:00
gsheets-p2p-drops-fevral-2026,Карты,2026-07-02,card,220003******2965,220003,МИР,,Casher,https://casher36.win,https://casher36.win,К*** В.,Промсвязьбанк,2026-07-13T21:02:34.573022+00:00
gsheets-p2p-drops-fevral-2026,Карты,2026-07-02,card,220003******9402,220003,МИР,,Casher,https://casher36.win,https://casher36.win,О*** П.,Прмсвязьбанк,2026-07-13T21:02:34.575529+00:00
gsheets-p2p-drops-fevral-2026,Карты,2026-07-02,card,220015******9103,220015,МИР,,Casher,https://casher36.win,https://casher36.win,Л*** С.,Альфа-Банк,2026-07-13T21:02:34.577533+00:00
gsheets-p2p-drops-fevral-2026,Карты,2026-07-02,card,220070******5450,220070,МИР,,Casher,https://casher36.win,https://casher36.win,М*** И.,Т-Банк,2026-07-13T21:02:34.580533+00:00
gsheets-p2p-drops-fevral-2026,Карты,2026-07-02,card,220070******7639,220070,МИР,,Casher,https://casher36.win,https://casher36.win,Г*** В.,Т-Банк,2026-07-13T21:02:34.581533+00:00
gsheets-p2p-drops-fevral-2026,Карты,2026-07-02,card,220070******0595,220070,МИР,,Casher,https://casher36.win,https://casher36.win,Ч*** Е.,Т-Банк,2026-07-13T21:02:34.584038+00:00
gsheets-p2p-drops-fevral-2026,Карты,2026-07-02,card,220220******0232,220220,МИР,,Casher,https://casher36.win,https://casher36.win,П*** Г.,Сбербанк,2026-07-13T21:02:34.586544+00:00
gsheets-p2p-drops-fevral-2026,Карты,2026-07-02,card,220220******8484,220220,МИР,,Casher,https://casher36.win,https://casher36.win,Б*** Д.,Сбербанк,2026-07-13T21:02:34.588544+00:00
gsheets-p2p-drops-fevral-2026,Карты,2026-07-02,card,220220******0972,220220,МИР,,Casher,https://casher36.win,https://casher36.win,А*** Д.,Сбербанк,2026-07-13T21:02:34.590545+00:00
gsheets-p2p-drops-fevral-2026,Карты,2026-07-02,card,220220******5465,220220,МИР,,Casher,https://casher36.win,https://casher36.win,Р*** А.,Сбербанк,2026-07-13T21:02:34.591546+00:00
gsheets-p2p-drops-fevral-2026,Карты,2026-07-02,card,220220******6419,220220,МИР,,Casher,https://casher36.win,https://casher36.win,м*** а.,Сбербанк,2026-07-13T21:02:34.594057+00:00
gsheets-p2p-drops-fevral-2026,Карты,2026-07-02,card,220220******3612,220220,МИР,,Casher,https://casher36.win,https://casher36.win,п*** д.,Сбербанк,2026-07-13T21:02:34.596563+00:00
gsheets-p2p-drops-fevral-2026,Карты,2026-07-02,card,220423******3726,220423,МИР,,Casher,https://casher36.win,https://casher36.win,R***,"(скрыто: похоже на ФИО, не банк)",2026-07-13T21:02:34.598564+00:00
gsheets-p2p-drops-fevral-2026,Карты,2026-07-02,card,220423******7709,220423,МИР,,Casher,https://casher36.win,https://casher36.win,М*** А.,"(скрыто: похоже на ФИО, не банк)",2026-07-13T21:02:34.600563+00:00
gsheets-p2p-drops-fevral-2026,Карты,2026-07-02,card,220423******8621,220423,МИР,,Casher,https://casher36.win,https://casher36.win,М*** К.,"(скрыто: похоже на ФИО, не банк)",2026-07-13T21:02:34.601565+00:00
gsheets-p2p-drops-fevral-2026,Карты,2026-07-02,card,220423******5417,220423,МИР,,Casher,https://casher36.win,https://casher36.win,Г*** Г.,"(скрыто: похоже на ФИО, не банк)",2026-07-13T21:02:34.604075+00:00
gsheets-p2p-drops-fevral-2026,Карты,2026-07-02,card,220423******4703,220423,МИР,,Casher,https://casher36.win,https://casher36.win,А*** А.,"(скрыто: похоже на ФИО, не банк)",2026-07-13T21:02:34.606584+00:00
gsheets-p2p-drops-fevral-2026,Карты,2026-07-02,card,220423******0282,220423,МИР,,Casher,https://casher36.win,https://casher36.win,Х*** Г.,"(скрыто: похоже на ФИО, не банк)",2026-07-13T21:02:34.609093+00:00
gsheets-p2p-drops-fevral-2026,Карты,2026-07-02,card,220423******0626,220423,МИР,,Casher,https://casher36.win,https://casher36.win,Д*** А.,"(скрыто: похоже на ФИО, не банк)",2026-07-13T21:02:34.611093+00:00
gsheets-p2p-drops-fevral-2026,Карты,2026-07-02,card,220423******1105,220423,МИР,,Casher,https://casher36.win,https://casher36.win,Д*** Я.,"(скрыто: похоже на ФИО, не банк)",2026-07-13T21:02:34.613093+00:00
gsheets-p2p-drops-fevral-2026,Карты,2026-07-02,card,220423******5756,220423,МИР,,Casher,https://casher36.win,https://casher36.win,И*** Г.,"(скрыто: похоже на ФИО, не банк)",2026-07-13T21:02:34.614168+00:00
gsheets-p2p-drops-fevral-2026,Карты,2026-07-02,card,220423******1331,220423,МИР,,Casher,https://casher36.win,https://casher36.win,М*** Ш.,"(скрыто: похоже на ФИО, не банк)",2026-07-13T21:02:34.616678+00:00
gsheets-p2p-drops-fevral-2026,Карты,2026-07-02,card,220423******2768,220423,МИР,,Casher,https://casher36.win,https://casher36.win,М*** П.,"(скрыто: похоже на ФИО, не банк)",2026-07-13T21:02:34.619678+00:00
gsheets-p2p-drops-fevral-2026,Карты,2026-07-02,card,220423******4760,220423,МИР,,Casher,https://casher36.win,https://casher36.win,Д*** С.,"(скрыто: похоже на ФИО, не банк)",2026-07-13T21:02:34.621678+00:00
gsheets-p2p-drops-fevral-2026,Карты,2026-07-02,card,220423******1079,220423,МИР,,Casher,https://casher36.win,https://casher36.win,Ю*** Б.,"(скрыто: похоже на ФИО, не банк)",2026-07-13T21:02:34.623181+00:00
gsheets-p2p-drops-fevral-2026,Карты,2026-07-02,card,220423******4673,220423,МИР,,Casher,https://casher36.win,https://casher36.win,К*** М.,"(скрыто: похоже на ФИО, не банк)",2026-07-13T21:02:34.625690+00:00
gsheets-p2p-drops-fevral-2026,Карты,2026-07-02,card,220423******7244,220423,МИР,,Casher,https://casher36.win,https://casher36.win,ж*** М.,"(скрыто: похоже на ФИО, не банк)",2026-07-13T21:02:34.627694+00:00
gsheets-p2p-drops-fevral-2026,Карты,2026-07-02,card,220423******7421,220423,МИР,,Casher,https://casher36.win,https://casher36.win,А***,"(скрыто: похоже на ФИО, не банк)",2026-07-13T21:02:34.629695+00:00
gsheets-p2p-drops-fevral-2026,Карты,2026-07-02,card,220423******7520,220423,МИР,,Casher,https://casher36.win,https://casher36.win,Р***,"(скрыто: похоже на ФИО, не банк)",2026-07-13T21:02:34.631695+00:00
gsheets-p2p-drops-fevral-2026,Карты,2026-07-02,card,220423******1838,220423,МИР,,Casher,https://casher36.win,https://casher36.win,А*** А.,"(скрыто: похоже на ФИО, не банк)",2026-07-13T21:02:34.634201+00:00
gsheets-p2p-drops-fevral-2026,Карты,2026-07-02,card,220423******7404,220423,МИР,,Casher,https://casher36.win,https://casher36.win,К*** А.,"(скрыто: похоже на ФИО, не банк)",2026-07-13T21:02:34.636847+00:00
gsheets-p2p-drops-fevral-2026,Карты,2026-07-02,card,220423******5066,220423,МИР,,Casher,https://casher36.win,https://casher36.win,Э*** Ч.,"(скрыто: похоже на ФИО, не банк)",2026-07-13T21:02:34.638975+00:00
gsheets-p2p-drops-fevral-2026,Карты,2026-07-02,card,220423******9324,220423,МИР,,Casher,https://casher36.win,https://casher36.win,М*** В.,"(скрыто: похоже на ФИО, не банк)",2026-07-13T21:02:34.641070+00:00
gsheets-p2p-drops-fevral-2026,Карты,2026-07-02,card,220423******9041,220423,МИР,,Casher,https://casher36.win,https://casher36.win,Ш*** В.,"(скрыто: похоже на ФИО, не банк)",2026-07-13T21:02:34.643142+00:00
gsheets-p2p-drops-fevral-2026,Карты,2026-07-02,card,220423******1708,220423,МИР,,Casher,https://casher36.win,https://casher36.win,С*** В.,"(скрыто: похоже на ФИО, не банк)",2026-07-13T21:02:34.645225+00:00
gsheets-p2p-drops-fevral-2026,Карты,2026-07-02,card,220439******0236,220439,МИР,,Casher,https://casher36.win,https://casher36.win,К*** В.,"(скрыто: похоже на ФИО, не банк)",2026-07-13T21:02:34.647306+00:00
gsheets-p2p-drops-fevral-2026,Карты,2026-07-02,card,220439******5409,220439,МИР,,Casher,https://casher36.win,https://casher36.win,С*** П.,"(скрыто: похоже на ФИО, не банк)",2026-07-13T21:02:34.648833+00:00
gsheets-p2p-drops-fevral-2026,Карты,2026-07-02,card,220003******1182,220003,МИР,,friends,https://friends-casino244.com,https://fastpropay247.com,Е*** А.,Промсвязьбанк,2026-07-13T21:02:34.650834+00:00
gsheets-p2p-drops-fevral-2026,Карты,2026-07-02,card,220070******7179,220070,МИР,,friends,https://friends-casino244.com,https://fastpropay247.com,Х*** И.,Тинькофф,2026-07-13T21:02:34.652834+00:00
gsheets-p2p-drops-fevral-2026,Карты,2026-07-02,card,220070******7179,220070,МИР,,friends,https://friends-casino244.com,https://fastpropay247.com,Х*** И.,Тинькофф,2026-07-13T21:02:34.655420+00:00
gsheets-p2p-drops-fevral-2026,Карты,2026-07-02,card,220147******3324,220147,МИР,,friends,https://friends-casino244.com,https://fastpropay247.com,А*** Ю.,Экспобанк,2026-07-13T21:02:34.657424+00:00
gsheets-p2p-drops-fevral-2026,Карты,2026-07-02,card,220147******3324,220147,МИР,,friends,https://friends-casino244.com,https://fastpropay247.com,А*** Ю.,Экспобанк,2026-07-13T21:02:34.659424+00:00
gsheets-p2p-drops-fevral-2026,Карты,2026-07-02,card,220156******4522,220156,МИР,,Lissx,https://lissx.win,https://pay.hh-processing.com,С*** Н.,"(скрыто: похоже на ФИО, не банк)",2026-07-13T21:02:34.661424+00:00
gsheets-p2p-drops-fevral-2026,Карты,2026-07-02,card,220423******7193,220423,МИР,,Lissx,https://lissx.win,https://pay.hh-processing.com,Д*** А.,Вайлдберриз,2026-07-13T21:02:34.663931+00:00
gsheets-p2p-drops-fevral-2026,Карты,2026-07-02,card,220423******0169,220423,МИР,,Lissx,https://lissx.win,https://pay.hh-processing.com,В*** М.,Вайлдберриз,2026-07-13T21:02:34.665436+00:00
gsheets-p2p-drops-fevral-2026,Карты,2026-07-02,card,220423******8722,220423,МИР,,Lissx,https://lissx.win,https://pay.hh-processing.com,В*** М.,Вайлдберриз,2026-07-13T21:02:34.667440+00:00
gsheets-p2p-drops-fevral-2026,Карты,2026-07-02,card,220423******1643,220423,МИР,,Lissx,https://lissx.win,https://pay.hh-processing.com,К*** П.,Вайлдберриз,2026-07-13T21:02:34.669440+00:00
gsheets-p2p-drops-fevral-2026,Карты,2026-07-02,card,220003******1493,220003,МИР,,riobet,https://rbt-rtk-173.com,https://wavemailboxes.com,,Промсвязьбанк,2026-07-13T21:02:34.671440+00:00
gsheets-p2p-drops-fevral-2026,Карты,2026-07-02,card,220220******9819,220220,МИР,,riobet,https://rbt-rtk-173.com,https://wavemailboxes.com,,Сбербанк,2026-07-13T21:02:34.673948+00:00
gsheets-p2p-drops-fevral-2026,Карты,2026-07-02,card,220220******3612,220220,МИР,,riobet,https://rbt-rtk-173.com,https://wavemailboxes.com,,Сбербанк,2026-07-13T21:02:34.675451+00:00
gsheets-p2p-drops-fevral-2026,Карты,2026-07-02,card,220423******1982,220423,МИР,,riobet,https://rbt-rtk-173.com,https://wavemailboxes.com,,"(скрыто: похоже на ФИО, не банк)",2026-07-13T21:02:34.677456+00:00
gsheets-p2p-drops-fevral-2026,Карты,2026-07-02,card,220423******4757,220423,МИР,,riobet,https://rbt-rtk-173.com,https://wavemailboxes.com,,"(скрыто: похоже на ФИО, не банк)",2026-07-13T21:02:34.679457+00:00
gsheets-p2p-drops-fevral-2026,Карты,2026-07-02,card,220423******1563,220423,МИР,,riobet,https://rbt-rtk-173.com,https://wavemailboxes.com,,"(скрыто: похоже на ФИО, не банк)",2026-07-13T21:02:34.681457+00:00
gsheets-p2p-drops-fevral-2026,Карты,2026-07-02,card,220423******4351,220423,МИР,,riobet,https://rbt-rtk-173.com,https://wavemailboxes.com,,"(скрыто: похоже на ФИО, не банк)",2026-07-13T21:02:34.683998+00:00
gsheets-p2p-drops-fevral-2026,Карты,2026-07-02,card,220015******2273,220015,МИР,,Riobet,https://rbt-nrf-261b.com,https://wavemailboxes.com,Щ*** А.,Альфа,2026-07-13T21:02:34.686694+00:00
gsheets-p2p-drops-fevral-2026,Карты,2026-07-02,card,220015******3849,220015,МИР,,Riobet,https://rbt-nrf-261b.com,https://wavemailboxes.com,,Альфа,2026-07-13T21:02:34.688254+00:00
gsheets-p2p-drops-fevral-2026,Карты,2026-07-02,card,220220******2384,220220,МИР,,Riobet,https://rbt-nrf-261b.com,https://wavemailboxes.com,,Сбербанк,2026-07-13T21:02:34.690838+00:00
gsheets-p2p-drops-fevral-2026,Карты,2026-07-02,card,220220******0566,220220,МИР,,Riobet,https://rbt-nrf-261b.com,https://wavemailboxes.com,,Сбербанк,2026-07-13T21:02:34.692900+00:00
gsheets-p2p-drops-fevral-2026,Карты,2026-07-02,card,220423******0393,220423,МИР,,Riobet,https://rbt-nrf-261b.com,https://wavemailboxes.com,,Wildberries ,2026-07-13T21:02:34.693935+00:00
gsheets-p2p-drops-fevral-2026,Карты,2026-07-02,card,220431******2561,220431,МИР,,Riobet,https://rbt-nrf-261b.com,https://wavemailboxes.com,,Яндекс ,2026-07-13T21:02:34.696451+00:00
gsheets-p2p-drops-fevral-2026,Карты,2026-07-02,card,220003******1182,220003,МИР,,selector,https://selector497.gg,https://fastpropay247.com,Е*** А.,Промсвязьбанк,2026-07-13T21:02:34.698452+00:00
gsheets-p2p-drops-fevral-2026,Карты,2026-07-02,card,220003******1182,220003,МИР,,selector,https://selector497.gg,https://fastpropay247.com,Е*** А.,Промсвязьбанк,2026-07-13T21:02:34.700452+00:00
gsheets-p2p-drops-fevral-2026,Карты,2026-07-02,card,220423******0482,220423,МИР,,Sol,https://casino-sol6.com,https://sq-pay.co,Р*** Ю.,Вайлдберриз ,2026-07-13T21:02:34.702957+00:00
gsheets-p2p-drops-fevral-2026,Карты,2026-07-02,card,220220******3354,220220,МИР,,turbo,https://turbo-casino115.gg,https://fastpropay247.com,Ш*** М.,Сбербанк,2026-07-13T21:02:34.705466+00:00
gsheets-p2p-drops-fevral-2026,Карты,2026-07-02,card,220070******4800,220070,МИР,,Vodka,https://vodka4tvd.com,https://vodka4tvd.com,К*** В.,Тинькофф ,2026-07-13T21:02:34.707977+00:00
gsheets-p2p-drops-fevral-2026,Карты,2026-07-02,card,220070******8140,220070,МИР,,Vodka,https://vodka4tvd.com,https://vodka4tvd.com,Е*** Е.,Тинькофф ,2026-07-13T21:02:34.709984+00:00
gsheets-p2p-drops-fevral-2026,Карты,2026-07-02,card,220220******1548,220220,МИР,,Vodka,https://vodka4tvd.com,https://vodka4tvd.com,А*** Д.,Сбербанк,2026-07-13T21:02:34.711986+00:00
gsheets-p2p-drops-fevral-2026,Карты,2026-07-02,card,220220******0652,220220,МИР,,Vodka,https://vodka4tvd.com,https://vodka4tvd.com,М*** Ф.,Сбербанк,2026-07-13T21:02:34.714312+00:00
gsheets-p2p-drops-fevral-2026,Карты,2026-07-02,card,220220******9177,220220,МИР,,Vodka,https://vodka4tvd.com,https://vodka4tvd.com,,Сбербанк,2026-07-13T21:02:34.717311+00:00
gsheets-p2p-drops-fevral-2026,Карты,2026-07-02,card,220423******7466,220423,МИР,,Vodka,https://vodka4tvd.com,https://vodka4tvd.com,К*** Д.,Вайлдберриз ,2026-07-13T21:02:34.719312+00:00
gsheets-p2p-drops-fevral-2026,Карты,2026-07-02,card,220423******7812,220423,МИР,,Vodka,https://vodka4tvd.com,https://vodka4tvd.com,Н*** К.,Вайлдберриз ,2026-07-13T21:02:34.721311+00:00
gsheets-p2p-drops-fevral-2026,Карты,2026-07-02,card,220423******0111,220423,МИР,,Vodka,https://vodka4tvd.com,https://vodka4tvd.com,Р*** Д.,Вайлдберриз ,2026-07-13T21:02:34.723818+00:00
gsheets-p2p-drops-fevral-2026,Карты,2026-07-02,card,220423******3763,220423,МИР,,Vodka,https://vodka4tvd.com,https://vodka4tvd.com,Г***,Вайлдберриз ,2026-07-13T21:02:34.725321+00:00
gsheets-p2p-drops-fevral-2026,Карты,2026-07-02,card,220423******0389,220423,МИР,,Vodka,https://vodka4tvd.com,https://vodka4tvd.com,А***,Вайлдберриз ,2026-07-13T21:02:34.727326+00:00
gsheets-p2p-drops-fevral-2026,Карты,2026-07-03,card,220003******1182,220003,МИР,,blitz,https://blitz19.red,https://fastpropay247.com,Е*** А.,Промсвязьбанк,2026-07-13T21:02:34.729326+00:00
gsheets-p2p-drops-fevral-2026,Карты,2026-07-03,card,220070******3114,220070,МИР,,blitz,https://blitz19.red,https://fastpropay247.com,К*** Д.,Тинькофф,2026-07-13T21:02:34.731330+00:00
gsheets-p2p-drops-fevral-2026,Карты,2026-07-03,card,220070******7179,220070,МИР,,blitz,https://blitz19.red,https://fastpropay247.com,Х*** И.,Тинькофф,2026-07-13T21:02:34.733838+00:00
gsheets-p2p-drops-fevral-2026,Карты,2026-07-03,card,220070******7179,220070,МИР,,blitz,https://blitz19.red,https://fastpropay247.com,Х*** И.,Тинькофф,2026-07-13T21:02:34.735342+00:00
gsheets-p2p-drops-fevral-2026,Карты,2026-07-03,card,220070******7179,220070,МИР,,blitz,https://blitz19.red,https://fastpropay247.com,Х*** И.,Тинькофф,2026-07-13T21:02:34.737346+00:00
gsheets-p2p-drops-fevral-2026,Карты,2026-07-03,card,220070******1542,220070,МИР,,blitz,https://blitz19.red,https://fastpropay247.com,Л*** Б.,Тинькофф,2026-07-13T21:02:34.739386+00:00
gsheets-p2p-drops-fevral-2026,Карты,2026-07-03,card,220070******1542,220070,МИР,,blitz,https://blitz19.red,https://fastpropay247.com,Л*** Б.,Тинькофф,2026-07-13T21:02:34.741345+00:00
gsheets-p2p-drops-fevral-2026,Карты,2026-07-03,card,220070******1331,220070,МИР,,blitz,https://blitz19.red,https://fastpropay247.com,М*** А.,Тинькофф,2026-07-13T21:02:34.743851+00:00
gsheets-p2p-drops-fevral-2026,Карты,2026-07-03,card,220220******3354,220220,МИР,,blitz,https://blitz19.red,https://fastpropay247.com,Ш*** М.,Сбербанк,2026-07-13T21:02:34.746355+00:00
gsheets-p2p-drops-fevral-2026,Карты,2026-07-03,card,220423******2107,220423,МИР,,blitz,https://blitz19.red,https://fastpropay247.com,В*** М.,"(скрыто: похоже на ФИО, не банк)",2026-07-13T21:02:34.748357+00:00
gsheets-p2p-drops-fevral-2026,Карты,2026-07-03,card,220423******2107,220423,МИР,,blitz,https://blitz19.red,https://fastpropay247.com,В*** М.,"(скрыто: похоже на ФИО, не банк)",2026-07-13T21:02:34.750357+00:00
gsheets-p2p-drops-fevral-2026,Карты,2026-07-03,card,220423******2107,220423,МИР,,blitz,https://blitz19.red,https://fastpropay247.com,В*** М.,"(скрыто: похоже на ФИО, не банк)",2026-07-13T21:02:34.751356+00:00
gsheets-p2p-drops-fevral-2026,Карты,2026-07-03,card,220423******2128,220423,МИР,,blitz,https://blitz19.red,https://fastpropay247.com,К*** Р.,"(скрыто: похоже на ФИО, не банк)",2026-07-13T21:02:34.753864+00:00
gsheets-p2p-drops-fevral-2026,Карты,2026-07-03,card,220423******2128,220423,МИР,,blitz,https://blitz19.red,https://fastpropay247.com,К*** Р.,"(скрыто: похоже на ФИО, не банк)",2026-07-13T21:02:34.756372+00:00
gsheets-p2p-drops-fevral-2026,Карты,2026-07-03,card,220423******2128,220423,МИР,,blitz,https://blitz19.red,https://fastpropay247.com,К*** Р.,"(скрыто: похоже на ФИО, не банк)",2026-07-13T21:02:34.759371+00:00
gsheets-p2p-drops-fevral-2026,Карты,2026-07-03,card,220432******7104,220432,МИР,,blitz,https://blitz19.red,https://fastpropay247.com,П*** В.,Озон-Банк,2026-07-13T21:02:34.761373+00:00
gsheets-p2p-drops-fevral-2026,Карты,2026-07-03,card,220432******7104,220432,МИР,,blitz,https://blitz19.red,https://fastpropay247.com,П*** В.,Озон-Банк,2026-07-13T21:02:34.762877+00:00
gsheets-p2p-drops-fevral-2026,Карты,2026-07-03,card,220432******7104,220432,МИР,,blitz,https://blitz19.red,https://fastpropay247.com,П*** В.,Озон-Банк,2026-07-13T21:02:34.765386+00:00
gsheets-p2p-drops-fevral-2026,Карты,2026-07-03,card,220432******2350,220432,МИР,,blitz,https://blitz19.red,https://fastpropay247.com,С*** В.,Озон-Банк,2026-07-13T21:02:34.767390+00:00
gsheets-p2p-drops-fevral-2026,Карты,2026-07-03,card,220070******7179,220070,МИР,,bounty,https://bounty-casino70.com,https://fastpropay247.com,Х*** И.,Тинькофф,2026-07-13T21:02:34.769391+00:00
gsheets-p2p-drops-fevral-2026,Карты,2026-07-03,card,220070******4455,220070,МИР,,bounty,https://bounty-casino70.com,https://fastpropay247.com,Б*** И.,Тинькофф,2026-07-13T21:02:34.771391+00:00
gsheets-p2p-drops-fevral-2026,Карты,2026-07-03,card,220070******5039,220070,МИР,,brillx,https://brillx99.gg,https://fastpropay247.com,А*** Б.,Тинькофф,2026-07-13T21:02:34.773899+00:00
gsheets-p2p-drops-fevral-2026,Карты,2026-07-03,card,220070******5039,220070,МИР,,brillx,https://brillx99.gg,https://fastpropay247.com,А*** Б.,Тинькофф,2026-07-13T21:02:34.775402+00:00
gsheets-p2p-drops-fevral-2026,Карты,2026-07-03,card,220423******2107,220423,МИР,,brillx,https://brillx99.gg,https://fastpropay247.com,В*** М.,"(скрыто: похоже на ФИО, не банк)",2026-07-13T21:02:34.777406+00:00
gsheets-p2p-drops-fevral-2026,Карты,2026-07-03,card,220423******2107,220423,МИР,,brillx,https://brillx99.gg,https://fastpropay247.com,В*** М.,"(скрыто: похоже на ФИО, не банк)",2026-07-13T21:02:34.780409+00:00
gsheets-p2p-drops-fevral-2026,Карты,2026-07-03,card,220432******7104,220432,МИР,,brillx,https://brillx99.gg,https://fastpropay247.com,П*** В.,Озон-Банк,2026-07-13T21:02:34.781407+00:00
gsheets-p2p-drops-fevral-2026,Карты,2026-07-03,card,220432******2350,220432,МИР,,brillx,https://brillx99.gg,https://fastpropay247.com,С*** В.,Озон-Банк,2026-07-13T21:02:34.783915+00:00
gsheets-p2p-drops-fevral-2026,Карты,2026-07-03,card,220003******1493,220003,МИР,,Casher,https://casher36.win,https://casher36.win,Ч*** Е.,Промсвязьбанк,2026-07-13T21:02:34.786425+00:00
gsheets-p2p-drops-fevral-2026,Карты,2026-07-03,card,220015******2607,220015,МИР,,Casher,https://casher36.win,https://casher36.win,К*** С.,Альфа-Банк,2026-07-13T21:02:34.789424+00:00
gsheets-p2p-drops-fevral-2026,Карты,2026-07-03,card,220015******1649,220015,МИР,,Casher,https://casher36.win,https://casher36.win,К*** С.,Альфа-Банк,2026-07-13T21:02:34.791426+00:00
gsheets-p2p-drops-fevral-2026,Карты,2026-07-03,card,220019******4314,220019,МИР,,Casher,https://casher36.win,https://casher36.win,А*** Н.,Уралсиб,2026-07-13T21:02:34.793934+00:00
gsheets-p2p-drops-fevral-2026,Карты,2026-07-03,card,220038******7882,220038,МИР,,Casher,https://casher36.win,https://casher36.win,Х*** А.,Россельхозбанк,2026-07-13T21:02:34.795438+00:00
gsheets-p2p-drops-fevral-2026,Карты,2026-07-03,card,220070******6207,220070,МИР,,Casher,https://casher36.win,https://casher36.win,П*** Г.,Т-Банк,2026-07-13T21:02:34.798442+00:00
gsheets-p2p-drops-fevral-2026,Карты,2026-07-03,card,220070******0600,220070,МИР,,Casher,https://casher36.win,https://casher36.win,А*** С.,Т-Банк,2026-07-13T21:02:34.800442+00:00
gsheets-p2p-drops-fevral-2026,Карты,2026-07-03,card,220070******4968,220070,МИР,,Casher,https://casher36.win,https://casher36.win,А*** А.,Т-Банк,2026-07-13T21:02:34.801442+00:00
gsheets-p2p-drops-fevral-2026,Карты,2026-07-03,card,220070******3972,220070,МИР,,Casher,https://casher36.win,https://casher36.win,С*** В.,Т-Банк,2026-07-13T21:02:34.803951+00:00
gsheets-p2p-drops-fevral-2026,Карты,2026-07-03,card,220070******7633,220070,МИР,,Casher,https://casher36.win,https://casher36.win,А*** Э.,Т-Банк,2026-07-13T21:02:34.806458+00:00
gsheets-p2p-drops-fevral-2026,Карты,2026-07-03,card,220070******3458,220070,МИР,,Casher,https://casher36.win,https://casher36.win,Х*** Г.,Т-Банк,2026-07-13T21:02:34.808967+00:00
gsheets-p2p-drops-fevral-2026,Карты,2026-07-03,card,220070******8601,220070,МИР,,Casher,https://casher36.win,https://casher36.win,Б*** Х.,Т-Банк,2026-07-13T21:02:34.810966+00:00
gsheets-p2p-drops-fevral-2026,Карты,2026-07-03,card,220196******5167,220196,МИР,,Casher,https://casher36.win,https://casher36.win,О*** Е.,ОТП,2026-07-13T21:02:34.812969+00:00
gsheets-p2p-drops-fevral-2026,Карты,2026-07-03,card,220220******3543,220220,МИР,,Casher,https://casher36.win,https://casher36.win,Ш*** А.,Сбербанк,2026-07-13T21:02:34.813988+00:00
gsheets-p2p-drops-fevral-2026,Карты,2026-07-03,card,220220******6132,220220,МИР,,Casher,https://casher36.win,https://casher36.win,М*** Б.,Сбербанк,2026-07-13T21:02:34.816497+00:00
gsheets-p2p-drops-fevral-2026,Карты,2026-07-03,card,220220******6659,220220,МИР,,Casher,https://casher36.win,https://casher36.win,Ё*** Б.,Сбербанк,2026-07-13T21:02:34.818498+00:00
gsheets-p2p-drops-fevral-2026,Карты,2026-07-03,card,220220******3695,220220,МИР,,Casher,https://casher36.win,https://casher36.win,Д*** З.,Сбербанк,2026-07-13T21:02:34.820497+00:00
gsheets-p2p-drops-fevral-2026,Карты,2026-07-03,card,220220******9819,220220,МИР,,Casher,https://casher36.win,https://casher36.win,С*** Л.,Сбербанк,2026-07-13T21:02:34.823003+00:00
gsheets-p2p-drops-fevral-2026,Карты,2026-07-03,card,220220******4079,220220,МИР,,Casher,https://casher36.win,https://casher36.win,К*** Д.,Сбербанк,2026-07-13T21:02:34.824009+00:00
gsheets-p2p-drops-fevral-2026,Карты,2026-07-03,card,220220******3612,220220,МИР,,Casher,https://casher36.win,https://casher36.win,п*** д.,Сбербанк,2026-07-13T21:02:34.827516+00:00
gsheets-p2p-drops-fevral-2026,Карты,2026-07-03,card,220220******8860,220220,МИР,,Casher,https://casher36.win,https://casher36.win,а*** г.,Сбербанк,2026-07-13T21:02:34.829517+00:00
gsheets-p2p-drops-fevral-2026,Карты,2026-07-03,card,220220******3057,220220,МИР,,Casher,https://casher36.win,https://casher36.win,г*** а.,Сбербанк,2026-07-13T21:02:34.831515+00:00
gsheets-p2p-drops-fevral-2026,Карты,2026-07-03,card,220423******3930,220423,МИР,,Casher,https://casher36.win,https://casher36.win,И*** Ж.,"(скрыто: похоже на ФИО, не банк)",2026-07-13T21:02:34.833018+00:00
gsheets-p2p-drops-fevral-2026,Карты,2026-07-03,card,220423******5280,220423,МИР,,Casher,https://casher36.win,https://casher36.win,В*** Л.,"(скрыто: похоже на ФИО, не банк)",2026-07-13T21:02:34.835529+00:00
gsheets-p2p-drops-fevral-2026,Карты,2026-07-03,card,220423******8393,220423,МИР,,Casher,https://casher36.win,https://casher36.win,М*** Ш.,"(скрыто: похоже на ФИО, не банк)",2026-07-13T21:02:34.837533+00:00
gsheets-p2p-drops-fevral-2026,Карты,2026-07-03,card,220423******2296,220423,МИР,,Casher,https://casher36.win,https://casher36.win,М*** П.,"(скрыто: похоже на ФИО, не банк)",2026-07-13T21:02:34.839534+00:00
gsheets-p2p-drops-fevral-2026,Карты,2026-07-03,card,220423******7709,220423,МИР,,Casher,https://casher36.win,https://casher36.win,М*** А.,"(скрыто: похоже на ФИО, не банк)",2026-07-13T21:02:34.841533+00:00
gsheets-p2p-drops-fevral-2026,Карты,2026-07-03,card,220423******1998,220423,МИР,,Casher,https://casher36.win,https://casher36.win,И*** Л.,"(скрыто: похоже на ФИО, не банк)",2026-07-13T21:02:34.844040+00:00
gsheets-p2p-drops-fevral-2026,Карты,2026-07-03,card,220423******7580,220423,МИР,,Casher,https://casher36.win,https://casher36.win,В*** Я.,"(скрыто: похоже на ФИО, не банк)",2026-07-13T21:02:34.845544+00:00
gsheets-p2p-drops-fevral-2026,Карты,2026-07-03,card,220423******6669,220423,МИР,,Casher,https://casher36.win,https://casher36.win,Ш*** Д.,,2026-07-13T21:02:34.847550+00:00
gsheets-p2p-drops-fevral-2026,Карты,2026-07-03,card,220423******1072,220423,МИР,,Casher,https://casher36.win,https://casher36.win,П*** С.,"(скрыто: похоже на ФИО, не банк)",2026-07-13T21:02:34.849551+00:00
gsheets-p2p-drops-fevral-2026,Карты,2026-07-03,card,220423******2103,220423,МИР,,Casher,https://casher36.win,https://casher36.win,М*** С.,"(скрыто: похоже на ФИО, не банк)",2026-07-13T21:02:34.851549+00:00
gsheets-p2p-drops-fevral-2026,Карты,2026-07-03,card,220423******5417,220423,МИР,,Casher,https://casher36.win,https://casher36.win,Г*** Г.,"(скрыто: похоже на ФИО, не банк)",2026-07-13T21:02:34.854058+00:00
gsheets-p2p-drops-fevral-2026,Карты,2026-07-03,card,220423******5371,220423,МИР,,Casher,https://casher36.win,https://casher36.win,К*** Р.,"(скрыто: похоже на ФИО, не банк)",2026-07-13T21:02:34.856566+00:00
gsheets-p2p-drops-fevral-2026,Карты,2026-07-03,card,220423******9661,220423,МИР,,Casher,https://casher36.win,https://casher36.win,М*** В.,"(скрыто: похоже на ФИО, не банк)",2026-07-13T21:02:34.858565+00:00
gsheets-p2p-drops-fevral-2026,Карты,2026-07-03,card,220423******5829,220423,МИР,,Casher,https://casher36.win,https://casher36.win,Т*** С.,"(скрыто: похоже на ФИО, не банк)",2026-07-13T21:02:34.860565+00:00
gsheets-p2p-drops-fevral-2026,Карты,2026-07-03,card,220423******7929,220423,МИР,,Casher,https://casher36.win,https://casher36.win,Е*** А.,"(скрыто: похоже на ФИО, не банк)",2026-07-13T21:02:34.861565+00:00
gsheets-p2p-drops-fevral-2026,Карты,2026-07-03,card,220423******6000,220423,МИР,,Casher,https://casher36.win,https://casher36.win,Д*** О.,"(скрыто: похоже на ФИО, не банк)",2026-07-13T21:02:34.864072+00:00
gsheets-p2p-drops-fevral-2026,Карты,2026-07-03,card,220423******1105,220423,МИР,,Casher,https://casher36.win,https://casher36.win,Д*** Я.,"(скрыто: похоже на ФИО, не банк)",2026-07-13T21:02:34.866578+00:00
gsheets-p2p-drops-fevral-2026,Карты,2026-07-03,card,220423******3379,220423,МИР,,Casher,https://casher36.win,https://casher36.win,Б*** Е.,"(скрыто: похоже на ФИО, не банк)",2026-07-13T21:02:34.868580+00:00
gsheets-p2p-drops-fevral-2026,Карты,2026-07-03,card,220423******1363,220423,МИР,,Casher,https://casher36.win,https://casher36.win,Г*** А.,"(скрыто: похоже на ФИО, не банк)",2026-07-13T21:02:34.870580+00:00
gsheets-p2p-drops-fevral-2026,Карты,2026-07-03,card,220423******1153,220423,МИР,,Casher,https://casher36.win,https://casher36.win,Д*** К.,"(скрыто: похоже на ФИО, не банк)",2026-07-13T21:02:34.873084+00:00
gsheets-p2p-drops-fevral-2026,Карты,2026-07-03,card,220423******7638,220423,МИР,,Casher,https://casher36.win,https://casher36.win,П*** С.,"(скрыто: похоже на ФИО, не банк)",2026-07-13T21:02:34.874088+00:00
gsheets-p2p-drops-fevral-2026,Карты,2026-07-03,card,220423******0796,220423,МИР,,Casher,https://casher36.win,https://casher36.win,В*** О.,"(скрыто: похоже на ФИО, не банк)",2026-07-13T21:02:34.876691+00:00
gsheets-p2p-drops-fevral-2026,Карты,2026-07-03,card,220423******2925,220423,МИР,,Casher,https://casher36.win,https://casher36.win,Я*** Е.,"(скрыто: похоже на ФИО, не банк)",2026-07-13T21:02:34.878691+00:00
gsheets-p2p-drops-fevral-2026,Карты,2026-07-03,card,220423******4673,220423,МИР,,Casher,https://casher36.win,https://casher36.win,К*** М.,"(скрыто: похоже на ФИО, не банк)",2026-07-13T21:02:34.880691+00:00
gsheets-p2p-drops-fevral-2026,Карты,2026-07-03,card,220423******0441,220423,МИР,,Casher,https://casher36.win,https://casher36.win,В*** Б.,"(скрыто: похоже на ФИО, не банк)",2026-07-13T21:02:34.883195+00:00
gsheets-p2p-drops-fevral-2026,Карты,2026-07-03,card,220423******0504,220423,МИР,,Casher,https://casher36.win,https://casher36.win,Р*** К.,"(скрыто: похоже на ФИО, не банк)",2026-07-13T21:02:34.885700+00:00
gsheets-p2p-drops-fevral-2026,Карты,2026-07-03,card,220423******7129,220423,МИР,,Casher,https://casher36.win,https://casher36.win,М*** К.,"(скрыто: похоже на ФИО, не банк)",2026-07-13T21:02:34.887706+00:00
gsheets-p2p-drops-fevral-2026,Карты,2026-07-03,card,220423******5006,220423,МИР,,Casher,https://casher36.win,https://casher36.win,В*** Е.,"(скрыто: похоже на ФИО, не банк)",2026-07-13T21:02:34.889871+00:00
gsheets-p2p-drops-fevral-2026,Карты,2026-07-03,card,220423******6170,220423,МИР,,Casher,https://casher36.win,https://casher36.win,П*** К.,"(скрыто: похоже на ФИО, не банк)",2026-07-13T21:02:34.891950+00:00
gsheets-p2p-drops-fevral-2026,Карты,2026-07-03,card,220423******7876,220423,МИР,,Casher,https://casher36.win,https://casher36.win,С*** И.,"(скрыто: похоже на ФИО, не банк)",2026-07-13T21:02:34.894037+00:00
gsheets-p2p-drops-fevral-2026,Карты,2026-07-03,card,220423******6305,220423,МИР,,Casher,https://casher36.win,https://casher36.win,Н***,"(скрыто: похоже на ФИО, не банк)",2026-07-13T21:02:34.896119+00:00
gsheets-p2p-drops-fevral-2026,Карты,2026-07-03,card,220423******5146,220423,МИР,,Casher,https://casher36.win,https://casher36.win,Н*** п.,"(скрыто: похоже на ФИО, не банк)",2026-07-13T21:02:34.898193+00:00
gsheets-p2p-drops-fevral-2026,Карты,2026-07-03,card,220423******1887,220423,МИР,,Casher,https://casher36.win,https://casher36.win,К*** И.,"(скрыто: похоже на ФИО, не банк)",2026-07-13T21:02:34.900265+00:00
gsheets-p2p-drops-fevral-2026,Карты,2026-07-03,card,220423******1250,220423,МИР,,Casher,https://casher36.win,https://casher36.win,Н*** М.,"(скрыто: похоже на ФИО, не банк)",2026-07-13T21:02:34.901269+00:00
gsheets-p2p-drops-fevral-2026,Карты,2026-07-03,card,220423******6861,220423,МИР,,Casher,https://casher36.win,https://casher36.win,А*** И.,"(скрыто: похоже на ФИО, не банк)",2026-07-13T21:02:34.903774+00:00
gsheets-p2p-drops-fevral-2026,Карты,2026-07-03,card,220423******1265,220423,МИР,,Casher,https://casher36.win,https://casher36.win,П*** П.,"(скрыто: похоже на ФИО, не банк)",2026-07-13T21:02:34.906284+00:00
gsheets-p2p-drops-fevral-2026,Карты,2026-07-03,card,220423******2552,220423,МИР,,Casher,https://casher36.win,https://casher36.win,В*** В.,"(скрыто: похоже на ФИО, не банк)",2026-07-13T21:02:34.908791+00:00
gsheets-p2p-drops-fevral-2026,Карты,2026-07-03,card,220423******0456,220423,МИР,,Casher,https://casher36.win,https://casher36.win,А***,"(скрыто: похоже на ФИО, не банк)",2026-07-13T21:02:34.910793+00:00
gsheets-p2p-drops-fevral-2026,Карты,2026-07-03,card,220423******8722,220423,МИР,,Casher,https://casher36.win,https://casher36.win,В*** М.,"(скрыто: похоже на ФИО, не банк)",2026-07-13T21:02:34.912792+00:00
gsheets-p2p-drops-fevral-2026,Карты,2026-07-03,card,220423******3507,220423,МИР,,Casher,https://casher36.win,https://casher36.win,Ш*** В.,"(скрыто: похоже на ФИО, не банк)",2026-07-13T21:02:34.913840+00:00
gsheets-p2p-drops-fevral-2026,Карты,2026-07-03,card,220423******2268,220423,МИР,,Casher,https://casher36.win,https://casher36.win,Я*** Н.,"(скрыто: похоже на ФИО, не банк)",2026-07-13T21:02:34.916347+00:00
gsheets-p2p-drops-fevral-2026,Карты,2026-07-03,card,220423******3640,220423,МИР,,Casher,https://casher36.win,https://casher36.win,В*** Ф.,"(скрыто: похоже на ФИО, не банк)",2026-07-13T21:02:34.918347+00:00
gsheets-p2p-drops-fevral-2026,Карты,2026-07-03,card,220423******7929,220423,МИР,,Casher,https://casher36.win,https://casher36.win,Д*** С.,"(скрыто: похоже на ФИО, не банк)",2026-07-13T21:02:34.921347+00:00
gsheets-p2p-drops-fevral-2026,Карты,2026-07-03,card,220423******1884,220423,МИР,,Casher,https://casher36.win,https://casher36.win,М*** М.,"(скрыто: похоже на ФИО, не банк)",2026-07-13T21:02:34.922851+00:00
gsheets-p2p-drops-fevral-2026,Карты,2026-07-03,card,220431******6696,220431,МИР,,Casher,https://casher36.win,https://casher36.win,Ч*** Е.,"(скрыто: похоже на ФИО, не банк)",2026-07-13T21:02:34.925359+00:00
gsheets-p2p-drops-fevral-2026,Карты,2026-07-03,card,220431******2746,220431,МИР,,Casher,https://casher36.win,https://casher36.win,Ю*** Б.,"(скрыто: похоже на ФИО, не банк)",2026-07-13T21:02:34.927364+00:00
gsheets-p2p-drops-fevral-2026,Карты,2026-07-03,card,220432******2939,220432,МИР,,Casher,https://casher36.win,https://casher36.win,С*** П.,"(скрыто: похоже на ФИО, не банк)",2026-07-13T21:02:34.929867+00:00
gsheets-p2p-drops-fevral-2026,Карты,2026-07-03,card,220423******7404,220423,МИР,,Dune,https://dune-casino.pro,https://3dkassa.live,,"(скрыто: похоже на ФИО, не банк)",2026-07-13T21:02:34.931426+00:00
gsheets-p2p-drops-fevral-2026,Карты,2026-07-03,card,220070******7179,220070,МИР,,friends,https://friends-casino244.com,https://fastpropay247.com,Х*** И.,Тинькофф,2026-07-13T21:02:34.933933+00:00
gsheets-p2p-drops-fevral-2026,Карты,2026-07-03,card,220070******7179,220070,МИР,,friends,https://friends-casino244.com,https://fastpropay247.com,Х*** И.,Тинькофф,2026-07-13T21:02:34.935987+00:00
gsheets-p2p-drops-fevral-2026,Карты,2026-07-03,card,220070******1542,220070,МИР,,friends,https://friends-casino244.com,https://fastpropay247.com,Л*** Б.,Тинькофф,2026-07-13T21:02:34.937990+00:00
gsheets-p2p-drops-fevral-2026,Карты,2026-07-03,card,220070******1331,220070,МИР,,friends,https://friends-casino244.com,https://fastpropay247.com,М*** А.,Тинькофф,2026-07-13T21:02:34.939992+00:00
gsheets-p2p-drops-fevral-2026,Карты,2026-07-03,card,220070******1331,220070,МИР,,friends,https://friends-casino244.com,https://fastpropay247.com,М*** А.,Тинькофф,2026-07-13T21:02:34.941990+00:00
gsheets-p2p-drops-fevral-2026,Карты,2026-07-03,card,220070******5340,220070,МИР,,friends,https://friends-casino244.com,https://fastpropay247.com,К*** А.,Тинькофф,2026-07-13T21:02:34.944081+00:00
gsheets-p2p-drops-fevral-2026,Карты,2026-07-03,card,220070******7649,220070,МИР,,friends,https://friends-casino244.com,https://fastpropay247.com,Р*** Б.,Тинькофф,2026-07-13T21:02:34.946588+00:00
gsheets-p2p-drops-fevral-2026,Карты,2026-07-03,card,220220******3354,220220,МИР,,friends,https://friends-casino244.com,https://fastpropay247.com,Ш*** М.,Сбербанк,2026-07-13T21:02:34.948589+00:00
gsheets-p2p-drops-fevral-2026,Карты,2026-07-03,card,220423******2128,220423,МИР,,friends,https://friends-casino244.com,https://fastpropay247.com,К*** Р.,"(скрыто: похоже на ФИО, не банк)",2026-07-13T21:02:34.950589+00:00
gsheets-p2p-drops-fevral-2026,Карты,2026-07-03,card,220423******2128,220423,МИР,,friends,https://friends-casino244.com,https://fastpropay247.com,К*** Р.,"(скрыто: похоже на ФИО, не банк)",2026-07-13T21:02:34.953092+00:00
gsheets-p2p-drops-fevral-2026,Карты,2026-07-03,card,220432******7104,220432,МИР,,friends,https://friends-casino244.com,https://fastpropay247.com,П*** В.,Озон-Банк,2026-07-13T21:02:34.954097+00:00
gsheets-p2p-drops-fevral-2026,Карты,2026-07-03,card,220432******7104,220432,МИР,,friends,https://friends-casino244.com,https://fastpropay247.com,П*** В.,Озон-Банк,2026-07-13T21:02:34.956604+00:00
gsheets-p2p-drops-fevral-2026,Карты,2026-07-03,card,220432******7104,220432,МИР,,friends,https://friends-casino244.com,https://fastpropay247.com,П*** В.,Озон-Банк,2026-07-13T21:02:34.958605+00:00
gsheets-p2p-drops-fevral-2026,Карты,2026-07-03,card,220432******7104,220432,МИР,,friends,https://friends-casino244.com,https://fastpropay247.com,П*** В.,Озон-Банк,2026-07-13T21:02:34.961607+00:00
gsheets-p2p-drops-fevral-2026,Карты,2026-07-03,card,220432******7104,220432,МИР,,friends,https://friends-casino244.com,https://fastpropay247.com,П*** В.,Озон-Банк,2026-07-13T21:02:34.963112+00:00
gsheets-p2p-drops-fevral-2026,Карты,2026-07-03,card,220432******7104,220432,МИР,,friends,https://friends-casino244.com,https://fastpropay247.com,П*** В.,Озон-Банк,2026-07-13T21:02:34.965621+00:00
gsheets-p2p-drops-fevral-2026,Карты,2026-07-03,card,220432******2350,220432,МИР,,friends,https://friends-casino244.com,https://fastpropay247.com,С*** В.,Озон-Банк,2026-07-13T21:02:34.967624+00:00
gsheets-p2p-drops-fevral-2026,Карты,2026-07-03,card,220070******5039,220070,МИР,,selector,https://selector497.gg,https://fastpropay247.com,А*** Б.,Тинькофф,2026-07-13T21:02:34.970624+00:00
gsheets-p2p-drops-fevral-2026,Карты,2026-07-03,card,220070******5039,220070,МИР,,selector,https://selector497.gg,https://fastpropay247.com,А*** Б.,Тинькофф,2026-07-13T21:02:34.971624+00:00
gsheets-p2p-drops-fevral-2026,Карты,2026-07-03,card,220070******7649,220070,МИР,,turbo,https://turbo-casino115.gg,https://fastpropay247.com,Р*** Б.,Тинькофф,2026-07-13T21:02:34.974131+00:00
gsheets-p2p-drops-fevral-2026,Карты,2026-07-03,card,220423******2107,220423,МИР,,turbo,https://turbo-casino115.gg,https://fastpropay247.com,В*** М.,"(скрыто: похоже на ФИО, не банк)",2026-07-13T21:02:34.976639+00:00
gsheets-p2p-drops-fevral-2026,Карты,2026-07-03,card,220220******0560,220220,МИР,,Vodka,https://vodka4tvd.com,https://vodka4tvd.com,,Сбербанк,2026-07-13T21:02:34.978639+00:00
gsheets-p2p-drops-fevral-2026,Карты,2026-07-03,card,220423******2982,220423,МИР,,Vodka,https://vodka4tvd.com,https://vodka4tvd.com,В*** Н.,Вайлдберриз,2026-07-13T21:02:34.980639+00:00
gsheets-p2p-drops-fevral-2026,Карты,2026-07-03,card,220423******0718,220423,МИР,,Vodka,https://vodka4tvd.com,https://vodka4tvd.com,Х*** А.,Вайлдберриз,2026-07-13T21:02:34.981637+00:00
gsheets-p2p-drops-fevral-2026,Карты,2026-07-03,card,220423******3763,220423,МИР,,Vodka,https://vodka4tvd.com,https://vodka4tvd.com,Г***,Вайлдберриз,2026-07-13T21:02:34.984147+00:00
gsheets-p2p-drops-fevral-2026,Карты,2026-07-03,card,220423******6094,220423,МИР,,Vodka,https://vodka4tvd.com,https://vodka4tvd.com,Я***,Вайлдберриз,2026-07-13T21:02:34.987659+00:00
gsheets-p2p-drops-fevral-2026,Карты,2026-07-03,card,220423******0288,220423,МИР,,Vodka,https://vodka4tvd.com,https://vodka4tvd.com,В***,Вайлдберриз,2026-07-13T21:02:34.989659+00:00
gsheets-p2p-drops-fevral-2026,Карты,2026-07-03,card,220423******4488,220423,МИР,,Vodka,https://vodka4tvd.com,https://vodka4tvd.com,К***,Вайлдберриз,2026-07-13T21:02:34.991655+00:00
gsheets-p2p-drops-fevral-2026,Карты,2026-07-03,card,220423******5018,220423,МИР,,Vodka,https://vodka4tvd.com,https://vodka4tvd.com,В***,Вайлдберриз,2026-07-13T21:02:34.993157+00:00
gsheets-p2p-drops-fevral-2026,Карты,2026-07-03,card,220423******1285,220423,МИР,,Vodka,https://vodka4tvd.com,https://vodka4tvd.com,Т***,Вайлдберриз,2026-07-13T21:02:34.995665+00:00
gsheets-p2p-drops-fevral-2026,Карты,2026-07-03,card,220423******0914,220423,МИР,,Vodka,https://vodka4tvd.com,https://vodka4tvd.com,Р***,Вайлдберриз,2026-07-13T21:02:34.997673+00:00
gsheets-p2p-drops-fevral-2026,Карты,2026-07-04,card,220070******7019,220070,МИР,,blitz,https://blitz19.red,https://fastpropay247.com,П*** А.,Тинькофф,2026-07-13T21:02:34.999669+00:00
gsheets-p2p-drops-fevral-2026,Карты,2026-07-04,card,220070******0513,220070,МИР,,blitz,https://blitz19.red,https://fastpropay247.com,Т*** Д.,Тинькофф,2026-07-13T21:02:35.001670+00:00
gsheets-p2p-drops-fevral-2026,Карты,2026-07-04,card,220070******5926,220070,МИР,,blitz,https://blitz19.red,https://fastpropay247.com,Т*** Д.,Тинькофф,2026-07-13T21:02:35.004178+00:00
gsheets-p2p-drops-fevral-2026,Карты,2026-07-04,card,220196******4174,220196,МИР,,blitz,https://blitz19.red,https://fastpropay247.com,Б*** С.,Sberbank,2026-07-13T21:02:35.005818+00:00
gsheets-p2p-drops-fevral-2026,Карты,2026-07-04,card,220220******3008,220220,МИР,,blitz,https://blitz19.red,https://fastpropay247.com,М*** М.,Сбербанк,2026-07-13T21:02:35.007820+00:00
gsheets-p2p-drops-fevral-2026,Карты,2026-07-04,card,220431******7761,220431,МИР,,blitz,https://blitz19.red,https://fastpropay247.com,М*** В.,"(скрыто: похоже на ФИО, не банк)",2026-07-13T21:02:35.009840+00:00
gsheets-p2p-drops-fevral-2026,Карты,2026-07-04,card,220431******7761,220431,МИР,,blitz,https://blitz19.red,https://fastpropay247.com,М*** В.,"(скрыто: похоже на ФИО, не банк)",2026-07-13T21:02:35.011840+00:00
gsheets-p2p-drops-fevral-2026,Карты,2026-07-04,card,220431******7761,220431,МИР,,blitz,https://blitz19.red,https://fastpropay247.com,М*** В.,"(скрыто: похоже на ФИО, не банк)",2026-07-13T21:02:35.014504+00:00
gsheets-p2p-drops-fevral-2026,Карты,2026-07-04,card,220432******6057,220432,МИР,,blitz,https://blitz19.red,https://fastpropay247.com,З*** Ш.,Озон-Банк,2026-07-13T21:02:35.016508+00:00
gsheets-p2p-drops-fevral-2026,Карты,2026-07-04,card,220070******4455,220070,МИР,,bounty,https://bounty-casino71.com,https://fastpropay247.com,Б*** И.,Тинькофф,2026-07-13T21:02:35.018507+00:00
gsheets-p2p-drops-fevral-2026,Карты,2026-07-04,card,220070******0513,220070,МИР,,bounty,https://bounty-casino71.com,https://fastpropay247.com,Т*** Д.,Тинькофф,2026-07-13T21:02:35.020508+00:00
gsheets-p2p-drops-fevral-2026,Карты,2026-07-04,card,220070******0513,220070,МИР,,bounty,https://bounty-casino71.com,https://fastpropay247.com,Т*** Д.,Тинькофф,2026-07-13T21:02:35.023012+00:00
gsheets-p2p-drops-fevral-2026,Карты,2026-07-04,card,220070******5710,220070,МИР,,bounty,https://bounty-casino71.com,https://fastpropay247.com,Т*** Д.,Тинькофф,2026-07-13T21:02:35.025519+00:00
gsheets-p2p-drops-fevral-2026,Карты,2026-07-04,card,220196******4174,220196,МИР,,bounty,https://bounty-casino71.com,https://fastpropay247.com,Б*** С.,"(скрыто: похоже на ФИО, не банк)",2026-07-13T21:02:35.027524+00:00
gsheets-p2p-drops-fevral-2026,Карты,2026-07-04,card,220432******7486,220432,МИР,,bounty,https://bounty-casino71.com,https://fastpropay247.com,К*** Р.,Озон-Банк,2026-07-13T21:02:35.029524+00:00
gsheets-p2p-drops-fevral-2026,Карты,2026-07-04,card,220070******9290,220070,МИР,,brillx,https://brillx100.gg,https://fastpropay247.com,Д*** В.,Тинькофф,2026-07-13T21:02:35.031524+00:00
gsheets-p2p-drops-fevral-2026,Карты,2026-07-04,card,220070******1056,220070,МИР,,brillx,https://brillx100.gg,https://fastpropay247.com,Д*** Т.,Тинькофф,2026-07-13T21:02:35.034037+00:00
gsheets-p2p-drops-fevral-2026,Карты,2026-07-04,card,220070******1056,220070,МИР,,brillx,https://brillx100.gg,https://fastpropay247.com,Д*** Т.,Тинькофф,2026-07-13T21:02:35.035540+00:00
gsheets-p2p-drops-fevral-2026,Карты,2026-07-04,card,220070******1056,220070,МИР,,brillx,https://brillx100.gg,https://fastpropay247.com,Д*** Т.,Тинькофф,2026-07-13T21:02:35.037545+00:00
gsheets-p2p-drops-fevral-2026,Карты,2026-07-04,card,220070******7649,220070,МИР,,brillx,https://brillx100.gg,https://fastpropay247.com,Р*** Б.,Тинькофф,2026-07-13T21:02:35.039545+00:00
gsheets-p2p-drops-fevral-2026,Карты,2026-07-04,card,220070******5926,220070,МИР,,brillx,https://brillx100.gg,https://fastpropay247.com,Т*** Д.,Тинькофф,2026-07-13T21:02:35.041544+00:00
gsheets-p2p-drops-fevral-2026,Карты,2026-07-04,card,220070******5710,220070,МИР,,brillx,https://brillx100.gg,https://fastpropay247.com,Т*** Д.,Тинькофф,2026-07-13T21:02:35.044052+00:00
gsheets-p2p-drops-fevral-2026,Карты,2026-07-04,card,220070******5710,220070,МИР,,brillx,https://brillx100.gg,https://fastpropay247.com,Т*** Д.,Тинькофф,2026-07-13T21:02:35.046559+00:00
gsheets-p2p-drops-fevral-2026,Карты,2026-07-04,card,220431******7761,220431,МИР,,brillx,https://brillx100.gg,https://fastpropay247.com,М*** В.,"(скрыто: похоже на ФИО, не банк)",2026-07-13T21:02:35.048560+00:00
gsheets-p2p-drops-fevral-2026,Карты,2026-07-04,card,220432******3211,220432,МИР,,brillx,https://brillx100.gg,https://fastpropay247.com,Г*** А.,Озон-Банк,2026-07-13T21:02:35.050560+00:00
gsheets-p2p-drops-fevral-2026,Карты,2026-07-04,card,220017******3895,220017,МИР,,Casher,https://casher36.win,https://casher36.win,Б*** К.,,2026-07-13T21:02:35.051561+00:00
gsheets-p2p-drops-fevral-2026,Карты,2026-07-04,card,220019******1072,220019,МИР,,Casher,https://casher36.win,https://casher36.win,Н*** Н.,Уралсиб,2026-07-13T21:02:35.054069+00:00
gsheets-p2p-drops-fevral-2026,Карты,2026-07-04,card,220038******8021,220038,МИР,,Casher,https://casher36.win,https://casher36.win,Х***,Россельхозбанк,2026-07-13T21:02:35.056578+00:00
gsheets-p2p-drops-fevral-2026,Карты,2026-07-04,card,220070******1623,220070,МИР,,Casher,https://casher36.win,https://casher36.win,Д*** Н.,Т-Банк,2026-07-13T21:02:35.058578+00:00
gsheets-p2p-drops-fevral-2026,Карты,2026-07-04,card,220070******6140,220070,МИР,,Casher,https://casher36.win,https://casher36.win,М*** Е.,Т-Банк,2026-07-13T21:02:35.060578+00:00
gsheets-p2p-drops-fevral-2026,Карты,2026-07-04,card,220070******0975,220070,МИР,,Casher,https://casher36.win,https://casher36.win,Д*** А.,Т-Банк,2026-07-13T21:02:35.063083+00:00
gsheets-p2p-drops-fevral-2026,Карты,2026-07-04,card,220070******1062,220070,МИР,,Casher,https://casher36.win,https://casher36.win,Т*** Ш.,Т-Банк,2026-07-13T21:02:35.065590+00:00
gsheets-p2p-drops-fevral-2026,Карты,2026-07-04,card,220196******4492,220196,МИР,,Casher,https://casher36.win,https://casher36.win,В*** С.,"(скрыто: похоже на ФИО, не банк)",2026-07-13T21:02:35.067594+00:00
gsheets-p2p-drops-fevral-2026,Карты,2026-07-04,card,220220******7852,220220,МИР,,Casher,https://casher36.win,https://casher36.win,А*** Б.,Сбербанк,2026-07-13T21:02:35.069600+00:00
gsheets-p2p-drops-fevral-2026,Карты,2026-07-04,card,220220******9718,220220,МИР,,Casher,https://casher36.win,https://casher36.win,Ш*** Ч.,Сбербанк,2026-07-13T21:02:35.071596+00:00
gsheets-p2p-drops-fevral-2026,Карты,2026-07-04,card,220220******0697,220220,МИР,,Casher,https://casher36.win,https://casher36.win,П*** Г.,Сбербанк,2026-07-13T21:02:35.074108+00:00
gsheets-p2p-drops-fevral-2026,Карты,2026-07-04,card,220220******8069,220220,МИР,,Casher,https://casher36.win,https://casher36.win,С*** А.,Сбербанк,2026-07-13T21:02:35.076616+00:00
gsheets-p2p-drops-fevral-2026,Карты,2026-07-04,card,220220******4607,220220,МИР,,Casher,https://casher36.win,https://casher36.win,С*** А.,Сбербанк,2026-07-13T21:02:35.079124+00:00
gsheets-p2p-drops-fevral-2026,Карты,2026-07-04,card,220220******9903,220220,МИР,,Casher,https://casher36.win,https://casher36.win,А*** А.,Сбербанк,2026-07-13T21:02:35.081125+00:00
gsheets-p2p-drops-fevral-2026,Карты,2026-07-04,card,220418******1645,220418,МИР,,Casher,https://casher36.win,https://casher36.win,С*** В.,"(скрыто: похоже на ФИО, не банк)",2026-07-13T21:02:35.083125+00:00
gsheets-p2p-drops-fevral-2026,Карты,2026-07-04,card,220423******3726,220423,МИР,,Casher,https://casher36.win,https://casher36.win,Р***,"(скрыто: похоже на ФИО, не банк)",2026-07-13T21:02:35.086562+00:00
gsheets-p2p-drops-fevral-2026,Карты,2026-07-04,card,220423******1618,220423,МИР,,Casher,https://casher36.win,https://casher36.win,Г*** а.,"(скрыто: похоже на ФИО, не банк)",2026-07-13T21:02:35.088562+00:00
gsheets-p2p-drops-fevral-2026,Карты,2026-07-04,card,220423******2227,220423,МИР,,Casher,https://casher36.win,https://casher36.win,М*** П.,"(скрыто: похоже на ФИО, не банк)",2026-07-13T21:02:35.090561+00:00
gsheets-p2p-drops-fevral-2026,Карты,2026-07-04,card,220423******9634,220423,МИР,,Casher,https://casher36.win,https://casher36.win,Д*** Д.,"(скрыто: похоже на ФИО, не банк)",2026-07-13T21:02:35.093065+00:00
gsheets-p2p-drops-fevral-2026,Карты,2026-07-04,card,220423******0204,220423,МИР,,Casher,https://casher36.win,https://casher36.win,В*** К.,"(скрыто: похоже на ФИО, не банк)",2026-07-13T21:02:35.095576+00:00
gsheets-p2p-drops-fevral-2026,Карты,2026-07-04,card,220423******4536,220423,МИР,,Casher,https://casher36.win,https://casher36.win,П*** А.,"(скрыто: похоже на ФИО, не банк)",2026-07-13T21:02:35.097580+00:00
gsheets-p2p-drops-fevral-2026,Карты,2026-07-04,card,220423******4147,220423,МИР,,Casher,https://casher36.win,https://casher36.win,Р*** Э.,,2026-07-13T21:02:35.099580+00:00
gsheets-p2p-drops-fevral-2026,Карты,2026-07-04,card,220423******7827,220423,МИР,,Casher,https://casher36.win,https://casher36.win,А*** М.,"(скрыто: похоже на ФИО, не банк)",2026-07-13T21:02:35.101580+00:00
gsheets-p2p-drops-fevral-2026,Карты,2026-07-04,card,220423******9690,220423,МИР,,Casher,https://casher36.win,https://casher36.win,М*** М.,"(скрыто: похоже на ФИО, не банк)",2026-07-13T21:02:35.104086+00:00
gsheets-p2p-drops-fevral-2026,Карты,2026-07-04,card,220423******5805,220423,МИР,,Casher,https://casher36.win,https://casher36.win,А*** С.,"(скрыто: похоже на ФИО, не банк)",2026-07-13T21:02:35.106594+00:00
gsheets-p2p-drops-fevral-2026,Карты,2026-07-04,card,220423******4165,220423,МИР,,Casher,https://casher36.win,https://casher36.win,А***,"(скрыто: похоже на ФИО, не банк)",2026-07-13T21:02:35.108098+00:00
gsheets-p2p-drops-fevral-2026,Карты,2026-07-04,card,220423******8689,220423,МИР,,Casher,https://casher36.win,https://casher36.win,Д*** А.,"(скрыто: похоже на ФИО, не банк)",2026-07-13T21:02:35.110102+00:00
gsheets-p2p-drops-fevral-2026,Карты,2026-07-04,card,220423******4779,220423,МИР,,Casher,https://casher36.win,https://casher36.win,Н*** Ч.,"(скрыто: похоже на ФИО, не банк)",2026-07-13T21:02:35.113102+00:00
gsheets-p2p-drops-fevral-2026,Карты,2026-07-04,card,220423******6000,220423,МИР,,Casher,https://casher36.win,https://casher36.win,Д*** О.,"(скрыто: похоже на ФИО, не банк)",2026-07-13T21:02:35.114619+00:00
gsheets-p2p-drops-fevral-2026,Карты,2026-07-04,card,220423******1133,220423,МИР,,Casher,https://casher36.win,https://casher36.win,Б*** Е.,"(скрыто: похоже на ФИО, не банк)",2026-07-13T21:02:35.116608+00:00
gsheets-p2p-drops-fevral-2026,Карты,2026-07-04,card,220423******1158,220423,МИР,,Casher,https://casher36.win,https://casher36.win,А*** З.,"(скрыто: похоже на ФИО, не банк)",2026-07-13T21:02:35.119610+00:00
gsheets-p2p-drops-fevral-2026,Карты,2026-07-04,card,220423******1977,220423,МИР,,Casher,https://casher36.win,https://casher36.win,К*** О.,"(скрыто: похоже на ФИО, не банк)",2026-07-13T21:02:35.121609+00:00
gsheets-p2p-drops-fevral-2026,Карты,2026-07-04,card,220423******7503,220423,МИР,,Casher,https://casher36.win,https://casher36.win,д*** н.,"(скрыто: похоже на ФИО, не банк)",2026-07-13T21:02:35.123112+00:00
gsheets-p2p-drops-fevral-2026,Карты,2026-07-04,card,220423******3051,220423,МИР,,Casher,https://casher36.win,https://casher36.win,Д*** А.,wbbank,2026-07-13T21:02:35.125621+00:00
gsheets-p2p-drops-fevral-2026,Карты,2026-07-04,card,220423******1187,220423,МИР,,Casher,https://casher36.win,https://casher36.win,Г*** Р.,wbbank,2026-07-13T21:02:35.127627+00:00
gsheets-p2p-drops-fevral-2026,Карты,2026-07-04,card,220423******3379,220423,МИР,,Casher,https://casher36.win,https://casher36.win,Б*** Е.,"(скрыто: похоже на ФИО, не банк)",2026-07-13T21:02:35.130626+00:00
gsheets-p2p-drops-fevral-2026,Карты,2026-07-04,card,220423******4327,220423,МИР,,Casher,https://casher36.win,https://casher36.win,С***,"(скрыто: похоже на ФИО, не банк)",2026-07-13T21:02:35.133131+00:00
gsheets-p2p-drops-fevral-2026,Карты,2026-07-04,card,220423******2977,220423,МИР,,Casher,https://casher36.win,https://casher36.win,А*** С.,"(скрыто: похоже на ФИО, не банк)",2026-07-13T21:02:35.134138+00:00
gsheets-p2p-drops-fevral-2026,Карты,2026-07-04,card,220423******0662,220423,МИР,,Casher,https://casher36.win,https://casher36.win,Д*** Б.,"(скрыто: похоже на ФИО, не банк)",2026-07-13T21:02:35.136646+00:00
gsheets-p2p-drops-fevral-2026,Карты,2026-07-04,card,220423******4447,220423,МИР,,Casher,https://casher36.win,https://casher36.win,А*** М.,"(скрыто: похоже на ФИО, не банк)",2026-07-13T21:02:35.138646+00:00
gsheets-p2p-drops-fevral-2026,Карты,2026-07-04,card,220423******2925,220423,МИР,,Casher,https://casher36.win,https://casher36.win,Я*** Е.,"(скрыто: похоже на ФИО, не банк)",2026-07-13T21:02:35.140645+00:00
gsheets-p2p-drops-fevral-2026,Карты,2026-07-04,card,220423******7129,220423,МИР,,Casher,https://casher36.win,https://casher36.win,М*** К.,"(скрыто: похоже на ФИО, не банк)",2026-07-13T21:02:35.143151+00:00
gsheets-p2p-drops-fevral-2026,Карты,2026-07-04,card,220423******7244,220423,МИР,,Casher,https://casher36.win,https://casher36.win,Ж*** М.,"(скрыто: похоже на ФИО, не банк)",2026-07-13T21:02:35.145658+00:00
gsheets-p2p-drops-fevral-2026,Карты,2026-07-04,card,220423******6086,220423,МИР,,Casher,https://casher36.win,https://casher36.win,А*** Ю.,"(скрыто: похоже на ФИО, не банк)",2026-07-13T21:02:35.147663+00:00
gsheets-p2p-drops-fevral-2026,Карты,2026-07-04,card,220423******9543,220423,МИР,,Casher,https://casher36.win,https://casher36.win,Г*** А.,"(скрыто: похоже на ФИО, не банк)",2026-07-13T21:02:35.149662+00:00
gsheets-p2p-drops-fevral-2026,Карты,2026-07-04,card,220423******4351,220423,МИР,,Casher,https://casher36.win,https://casher36.win,А*** ч.,"(скрыто: похоже на ФИО, не банк)",2026-07-13T21:02:35.151663+00:00
gsheets-p2p-drops-fevral-2026,Карты,2026-07-04,card,220423******8471,220423,МИР,,Casher,https://casher36.win,https://casher36.win,Д*** Б.,"(скрыто: похоже на ФИО, не банк)",2026-07-13T21:02:35.154172+00:00
gsheets-p2p-drops-fevral-2026,Карты,2026-07-04,card,220423******0169,220423,МИР,,Casher,https://casher36.win,https://casher36.win,В*** М.,"(скрыто: похоже на ФИО, не банк)",2026-07-13T21:02:35.156679+00:00
gsheets-p2p-drops-fevral-2026,Карты,2026-07-04,card,220423******5801,220423,МИР,,Casher,https://casher36.win,https://casher36.win,Д*** Ш.,"(скрыто: похоже на ФИО, не банк)",2026-07-13T21:02:35.158680+00:00
gsheets-p2p-drops-fevral-2026,Карты,2026-07-04,card,220423******7404,220423,МИР,,Casher,https://casher36.win,https://casher36.win,К*** А.,"(скрыто: похоже на ФИО, не банк)",2026-07-13T21:02:35.160680+00:00
gsheets-p2p-drops-fevral-2026,Карты,2026-07-04,card,220423******7784,220423,МИР,,Casher,https://casher36.win,https://casher36.win,А*** О.,"(скрыто: похоже на ФИО, не банк)",2026-07-13T21:02:35.163183+00:00
gsheets-p2p-drops-fevral-2026,Карты,2026-07-04,card,220423******3490,220423,МИР,,Casher,https://casher36.win,https://casher36.win,м*** и.,"(скрыто: похоже на ФИО, не банк)",2026-07-13T21:02:35.165692+00:00
gsheets-p2p-drops-fevral-2026,Карты,2026-07-04,card,220423******4819,220423,МИР,,Casher,https://casher36.win,https://casher36.win,С*** Г.,"(скрыто: похоже на ФИО, не банк)",2026-07-13T21:02:35.167697+00:00
gsheets-p2p-drops-fevral-2026,Карты,2026-07-04,card,220423******5267,220423,МИР,,Casher,https://casher36.win,https://casher36.win,М*** А.,"(скрыто: похоже на ФИО, не банк)",2026-07-13T21:02:35.169697+00:00
gsheets-p2p-drops-fevral-2026,Карты,2026-07-04,card,220423******1708,220423,МИР,,Casher,https://casher36.win,https://casher36.win,С*** В.,"(скрыто: похоже на ФИО, не банк)",2026-07-13T21:02:35.171696+00:00
gsheets-p2p-drops-fevral-2026,Карты,2026-07-04,card,220423******2185,220423,МИР,,Casher,https://casher36.win,https://casher36.win,С*** Р.,"(скрыто: похоже на ФИО, не банк)",2026-07-13T21:02:35.174204+00:00
gsheets-p2p-drops-fevral-2026,Карты,2026-07-04,card,220423******7449,220423,МИР,,Casher,https://casher36.win,https://casher36.win,А*** Т.,"(скрыто: похоже на ФИО, не банк)",2026-07-13T21:02:35.175709+00:00
gsheets-p2p-drops-fevral-2026,Карты,2026-07-04,card,220008******0527,220008,МИР,,friends,https://friends-casino244.com,https://fastpropay247.com,А*** В.,,2026-07-13T21:02:35.177713+00:00
gsheets-p2p-drops-fevral-2026,Карты,2026-07-04,card,220070******9290,220070,МИР,,friends,https://friends-casino244.com,https://fastpropay247.com,Д*** В.,Тинькофф,2026-07-13T21:02:35.179714+00:00
gsheets-p2p-drops-fevral-2026,Карты,2026-07-04,card,220070******7649,220070,МИР,,friends,https://friends-casino244.com,https://fastpropay247.com,Р*** Б.,Тинькофф,2026-07-13T21:02:35.181715+00:00
gsheets-p2p-drops-fevral-2026,Карты,2026-07-04,card,220070******5926,220070,МИР,,friends,https://friends-casino244.com,https://fastpropay247.com,Т*** Д.,Тинькофф,2026-07-13T21:02:35.184225+00:00
gsheets-p2p-drops-fevral-2026,Карты,2026-07-04,card,220196******4174,220196,МИР,,friends,https://friends-casino244.com,https://fastpropay247.com,Б*** С.,"(скрыто: похоже на ФИО, не банк)",2026-07-13T21:02:35.186733+00:00
gsheets-p2p-drops-fevral-2026,Карты,2026-07-04,card,220220******3008,220220,МИР,,friends,https://friends-casino244.com,https://fastpropay247.com,М*** М.,Сбербанк,2026-07-13T21:02:35.188734+00:00
gsheets-p2p-drops-fevral-2026,Карты,2026-07-04,card,220220******3008,220220,МИР,,friends,https://friends-casino244.com,https://fastpropay247.com,М*** М.,Сбербанк,2026-07-13T21:02:35.190733+00:00
gsheets-p2p-drops-fevral-2026,Карты,2026-07-04,card,220431******7761,220431,МИР,,friends,https://friends-casino244.com,https://fastpropay247.com,М*** В.,"(скрыто: похоже на ФИО, не банк)",2026-07-13T21:02:35.193238+00:00
gsheets-p2p-drops-fevral-2026,Карты,2026-07-04,card,220432******3211,220432,МИР,,friends,https://friends-casino244.com,https://fastpropay247.com,Г*** А.,Озон-Банк,2026-07-13T21:02:35.195745+00:00
gsheets-p2p-drops-fevral-2026,Карты,2026-07-04,card,220070******1303,220070,МИР,,selector,https://selector498.gg,https://fastpropay247.com,М*** А.,Тинькофф,2026-07-13T21:02:35.197750+00:00
gsheets-p2p-drops-fevral-2026,Карты,2026-07-04,card,220070******0513,220070,МИР,,selector,https://selector498.gg,https://fastpropay247.com,Т*** Д.,Тинькофф,2026-07-13T21:02:35.199752+00:00
gsheets-p2p-drops-fevral-2026,Карты,2026-07-04,card,220070******5926,220070,МИР,,selector,https://selector498.gg,https://fastpropay247.com,Т*** Д.,Тинькофф,2026-07-13T21:02:35.201751+00:00
gsheets-p2p-drops-fevral-2026,Карты,2026-07-04,card,220070******5926,220070,МИР,,selector,https://selector498.gg,https://fastpropay247.com,Т*** Д.,Тинькофф,2026-07-13T21:02:35.204260+00:00
gsheets-p2p-drops-fevral-2026,Карты,2026-07-04,card,220070******5926,220070,МИР,,selector,https://selector498.gg,https://fastpropay247.com,Т*** Д.,Тинькофф,2026-07-13T21:02:35.205764+00:00
gsheets-p2p-drops-fevral-2026,Карты,2026-07-04,card,220070******5710,220070,МИР,,selector,https://selector498.gg,https://fastpropay247.com,Т*** Д.,Тинькофф,2026-07-13T21:02:35.208275+00:00
gsheets-p2p-drops-fevral-2026,Карты,2026-07-04,card,220196******4174,220196,МИР,,selector,https://selector498.gg,https://fastpropay247.com,Б*** С.,"(скрыто: похоже на ФИО, не банк)",2026-07-13T21:02:35.210279+00:00
gsheets-p2p-drops-fevral-2026,Карты,2026-07-04,card,220196******4174,220196,МИР,,selector,https://selector498.gg,https://fastpropay247.com,Б*** С.,"(скрыто: похоже на ФИО, не банк)",2026-07-13T21:02:35.212782+00:00
gsheets-p2p-drops-fevral-2026,Карты,2026-07-04,card,220220******3354,220220,МИР,,selector,https://selector498.gg,https://fastpropay247.com,Ш*** М.,Сбербанк,2026-07-13T21:02:35.215293+00:00
gsheets-p2p-drops-fevral-2026,Карты,2026-07-04,card,220220******3489,220220,МИР,,selector,https://selector498.gg,https://fastpropay247.com,А*** А.,Сбербанк,2026-07-13T21:02:35.217298+00:00
gsheets-p2p-drops-fevral-2026,Карты,2026-07-04,card,220423******2128,220423,МИР,,selector,https://selector498.gg,https://fastpropay247.com,К*** Р.,"(скрыто: похоже на ФИО, не банк)",2026-07-13T21:02:35.219298+00:00
gsheets-p2p-drops-fevral-2026,Карты,2026-07-04,card,220423******2128,220423,МИР,,selector,https://selector498.gg,https://fastpropay247.com,К*** Р.,"(скрыто: похоже на ФИО, не банк)",2026-07-13T21:02:35.221299+00:00
gsheets-p2p-drops-fevral-2026,Карты,2026-07-04,card,220432******3211,220432,МИР,,selector,https://selector498.gg,https://fastpropay247.com,Г*** А.,Озон-Банк,2026-07-13T21:02:35.223809+00:00
gsheets-p2p-drops-fevral-2026,Карты,2026-07-04,card,220432******7486,220432,МИР,,selector,https://selector498.gg,https://fastpropay247.com,К*** Р.,Озон-Банк,2026-07-13T21:02:35.226322+00:00
gsheets-p2p-drops-fevral-2026,Карты,2026-07-04,card,220008******0527,220008,МИР,,turbo,https://turbo-casino116.gg,https://fastpropay247.com,А*** В.,,2026-07-13T21:02:35.229322+00:00
gsheets-p2p-drops-fevral-2026,Карты,2026-07-04,card,220027******6949,220027,МИР,,turbo,https://turbo-casino116.gg,https://fastpropay247.com,Г*** З.,roketbank,2026-07-13T21:02:35.231320+00:00
gsheets-p2p-drops-fevral-2026,Карты,2026-07-04,card,220027******6949,220027,МИР,,turbo,https://turbo-casino116.gg,https://fastpropay247.com,Г*** З.,roketbank,2026-07-13T21:02:35.233828+00:00
gsheets-p2p-drops-fevral-2026,Карты,2026-07-04,card,220070******7649,220070,МИР,,turbo,https://turbo-casino116.gg,https://fastpropay247.com,Р*** Б.,Тинькофф,2026-07-13T21:02:35.236339+00:00
gsheets-p2p-drops-fevral-2026,Карты,2026-07-04,card,220070******5926,220070,МИР,,turbo,https://turbo-casino116.gg,https://fastpropay247.com,Т*** Д.,Тинькофф,2026-07-13T21:02:35.238339+00:00
gsheets-p2p-drops-fevral-2026,Карты,2026-07-04,card,220070******5926,220070,МИР,,turbo,https://turbo-casino116.gg,https://fastpropay247.com,Т*** Д.,Тинькофф,2026-07-13T21:02:35.240338+00:00
gsheets-p2p-drops-fevral-2026,Карты,2026-07-04,card,220070******5710,220070,МИР,,turbo,https://turbo-casino116.gg,https://fastpropay247.com,Т*** Д.,Тинькофф,2026-07-13T21:02:35.242844+00:00
gsheets-p2p-drops-fevral-2026,Карты,2026-07-04,card,220220******3489,220220,МИР,,turbo,https://turbo-casino116.gg,https://fastpropay247.com,А*** А.,Сбербанк,2026-07-13T21:02:35.243849+00:00
gsheets-p2p-drops-fevral-2026,Карты,2026-07-04,card,220412******0247,220412,МИР,,turbo,https://turbo-casino116.gg,https://fastpropay247.com,С*** П.,ЮМани,2026-07-13T21:02:35.247362+00:00
gsheets-p2p-drops-fevral-2026,Карты,2026-07-04,card,220432******6057,220432,МИР,,turbo,https://turbo-casino116.gg,https://fastpropay247.com,З*** Ш.,Озон-Банк,2026-07-13T21:02:35.249360+00:00
gsheets-p2p-drops-fevral-2026,Карты,2026-07-04,card,220003******3307,220003,МИР,,Twingo,https://twingo2.win,https://vlks.softapi.org,Е*** Р.,ПСБ,2026-07-13T21:02:35.251361+00:00
gsheets-p2p-drops-fevral-2026,Карты,2026-07-04,card,220070******0975,220070,МИР,,Twingo,https://twingo2.win,https://vlks.softapi.org,Д*** А.,Тинькофф,2026-07-13T21:02:35.253869+00:00
gsheets-p2p-drops-fevral-2026,Карты,2026-07-04,card,220423******3930,220423,МИР,,Twingo,https://twingo2.win,https://vlks.softapi.org,И*** Ж.,wildberries-bank,2026-07-13T21:02:35.256377+00:00
gsheets-p2p-drops-fevral-2026,Карты,2026-07-04,card,220423******9690,220423,МИР,,Twingo,https://twingo2.win,https://vlks.softapi.org,М*** М.,wildberries-bank,2026-07-13T21:02:35.258377+00:00
gsheets-p2p-drops-fevral-2026,Карты,2026-07-04,card,220070******9730,220070,МИР,,Vodka,https://vodka71c2.com,https://vodka71c2.com,М*** А.,Тинькофф ,2026-07-13T21:02:35.261378+00:00
gsheets-p2p-drops-fevral-2026,Карты,2026-07-04,card,220423******3514,220423,МИР,,Vodka,https://vodka71c2.com,https://vodka71c2.com,Н*** А.,"(скрыто: похоже на ФИО, не банк)",2026-07-13T21:02:35.262881+00:00
gsheets-p2p-drops-fevral-2026,Карты,2026-07-04,card,220423******2389,220423,МИР,,Vodka,https://vodka71c2.com,https://vodka71c2.com,А*** Е.,"(скрыто: похоже на ФИО, не банк)",2026-07-13T21:02:35.265389+00:00
gsheets-p2p-drops-fevral-2026,Карты,2026-07-04,card,220423******3835,220423,МИР,,Vodka,https://vodka71c2.com,https://vodka71c2.com,Д*** Д.,"(скрыто: похоже на ФИО, не банк)",2026-07-13T21:02:35.267394+00:00
gsheets-p2p-drops-fevral-2026,Карты,2026-07-05,card,220220******5314,220220,МИР,,Auf,https://aufcasinobase.com,https://h2h-pur.org,Ф*** О.,Сбербанк,2026-07-13T21:02:35.269394+00:00
gsheets-p2p-drops-fevral-2026,Карты,2026-07-05,card,220423******8434,220423,МИР,,Auf,https://aufcasinobase.com,https://h2h-pur.org,Е*** Г.,Вайлдберриз,2026-07-13T21:02:35.271394+00:00
gsheets-p2p-drops-fevral-2026,Карты,2026-07-05,card,220423******9401,220423,МИР,,Auf,https://aufcasinobase.com,https://h2h-pur.org,П*** А.,Вайлдберриз,2026-07-13T21:02:35.273902+00:00
gsheets-p2p-drops-fevral-2026,Карты,2026-07-05,card,220423******9693,220423,МИР,,Auf,https://aufcasinobase.com,https://h2h-pur.org,Е*** Г.,Вайлдберриз,2026-07-13T21:02:35.276410+00:00
gsheets-p2p-drops-fevral-2026,Карты,2026-07-05,card,220423******2977,220423,МИР,,Auf,https://aufcasinobase.com,https://h2h-pur.org,А*** С.,Вайлдберриз,2026-07-13T21:02:35.278410+00:00
gsheets-p2p-drops-fevral-2026,Карты,2026-07-05,card,220423******1559,220423,МИР,,Auf,https://aufcasinobase.com,https://h2h-pur.org,Л***,Вайлдберриз,2026-07-13T21:02:35.280411+00:00
gsheets-p2p-drops-fevral-2026,Карты,2026-07-05,card,220423******7205,220423,МИР,,Auf,https://aufcasinobase.com,https://h2h-pur.org,А*** Д.,Вайлдберриз,2026-07-13T21:02:35.282913+00:00
gsheets-p2p-drops-fevral-2026,Карты,2026-07-05,card,220423******2419,220423,МИР,,Auf,https://aufcasinobase.com,https://h2h-pur.org,п*** с.,Вайлдберриз,2026-07-13T21:02:35.283919+00:00
gsheets-p2p-drops-fevral-2026,Карты,2026-07-05,card,220423******3399,220423,МИР,,Auf,https://aufcasinobase.com,https://h2h-pur.org,И*** А.,Вайлдберриз,2026-07-13T21:02:35.287429+00:00
gsheets-p2p-drops-fevral-2026,Карты,2026-07-05,card,220423******2959,220423,МИР,,Auf,https://aufcasinobase.com,https://h2h-pur.org,Е*** С.,Вайлдберриз,2026-07-13T21:02:35.289428+00:00
gsheets-p2p-drops-fevral-2026,Карты,2026-07-05,card,220027******5134,220027,МИР,,blitz,https://blitz19.red,https://fastpropay247.com,Д*** М.,roketbank,2026-07-13T21:02:35.291428+00:00
gsheets-p2p-drops-fevral-2026,Карты,2026-07-05,card,220027******4068,220027,МИР,,blitz,https://blitz19.red,https://fastpropay247.com,Б*** Г.,Рокетбанк,2026-07-13T21:02:35.293936+00:00
gsheets-p2p-drops-fevral-2026,Карты,2026-07-05,card,220027******4068,220027,МИР,,blitz,https://blitz19.red,https://fastpropay247.com,Б*** Г.,Рокетбанк,2026-07-13T21:02:35.295439+00:00
gsheets-p2p-drops-fevral-2026,Карты,2026-07-05,card,220030******8046,220030,МИР,,blitz,https://blitz19.red,https://fastpropay247.com,П*** В.,Райффайзенбанк,2026-07-13T21:02:35.298446+00:00
gsheets-p2p-drops-fevral-2026,Карты,2026-07-05,card,220070******1331,220070,МИР,,blitz,https://blitz19.red,https://fastpropay247.com,М*** А.,Тинькофф,2026-07-13T21:02:35.300444+00:00
gsheets-p2p-drops-fevral-2026,Карты,2026-07-05,card,220070******0513,220070,МИР,,blitz,https://blitz19.red,https://fastpropay247.com,Т*** Д.,Тинькофф,2026-07-13T21:02:35.301444+00:00
gsheets-p2p-drops-fevral-2026,Карты,2026-07-05,card,220423******3209,220423,МИР,,blitz,https://blitz19.red,https://fastpropay247.com,Д*** Н.,"(скрыто: похоже на ФИО, не банк)",2026-07-13T21:02:35.303953+00:00
gsheets-p2p-drops-fevral-2026,Карты,2026-07-05,card,220424******0673,220424,МИР,,blitz,https://blitz19.red,https://fastpropay247.com,С*** Р.,Озон-Банк,2026-07-13T21:02:35.306462+00:00
gsheets-p2p-drops-fevral-2026,Карты,2026-07-05,card,220003******1182,220003,МИР,,bounty,https://bounty-casino71.com,https://fastpropay247.com,Е*** А.,Промсвязьбанк,2026-07-13T21:02:35.308965+00:00
gsheets-p2p-drops-fevral-2026,Карты,2026-07-05,card,220027******4068,220027,МИР,,Bounty,https://bounty-casino71.com,https://fastpropay247.com,Б*** Г.,Рокетбанк,2026-07-13T21:02:35.310969+00:00
gsheets-p2p-drops-fevral-2026,Карты,2026-07-05,card,220070******5039,220070,МИР,,bounty,https://bounty-casino71.com,https://fastpropay247.com,А*** Б.,Тинькофф,2026-07-13T21:02:35.312969+00:00
gsheets-p2p-drops-fevral-2026,Карты,2026-07-05,card,220070******3114,220070,МИР,,bounty,https://bounty-casino71.com,https://fastpropay247.com,К*** Д.,Тинькофф,2026-07-13T21:02:35.315540+00:00
gsheets-p2p-drops-fevral-2026,Карты,2026-07-05,card,220196******1068,220196,МИР,,bounty,https://bounty-casino71.com,https://fastpropay247.com,Ш*** А.,"(скрыто: похоже на ФИО, не банк)",2026-07-13T21:02:35.317544+00:00
gsheets-p2p-drops-fevral-2026,Карты,2026-07-05,card,220220******3354,220220,МИР,,bounty,https://bounty-casino71.com,https://fastpropay247.com,Ш*** М.,Сбербанк,2026-07-13T21:02:35.319546+00:00
gsheets-p2p-drops-fevral-2026,Карты,2026-07-05,card,220220******3354,220220,МИР,,bounty,https://bounty-casino71.com,https://fastpropay247.com,Ш*** М.,Сбербанк,2026-07-13T21:02:35.321545+00:00
gsheets-p2p-drops-fevral-2026,Карты,2026-07-05,card,220027******4068,220027,МИР,,Brillx,https://brillx100.gg,https://fastpropay247.com,Б*** Г.,Рокетбанк,2026-07-13T21:02:35.324055+00:00
gsheets-p2p-drops-fevral-2026,Карты,2026-07-05,card,220030******8046,220030,МИР,,brillx,https://brillx100.gg,https://fastpropay247.com,П*** В.,Райффайзенбанк,2026-07-13T21:02:35.326566+00:00
gsheets-p2p-drops-fevral-2026,Карты,2026-07-05,card,220030******8046,220030,МИР,,brillx,https://brillx100.gg,https://fastpropay247.com,П*** В.,Райффайзенбанк,2026-07-13T21:02:35.328565+00:00
gsheets-p2p-drops-fevral-2026,Карты,2026-07-05,card,220070******3114,220070,МИР,,brillx,https://brillx100.gg,https://fastpropay247.com,К*** Д.,Тинькофф,2026-07-13T21:02:35.330565+00:00
gsheets-p2p-drops-fevral-2026,Карты,2026-07-05,card,220070******6962,220070,МИР,,brillx,https://brillx100.gg,https://fastpropay247.com,С*** К.,Тинькофф,2026-07-13T21:02:35.333070+00:00
gsheets-p2p-drops-fevral-2026,Карты,2026-07-05,card,220423******3209,220423,МИР,,brillx,https://brillx100.gg,https://fastpropay247.com,Д*** Н.,"(скрыто: похоже на ФИО, не банк)",2026-07-13T21:02:35.335580+00:00
gsheets-p2p-drops-fevral-2026,Карты,2026-07-05,card,220015******8681,220015,МИР,,Casher,https://casher36.win,https://casher36.win,К*** С.,Альфабанк,2026-07-13T21:02:35.337585+00:00
gsheets-p2p-drops-fevral-2026,Карты,2026-07-05,card,220017******3895,220017,МИР,,Casher,https://casher36.win,https://casher36.win,Б*** К.,,2026-07-13T21:02:35.339585+00:00
gsheets-p2p-drops-fevral-2026,Карты,2026-07-05,card,220018******6044,220018,МИР,,Casher,https://casher36.win,https://casher36.win,Д*** М.,СеверГазБанк,2026-07-13T21:02:35.341587+00:00
gsheets-p2p-drops-fevral-2026,Карты,2026-07-05,card,220019******1476,220019,МИР,,Casher,https://casher36.win,https://casher36.win,А*** А.,Уралсиб,2026-07-13T21:02:35.344095+00:00
gsheets-p2p-drops-fevral-2026,Карты,2026-07-05,card,220019******5590,220019,МИР,,Casher,https://casher36.win,https://casher36.win,Я*** А.,Уралсиб,2026-07-13T21:02:35.346607+00:00
gsheets-p2p-drops-fevral-2026,Карты,2026-07-05,card,220019******8767,220019,МИР,,Casher,https://casher36.win,https://casher36.win,Д*** М.,Уралсиб,2026-07-13T21:02:35.348606+00:00
gsheets-p2p-drops-fevral-2026,Карты,2026-07-05,card,220019******9538,220019,МИР,,Casher,https://casher36.win,https://casher36.win,Б*** М.,Уралсиб,2026-07-13T21:02:35.350604+00:00
gsheets-p2p-drops-fevral-2026,Карты,2026-07-05,card,220019******9563,220019,МИР,,Casher,https://casher36.win,https://casher36.win,Ч*** С.,,2026-07-13T21:02:35.353108+00:00
gsheets-p2p-drops-fevral-2026,Карты,2026-07-05,card,220070******0198,220070,МИР,,Casher,https://casher36.win,https://casher36.win,В*** К.,Т-Банк,2026-07-13T21:02:35.355620+00:00
gsheets-p2p-drops-fevral-2026,Карты,2026-07-05,card,220070******9852,220070,МИР,,Casher,https://casher36.win,https://casher36.win,С*** Г.,Т-Банк,2026-07-13T21:02:35.357624+00:00
gsheets-p2p-drops-fevral-2026,Карты,2026-07-05,card,220156******3837,220156,МИР,,Casher,https://casher36.win,https://casher36.win,М*** Г.,"(скрыто: похоже на ФИО, не банк)",2026-07-13T21:02:35.359624+00:00
gsheets-p2p-drops-fevral-2026,Карты,2026-07-05,card,220196******7058,220196,МИР,,Casher,https://casher36.win,https://casher36.win,Х*** Д.,ОТП,2026-07-13T21:02:35.361625+00:00
gsheets-p2p-drops-fevral-2026,Карты,2026-07-05,card,220220******9199,220220,МИР,,Casher,https://casher36.win,https://casher36.win,О*** М.,Сбербанк,2026-07-13T21:02:35.364132+00:00
gsheets-p2p-drops-fevral-2026,Карты,2026-07-05,card,220423******3726,220423,МИР,,Casher,https://casher36.win,https://casher36.win,Р***,Вайлдберриз,2026-07-13T21:02:35.366644+00:00
gsheets-p2p-drops-fevral-2026,Карты,2026-07-05,card,220423******2435,220423,МИР,,Casher,https://casher36.win,https://casher36.win,А*** Ю.,Вайлдберриз,2026-07-13T21:02:35.368641+00:00
gsheets-p2p-drops-fevral-2026,Карты,2026-07-05,card,220423******1175,220423,МИР,,Casher,https://casher36.win,https://casher36.win,Е*** А.,Вайлдберриз,2026-07-13T21:02:35.370640+00:00
gsheets-p2p-drops-fevral-2026,Карты,2026-07-05,card,220423******7709,220423,МИР,,Casher,https://casher36.win,https://casher36.win,М*** А.,Вайлдберриз,2026-07-13T21:02:35.373146+00:00
gsheets-p2p-drops-fevral-2026,Карты,2026-07-05,card,220423******0651,220423,МИР,,Casher,https://casher36.win,https://casher36.win,М*** Э.,Вайлдберриз,2026-07-13T21:02:35.375655+00:00
gsheets-p2p-drops-fevral-2026,Карты,2026-07-05,card,220423******4463,220423,МИР,,Casher,https://casher36.win,https://casher36.win,Х*** А.,Вайлдберриз,2026-07-13T21:02:35.377661+00:00
gsheets-p2p-drops-fevral-2026,Карты,2026-07-05,card,220423******6727,220423,МИР,,Casher,https://casher36.win,https://casher36.win,Ш*** А.,Вайлдберриз,2026-07-13T21:02:35.379660+00:00
gsheets-p2p-drops-fevral-2026,Карты,2026-07-05,card,220423******9628,220423,МИР,,Casher,https://casher36.win,https://casher36.win,И*** Л.,Вайлдберриз,2026-07-13T21:02:35.381661+00:00
gsheets-p2p-drops-fevral-2026,Карты,2026-07-05,card,220423******1292,220423,МИР,,Casher,https://casher36.win,https://casher36.win,М*** В.,Вайлдберриз,2026-07-13T21:02:35.384168+00:00
gsheets-p2p-drops-fevral-2026,Карты,2026-07-05,card,220423******7348,220423,МИР,,Casher,https://casher36.win,https://casher36.win,С*** Д.,Вайлдберриз,2026-07-13T21:02:35.386676+00:00
gsheets-p2p-drops-fevral-2026,Карты,2026-07-05,card,220423******8035,220423,МИР,,Casher,https://casher36.win,https://casher36.win,И*** В.,Вайлдберриз,2026-07-13T21:02:35.388677+00:00
gsheets-p2p-drops-fevral-2026,Карты,2026-07-05,card,220423******1401,220423,МИР,,Casher,https://casher36.win,https://casher36.win,М*** Д.,Вайлдберриз,2026-07-13T21:02:35.391246+00:00
gsheets-p2p-drops-fevral-2026,Карты,2026-07-05,card,220423******4536,220423,МИР,,Casher,https://casher36.win,https://casher36.win,П*** А.,Вайлдберриз,2026-07-13T21:02:35.393882+00:00
gsheets-p2p-drops-fevral-2026,Карты,2026-07-05,card,220423******7885,220423,МИР,,Casher,https://casher36.win,https://casher36.win,Р*** М.,Вайлдберриз,2026-07-13T21:02:35.395957+00:00
gsheets-p2p-drops-fevral-2026,Карты,2026-07-05,card,220423******7827,220423,МИР,,Casher,https://casher36.win,https://casher36.win,А*** М.,Вайлдберриз,2026-07-13T21:02:35.398028+00:00
gsheets-p2p-drops-fevral-2026,Карты,2026-07-05,card,220423******2165,220423,МИР,,Casher,https://casher36.win,https://casher36.win,А*** У.,Вайлдберриз,2026-07-13T21:02:35.400632+00:00
gsheets-p2p-drops-fevral-2026,Карты,2026-07-05,card,220423******0282,220423,МИР,,Casher,https://casher36.win,https://casher36.win,Х*** Г.,Вайлдберриз,2026-07-13T21:02:35.401669+00:00
gsheets-p2p-drops-fevral-2026,Карты,2026-07-05,card,220423******6768,220423,МИР,,Casher,https://casher36.win,https://casher36.win,В*** Б.,Вайлдберриз,2026-07-13T21:02:35.404185+00:00
gsheets-p2p-drops-fevral-2026,Карты,2026-07-05,card,220423******0387,220423,МИР,,Casher,https://casher36.win,https://casher36.win,В*** А.,Вайлдберриз,2026-07-13T21:02:35.406694+00:00
gsheets-p2p-drops-fevral-2026,Карты,2026-07-05,card,220423******4779,220423,МИР,,Casher,https://casher36.win,https://casher36.win,Н*** Ч.,Вайлдберриз,2026-07-13T21:02:35.408695+00:00
gsheets-p2p-drops-fevral-2026,Карты,2026-07-05,card,220423******1977,220423,МИР,,Casher,https://casher36.win,https://casher36.win,К*** О.,Вайлдберриз,2026-07-13T21:02:35.410787+00:00
gsheets-p2p-drops-fevral-2026,Карты,2026-07-05,card,220423******3500,220423,МИР,,Casher,https://casher36.win,https://casher36.win,К*** Е.,Вайлдберриз,2026-07-13T21:02:35.413294+00:00
gsheets-p2p-drops-fevral-2026,Карты,2026-07-05,card,220423******6484,220423,МИР,,Casher,https://casher36.win,https://casher36.win,А*** П.,Вайлдберриз,2026-07-13T21:02:35.415299+00:00
gsheets-p2p-drops-fevral-2026,Карты,2026-07-05,card,220423******8081,220423,МИР,,Casher,https://casher36.win,https://casher36.win,В*** Л.,Вайлдберриз,2026-07-13T21:02:35.417302+00:00
gsheets-p2p-drops-fevral-2026,Карты,2026-07-05,card,220423******0430,220423,МИР,,Casher,https://casher36.win,https://casher36.win,Н*** А.,Вайлдберриз,2026-07-13T21:02:35.419302+00:00
gsheets-p2p-drops-fevral-2026,Карты,2026-07-05,card,220423******1229,220423,МИР,,Casher,https://casher36.win,https://casher36.win,В*** Л.,Вайлдберриз,2026-07-13T21:02:35.421303+00:00
gsheets-p2p-drops-fevral-2026,Карты,2026-07-05,card,220423******3787,220423,МИР,,Casher,https://casher36.win,https://casher36.win,А*** Е.,Вайлдберриз,2026-07-13T21:02:35.423812+00:00
gsheets-p2p-drops-fevral-2026,Карты,2026-07-05,card,220423******4854,220423,МИР,,Casher,https://casher36.win,https://casher36.win,С*** К.,Вайлдберриз,2026-07-13T21:02:35.426320+00:00
gsheets-p2p-drops-fevral-2026,Карты,2026-07-05,card,220423******5968,220423,МИР,,Casher,https://casher36.win,https://casher36.win,А*** М.,Вайлдберриз,2026-07-13T21:02:35.428320+00:00
gsheets-p2p-drops-fevral-2026,Карты,2026-07-05,card,220423******7089,220423,МИР,,Casher,https://casher36.win,https://casher36.win,С*** А.,Вайлдберриз,2026-07-13T21:02:35.430321+00:00
gsheets-p2p-drops-fevral-2026,Карты,2026-07-05,card,220423******1079,220423,МИР,,Casher,https://casher36.win,https://casher36.win,Ю*** Б.,Вайлдберриз,2026-07-13T21:02:35.432825+00:00
gsheets-p2p-drops-fevral-2026,Карты,2026-07-05,card,220423******2925,220423,МИР,,Casher,https://casher36.win,https://casher36.win,Я*** Е.,Вайлдберриз,2026-07-13T21:02:35.433831+00:00
gsheets-p2p-drops-fevral-2026,Карты,2026-07-05,card,220423******0441,220423,МИР,,Casher,https://casher36.win,https://casher36.win,В*** Б.,Вайлдберриз,2026-07-13T21:02:35.436339+00:00
gsheets-p2p-drops-fevral-2026,Карты,2026-07-05,card,220423******1837,220423,МИР,,Casher,https://casher36.win,https://casher36.win,А*** В.,Вайлдберриз,2026-07-13T21:02:35.438340+00:00
gsheets-p2p-drops-fevral-2026,Карты,2026-07-05,card,220423******7244,220423,МИР,,Casher,https://casher36.win,https://casher36.win,Ж*** М.,Вайлдберриз,2026-07-13T21:02:35.440340+00:00
gsheets-p2p-drops-fevral-2026,Карты,2026-07-05,card,220423******9543,220423,МИР,,Casher,https://casher36.win,https://casher36.win,Г*** А.,Вайлдберриз,2026-07-13T21:02:35.442847+00:00
gsheets-p2p-drops-fevral-2026,Карты,2026-07-05,card,220423******0871,220423,МИР,,Casher,https://casher36.win,https://casher36.win,В*** Л.,Вайлдберриз,2026-07-13T21:02:35.445357+00:00
gsheets-p2p-drops-fevral-2026,Карты,2026-07-05,card,220423******8465,220423,МИР,,Casher,https://casher36.win,https://casher36.win,Г*** К.,Вайлдберриз,2026-07-13T21:02:35.447361+00:00
gsheets-p2p-drops-fevral-2026,Карты,2026-07-05,card,220423******5146,220423,МИР,,Casher,https://casher36.win,https://casher36.win,Н*** П.,Вайлдберриз,2026-07-13T21:02:35.449362+00:00
gsheets-p2p-drops-fevral-2026,Карты,2026-07-05,card,220423******5401,220423,МИР,,Casher,https://casher36.win,https://casher36.win,И*** Ш.,Вайлдберриз,2026-07-13T21:02:35.451361+00:00
gsheets-p2p-drops-fevral-2026,Карты,2026-07-05,card,220423******6193,220423,МИР,,Casher,https://casher36.win,https://casher36.win,С*** Ш.,Вайлдберриз,2026-07-13T21:02:35.453873+00:00
gsheets-p2p-drops-fevral-2026,Карты,2026-07-05,card,220423******6051,220423,МИР,,Casher,https://casher36.win,https://casher36.win,А*** С.,Вайлдберриз,2026-07-13T21:02:35.455380+00:00
gsheets-p2p-drops-fevral-2026,Карты,2026-07-05,card,220423******1804,220423,МИР,,Casher,https://casher36.win,https://casher36.win,М*** Н.,Вайлдберриз,2026-07-13T21:02:35.458384+00:00
gsheets-p2p-drops-fevral-2026,Карты,2026-07-05,card,220423******3329,220423,МИР,,Casher,https://casher36.win,https://casher36.win,Э*** Д.,Вайлдберриз,2026-07-13T21:02:35.460780+00:00
gsheets-p2p-drops-fevral-2026,Карты,2026-07-05,card,220423******1250,220423,МИР,,Casher,https://casher36.win,https://casher36.win,Н*** М.,Вайлдберриз,2026-07-13T21:02:35.462852+00:00
gsheets-p2p-drops-fevral-2026,Карты,2026-07-05,card,220423******4005,220423,МИР,,Casher,https://casher36.win,https://casher36.win,Д*** К.,Вайлдберриз,2026-07-13T21:02:35.464921+00:00
gsheets-p2p-drops-fevral-2026,Карты,2026-07-05,card,220423******7404,220423,МИР,,Casher,https://casher36.win,https://casher36.win,К*** А.,Вайлдберриз,2026-07-13T21:02:35.467518+00:00
gsheets-p2p-drops-fevral-2026,Карты,2026-07-05,card,220423******1265,220423,МИР,,Casher,https://casher36.win,https://casher36.win,П*** П.,Вайлдберриз,2026-07-13T21:02:35.469599+00:00
gsheets-p2p-drops-fevral-2026,Карты,2026-07-05,card,220423******3756,220423,МИР,,Casher,https://casher36.win,https://casher36.win,Р*** Х.,Вайлдберриз,2026-07-13T21:02:35.471121+00:00
gsheets-p2p-drops-fevral-2026,Карты,2026-07-05,card,220423******2419,220423,МИР,,Casher,https://casher36.win,https://casher36.win,П*** С.,Вайлдберриз,2026-07-13T21:02:35.473121+00:00
gsheets-p2p-drops-fevral-2026,Карты,2026-07-05,card,220423******2269,220423,МИР,,Casher,https://casher36.win,https://casher36.win,М*** И.,Вайлдберриз,2026-07-13T21:02:35.475693+00:00
gsheets-p2p-drops-fevral-2026,Карты,2026-07-05,card,220423******9892,220423,МИР,,Casher,https://casher36.win,https://casher36.win,Д*** Л.,Вайлдберриз,2026-07-13T21:02:35.477697+00:00
gsheets-p2p-drops-fevral-2026,Карты,2026-07-05,card,220423******9256,220423,МИР,,Casher,https://casher36.win,https://casher36.win,П*** С.,Вайлдберриз,2026-07-13T21:02:35.479698+00:00
gsheets-p2p-drops-fevral-2026,Карты,2026-07-05,card,220423******2185,220423,МИР,,Casher,https://casher36.win,https://casher36.win,С*** Р.,Вайлдберриз,2026-07-13T21:02:35.481698+00:00
gsheets-p2p-drops-fevral-2026,Карты,2026-07-05,card,220423******0548,220423,МИР,,Casher,https://casher36.win,https://casher36.win,Б*** А.,Вайлдберриз,2026-07-13T21:02:35.484207+00:00
gsheets-p2p-drops-fevral-2026,Карты,2026-07-05,card,220423******2550,220423,МИР,,Casher,https://casher36.win,https://casher36.win,А*** Х.,Вайлдберриз,2026-07-13T21:02:35.486716+00:00
gsheets-p2p-drops-fevral-2026,Карты,2026-07-05,card,220423******8779,220423,МИР,,Casher,https://casher36.win,https://casher36.win,И*** Я.,Вайлдберриз,2026-07-13T21:02:35.488717+00:00
gsheets-p2p-drops-fevral-2026,Карты,2026-07-05,card,220423******9148,220423,МИР,,Casher,https://casher36.win,https://casher36.win,А*** л.,Вайлдберриз,2026-07-13T21:02:35.490715+00:00
gsheets-p2p-drops-fevral-2026,Карты,2026-07-05,card,220423******6779,220423,МИР,,Casher,https://casher36.win,https://casher36.win,О*** А.,Вайлдберриз,2026-07-13T21:02:35.493222+00:00
gsheets-p2p-drops-fevral-2026,Карты,2026-07-05,card,220423******5559,220423,МИР,,Disi,https://disi.games,https://cascadepay.xyz,В*** В.,Wildberries-bank,2026-07-13T21:02:35.495733+00:00
gsheets-p2p-drops-fevral-2026,Карты,2026-07-05,card,220423******2269,220423,МИР,,Disi,https://disi.games,https://cascadepay.xyz,М*** И.,Wildberries-bank,2026-07-13T21:02:35.498739+00:00
gsheets-p2p-drops-fevral-2026,Карты,2026-07-05,card,220432******0804,220432,МИР,,Disi,https://disi.games,https://cascadepay.xyz,А*** Ж.,Озонбанк,2026-07-13T21:02:35.500738+00:00
gsheets-p2p-drops-fevral-2026,Карты,2026-07-05,card,220015******1933,220015,МИР,,Fontan,https://fontan83.xyz,https://fontan83.xyz,М*** Р.,АЛЬФА,2026-07-13T21:02:35.501738+00:00
gsheets-p2p-drops-fevral-2026,Карты,2026-07-05,card,220027******5134,220027,МИР,,friends,https://friends-casino244.com,https://fastpropay247.com,Д*** М.,roketbank,2026-07-13T21:02:35.504980+00:00
gsheets-p2p-drops-fevral-2026,Карты,2026-07-05,card,220027******5134,220027,МИР,,friends,https://friends-casino244.com,https://fastpropay247.com,Д*** М.,roketbank,2026-07-13T21:02:35.506986+00:00
gsheets-p2p-drops-fevral-2026,Карты,2026-07-05,card,220030******8046,220030,МИР,,friends,https://friends-casino244.com,https://fastpropay247.com,П*** В.,Райффайзенбанк,2026-07-13T21:02:35.508985+00:00
gsheets-p2p-drops-fevral-2026,Карты,2026-07-05,card,220070******7348,220070,МИР,,friends,https://friends-casino244.com,https://fastpropay247.com,В*** Е.,Тинькофф,2026-07-13T21:02:35.511008+00:00
gsheets-p2p-drops-fevral-2026,Карты,2026-07-05,card,220070******4455,220070,МИР,,friends,https://friends-casino244.com,https://fastpropay247.com,Б*** И.,Тинькофф,2026-07-13T21:02:35.513007+00:00
gsheets-p2p-drops-fevral-2026,Карты,2026-07-05,card,220070******6962,220070,МИР,,friends,https://friends-casino244.com,https://fastpropay247.com,С*** К.,Тинькофф,2026-07-13T21:02:35.515289+00:00
gsheets-p2p-drops-fevral-2026,Карты,2026-07-05,card,220070******6962,220070,МИР,,friends,https://friends-casino244.com,https://fastpropay247.com,С*** К.,Тинькофф,2026-07-13T21:02:35.517295+00:00
gsheets-p2p-drops-fevral-2026,Карты,2026-07-05,card,220070******6962,220070,МИР,,friends,https://friends-casino244.com,https://fastpropay247.com,С*** К.,Тинькофф,2026-07-13T21:02:35.520294+00:00
gsheets-p2p-drops-fevral-2026,Карты,2026-07-05,card,220070******6962,220070,МИР,,friends,https://friends-casino244.com,https://fastpropay247.com,С*** К.,Тинькофф,2026-07-13T21:02:35.521294+00:00
gsheets-p2p-drops-fevral-2026,Карты,2026-07-05,card,220070******7649,220070,МИР,,friends,https://friends-casino244.com,https://fastpropay247.com,Р*** Б.,Тинькофф,2026-07-13T21:02:35.523802+00:00
gsheets-p2p-drops-fevral-2026,Карты,2026-07-05,card,220423******3209,220423,МИР,,friends,https://friends-casino244.com,https://fastpropay247.com,Д*** Н.,"(скрыто: похоже на ФИО, не банк)",2026-07-13T21:02:35.526311+00:00
gsheets-p2p-drops-fevral-2026,Карты,2026-07-05,card,220432******3211,220432,МИР,,friends,https://friends-casino244.com,https://fastpropay247.com,Г*** А.,Озон-Банк,2026-07-13T21:02:35.528311+00:00
gsheets-p2p-drops-fevral-2026,Карты,2026-07-05,card,220196******2845,220196,МИР,,Honeymoney,https://gethmoney.xyz,https://h2h-yel.org,Н*** И.,ОТП-Банк,2026-07-13T21:02:35.531312+00:00
gsheets-p2p-drops-fevral-2026,Карты,2026-07-05,card,220220******5314,220220,МИР,,Honeymoney,https://gethmoney.xyz,https://h2h-yel.org,Ф*** О.,Сбербанк,2026-07-13T21:02:35.532816+00:00
gsheets-p2p-drops-fevral-2026,Карты,2026-07-05,card,220220******6328,220220,МИР,,Honeymoney,https://gethmoney.xyz,https://h2h-yel.org,О*** А.,Sber,2026-07-13T21:02:35.535326+00:00
gsheets-p2p-drops-fevral-2026,Карты,2026-07-05,card,220423******2964,220423,МИР,,Honeymoney,https://gethmoney.xyz,https://h2h-yel.org,А*** Б.,Вайлдберриз,2026-07-13T21:02:35.538332+00:00
gsheets-p2p-drops-fevral-2026,Карты,2026-07-05,card,220423******4639,220423,МИР,,Honeymoney,https://gethmoney.xyz,https://h2h-yel.org,А*** П.,Вайлдберриз,2026-07-13T21:02:35.540331+00:00
gsheets-p2p-drops-fevral-2026,Карты,2026-07-05,card,220423******9401,220423,МИР,,Honeymoney,https://gethmoney.xyz,https://h2h-yel.org,П*** А.,Вайлдберриз,2026-07-13T21:02:35.541330+00:00
gsheets-p2p-drops-fevral-2026,Карты,2026-07-05,card,220423******0662,220423,МИР,,Honeymoney,https://gethmoney.xyz,https://h2h-yel.org,С*** В.,Вайлдберриз,2026-07-13T21:02:35.543839+00:00
gsheets-p2p-drops-fevral-2026,Карты,2026-07-05,card,220423******9971,220423,МИР,,Honeymoney,https://gethmoney.xyz,https://h2h-yel.org,Б*** М.,Вайлдберриз,2026-07-13T21:02:35.546350+00:00
gsheets-p2p-drops-fevral-2026,Карты,2026-07-05,card,220423******6823,220423,МИР,,Honeymoney,https://gethmoney.xyz,https://h2h-yel.org,Д*** В.,Вайлдберриз,2026-07-13T21:02:35.548348+00:00
gsheets-p2p-drops-fevral-2026,Карты,2026-07-05,card,220423******7820,220423,МИР,,Honeymoney,https://gethmoney.xyz,https://h2h-yel.org,Е*** К.,Вайлдберриз,2026-07-13T21:02:35.550349+00:00
gsheets-p2p-drops-fevral-2026,Карты,2026-07-05,card,220423******7299,220423,МИР,,Honeymoney,https://gethmoney.xyz,https://h2h-yel.org,М*** С.,Вайлдберриз,2026-07-13T21:02:35.552852+00:00
gsheets-p2p-drops-fevral-2026,Карты,2026-07-05,card,220423******8286,220423,МИР,,Honeymoney,https://gethmoney.xyz,https://h2h-yel.org,И*** А.,Вайлдберриз,2026-07-13T21:02:35.555365+00:00
gsheets-p2p-drops-fevral-2026,Карты,2026-07-05,card,220423******8465,220423,МИР,,Honeymoney,https://gethmoney.xyz,https://h2h-yel.org,Г*** К.,Вайлдберриз,2026-07-13T21:02:35.557369+00:00
gsheets-p2p-drops-fevral-2026,Карты,2026-07-05,card,220423******7783,220423,МИР,,Honeymoney,https://gethmoney.xyz,https://h2h-yel.org,Э*** Б.,Вайлдберриз,2026-07-13T21:02:35.559370+00:00
gsheets-p2p-drops-fevral-2026,Карты,2026-07-05,card,220431******3640,220431,МИР,,Honeymoney,https://gethmoney.xyz,https://h2h-yel.org,И*** Г.,"(скрыто: похоже на ФИО, не банк)",2026-07-13T21:02:35.561370+00:00
gsheets-p2p-drops-fevral-2026,Карты,2026-07-05,card,220070******0928,220070,МИР,,Hype,https://hypecasinosite.xyz,https://h2h-red.org,Т*** К.,Т-Банк,2026-07-13T21:02:35.563880+00:00
gsheets-p2p-drops-fevral-2026,Карты,2026-07-05,card,220423******8514,220423,МИР,,Hype,https://hypecasinosite.xyz,https://h2h-red.org,М*** К.,Вайлдберриз,2026-07-13T21:02:35.565384+00:00
gsheets-p2p-drops-fevral-2026,Карты,2026-07-05,card,220423******6223,220423,МИР,,Hype,https://hypecasinosite.xyz,https://h2h-red.org,Д*** Л.,Вайлдберриз,2026-07-13T21:02:35.568388+00:00
gsheets-p2p-drops-fevral-2026,Карты,2026-07-05,card,220423******2075,220423,МИР,,Hype,https://hypecasinosite.xyz,https://h2h-red.org,Н*** С.,Вайлдберриз,2026-07-13T21:02:35.570389+00:00
gsheets-p2p-drops-fevral-2026,Карты,2026-07-05,card,220423******1657,220423,МИР,,Hype,https://hypecasinosite.xyz,https://h2h-red.org,А*** М.,Вайлдберриз,2026-07-13T21:02:35.571389+00:00
gsheets-p2p-drops-fevral-2026,Карты,2026-07-05,card,220423******9117,220423,МИР,,Hype,https://hypecasinosite.xyz,https://h2h-red.org,А*** А.,Вайлдберриз,2026-07-13T21:02:35.573897+00:00
gsheets-p2p-drops-fevral-2026,Карты,2026-07-05,card,220423******9752,220423,МИР,,Hype,https://hypecasinosite.xyz,https://h2h-red.org,В*** В.,Вайлдберриз,2026-07-13T21:02:35.576407+00:00
gsheets-p2p-drops-fevral-2026,Карты,2026-07-05,card,220027******4068,220027,МИР,,Selector,https://selector498.gg,https://fastpropay247.com,Б*** Г.,Рокетбанк,2026-07-13T21:02:35.578406+00:00
gsheets-p2p-drops-fevral-2026,Карты,2026-07-05,card,220030******8046,220030,МИР,,selector,https://selector498.gg,https://fastpropay247.com,П*** В.,Райффайзенбанк,2026-07-13T21:02:35.581406+00:00
gsheets-p2p-drops-fevral-2026,Карты,2026-07-05,card,220070******7348,220070,МИР,,selector,https://selector498.gg,https://fastpropay247.com,В*** Е.,Тинькофф,2026-07-13T21:02:35.582911+00:00
gsheets-p2p-drops-fevral-2026,Карты,2026-07-05,card,220220******3354,220220,МИР,,selector,https://selector498.gg,https://fastpropay247.com,Ш*** М.,Сбербанк,2026-07-13T21:02:35.585419+00:00
gsheets-p2p-drops-fevral-2026,Карты,2026-07-05,card,220220******3354,220220,МИР,,selector,https://selector498.gg,https://fastpropay247.com,Ш*** М.,Сбербанк,2026-07-13T21:02:35.587424+00:00
gsheets-p2p-drops-fevral-2026,Карты,2026-07-05,card,220030******8046,220030,МИР,,turbo,https://turbo-casino116.gg,https://fastpropay247.com,П*** В.,Райффайзенбанк,2026-07-13T21:02:35.589424+00:00
gsheets-p2p-drops-fevral-2026,Карты,2026-07-05,card,220070******1507,220070,МИР,,turbo,https://turbo-casino116.gg,https://fastpropay247.com,С*** В.,Тинькофф,2026-07-13T21:02:35.591424+00:00
gsheets-p2p-drops-fevral-2026,Карты,2026-07-05,card,220070******9290,220070,МИР,,turbo,https://turbo-casino116.gg,https://fastpropay247.com,Д*** В.,Тинькофф,2026-07-13T21:02:35.593934+00:00
gsheets-p2p-drops-fevral-2026,Карты,2026-07-05,card,220070******5926,220070,МИР,,turbo,https://turbo-casino116.gg,https://fastpropay247.com,Т*** Д.,Тинькофф,2026-07-13T21:02:35.595440+00:00
gsheets-p2p-drops-fevral-2026,Карты,2026-07-05,card,220070******5710,220070,МИР,,turbo,https://turbo-casino116.gg,https://fastpropay247.com,Т*** Д.,Тинькофф,2026-07-13T21:02:35.598445+00:00
gsheets-p2p-drops-fevral-2026,Карты,2026-07-05,card,220196******1068,220196,МИР,,turbo,https://turbo-casino116.gg,https://fastpropay247.com,Ш*** А.,"(скрыто: похоже на ФИО, не банк)",2026-07-13T21:02:35.600445+00:00
gsheets-p2p-drops-fevral-2026,Карты,2026-07-05,card,220024******6692,220024,МИР,,Unlim,https://h2h-ora.org,https://h2h-ora.org,Ю***,ВТБ,2026-07-13T21:02:35.602949+00:00
gsheets-p2p-drops-fevral-2026,Карты,2026-07-05,card,220070******4823,220070,МИР,,Unlim,https://h2h-ora.org,https://h2h-ora.org,Ю***,Т-Банк,2026-07-13T21:02:35.603954+00:00
gsheets-p2p-drops-fevral-2026,Карты,2026-07-05,card,220220******6328,220220,МИР,,Unlim,https://h2h-ora.org,https://h2h-ora.org,О*** А.,Sber,2026-07-13T21:02:35.607464+00:00
gsheets-p2p-drops-fevral-2026,Карты,2026-07-05,card,220423******4703,220423,МИР,,Unlim,https://h2h-ora.org,https://h2h-ora.org,А*** А.,Вайлдберриз,2026-07-13T21:02:35.608968+00:00
gsheets-p2p-drops-fevral-2026,Карты,2026-07-05,card,220423******9971,220423,МИР,,Unlim,https://h2h-ora.org,https://h2h-ora.org,Б*** М.,Вайлдберриз,2026-07-13T21:02:35.610974+00:00
gsheets-p2p-drops-fevral-2026,Карты,2026-07-05,card,220423******6855,220423,МИР,,Unlim,https://h2h-ora.org,https://h2h-ora.org,А***,Вайлдберриз,2026-07-13T21:02:35.612973+00:00
gsheets-p2p-drops-fevral-2026,Карты,2026-07-05,card,220423******2075,220423,МИР,,Unlim,https://h2h-ora.org,https://h2h-ora.org,Н*** С.,Вайлдберриз,2026-07-13T21:02:35.615601+00:00
gsheets-p2p-drops-fevral-2026,Карты,2026-07-05,card,220423******9582,220423,МИР,,Unlim,https://h2h-ora.org,https://h2h-ora.org,Ю*** Г.,Вайлдберриз,2026-07-13T21:02:35.617608+00:00
gsheets-p2p-drops-fevral-2026,Карты,2026-07-05,card,220423******3787,220423,МИР,,Unlim,https://h2h-ora.org,https://h2h-ora.org,А*** Е.,Вайлдберриз,2026-07-13T21:02:35.620605+00:00
gsheets-p2p-drops-fevral-2026,Карты,2026-07-05,card,220423******3490,220423,МИР,,Unlim,https://h2h-ora.org,https://h2h-ora.org,м*** и.,Вайлдберриз,2026-07-13T21:02:35.621606+00:00
gsheets-p2p-drops-fevral-2026,Карты,2026-07-05,card,220423******5102,220423,МИР,,Unlim,https://h2h-ora.org,https://h2h-ora.org,О*** А.,Вайлдберриз,2026-07-13T21:02:35.624116+00:00
gsheets-p2p-drops-fevral-2026,Карты,2026-07-05,card,220423******8001,220423,МИР,,Vodka,https://vodka71c2.com,https://vodka71c2.com,Д*** К.,Вайлдберриз ,2026-07-13T21:02:35.626624+00:00
gsheets-p2p-drops-fevral-2026,Карты,2026-07-05,card,220423******1002,220423,МИР,,Vodka,https://vodka71c2.com,https://vodka71c2.com,К*** Д.,Вайлдберриз ,2026-07-13T21:02:35.628624+00:00
gsheets-p2p-drops-fevral-2026,Карты,2026-07-05,card,220423******3399,220423,МИР,,Vodka,https://vodka71c2.com,https://vodka71c2.com,Э*** В.,Вайлдберриз ,2026-07-13T21:02:35.631624+00:00
gsheets-p2p-drops-fevral-2026,Карты,2026-07-05,card,220423******7794,220423,МИР,,Vodka,https://vodka71c2.com,https://vodka71c2.com,А*** Е.,Вайлдберриз ,2026-07-13T21:02:35.633128+00:00
gsheets-p2p-drops-fevral-2026,Карты,2026-07-05,card,220423******0555,220423,МИР,,Vodka,https://vodka71c2.com,https://vodka71c2.com,Д*** Ч.,Вайлдберриз ,2026-07-13T21:02:35.635665+00:00
gsheets-p2p-drops-fevral-2026,Карты,2026-07-05,card,220423******6094,220423,МИР,,Vodka,https://vodka71c2.com,https://vodka71c2.com,Я***,Вайлдберриз ,2026-07-13T21:02:35.637670+00:00
gsheets-p2p-drops-fevral-2026,Карты,2026-07-05,card,220423******5018,220423,МИР,,Vodka,https://vodka71c2.com,https://vodka71c2.com,В***,Вайлдберриз ,2026-07-13T21:02:35.639670+00:00
gsheets-p2p-drops-fevral-2026,Карты,2026-07-05,card,220423******0754,220423,МИР,,Vodka,https://vodka71c2.com,https://vodka71c2.com,И*** Ж.,Вайлдберриз ,2026-07-13T21:02:35.641669+00:00
gsheets-p2p-drops-fevral-2026,Карты,2026-07-05,card,220423******0914,220423,МИР,,Vodka,https://vodka71c2.com,https://vodka71c2.com,Р***,Вайлдберриз ,2026-07-13T21:02:35.644683+00:00
gsheets-p2p-drops-fevral-2026,Карты,2026-07-05,card,220423******7471,220423,МИР,,Vodka,https://vodka71c2.com,https://vodka71c2.com,А***,Вайлдберриз ,2026-07-13T21:02:35.646688+00:00
gsheets-p2p-drops-fevral-2026,Карты,2026-07-05,card,220432******6543,220432,МИР,,Vodka,https://vodka71c2.com,https://vodka71c2.com,Н*** В.,Озон ,2026-07-13T21:02:35.648688+00:00
gsheets-p2p-drops-fevral-2026,Карты,2026-07-06,card,220026******4190,220026,МИР,,blitz,https://blitz19.red,https://fastpropay247.com,С*** Д.,"(скрыто: похоже на ФИО, не банк)",2026-07-13T21:02:35.650688+00:00
gsheets-p2p-drops-fevral-2026,Карты,2026-07-06,card,220027******4411,220027,МИР,,blitz,https://blitz19.red,https://fastpropay247.com,И*** Ч.,roketbank,2026-07-13T21:02:35.653194+00:00
gsheets-p2p-drops-fevral-2026,Карты,2026-07-06,card,220070******7179,220070,МИР,,blitz,https://blitz19.red,https://fastpropay247.com,Х*** И.,Тинькофф,2026-07-13T21:02:35.655703+00:00
gsheets-p2p-drops-fevral-2026,Карты,2026-07-06,card,220070******1542,220070,МИР,,blitz,https://blitz19.red,https://fastpropay247.com,Л*** Б.,Тинькофф,2026-07-13T21:02:35.657708+00:00
gsheets-p2p-drops-fevral-2026,Карты,2026-07-06,card,220070******1331,220070,МИР,,blitz,https://blitz19.red,https://fastpropay247.com,М*** А.,Тинькофф,2026-07-13T21:02:35.659708+00:00
gsheets-p2p-drops-fevral-2026,Карты,2026-07-06,card,220070******7649,220070,МИР,,blitz,https://blitz19.red,https://fastpropay247.com,Р*** Б.,Тинькофф,2026-07-13T21:02:35.661712+00:00
gsheets-p2p-drops-fevral-2026,Карты,2026-07-06,card,220423******2128,220423,МИР,,blitz,https://blitz19.red,https://fastpropay247.com,К*** Р.,"(скрыто: похоже на ФИО, не банк)",2026-07-13T21:02:35.664221+00:00
gsheets-p2p-drops-fevral-2026,Карты,2026-07-06,card,220423******0441,220423,МИР,,blitz,https://blitz19.red,https://fastpropay247.com,В*** Б.,"(скрыто: похоже на ФИО, не банк)",2026-07-13T21:02:35.665726+00:00
gsheets-p2p-drops-fevral-2026,Карты,2026-07-06,card,220423******0441,220423,МИР,,blitz,https://blitz19.red,https://fastpropay247.com,В*** Б.,"(скрыто: похоже на ФИО, не банк)",2026-07-13T21:02:35.667730+00:00
gsheets-p2p-drops-fevral-2026,Карты,2026-07-06,card,220423******0441,220423,МИР,,blitz,https://blitz19.red,https://fastpropay247.com,В*** Б.,"(скрыто: похоже на ФИО, не банк)",2026-07-13T21:02:35.670731+00:00
gsheets-p2p-drops-fevral-2026,Карты,2026-07-06,card,220027******4411,220027,МИР,,bounty,https://bounty-casino71.com,https://fastpropay247.com,И*** Ч.,roketbank,2026-07-13T21:02:35.671731+00:00
gsheets-p2p-drops-fevral-2026,Карты,2026-07-06,card,220070******3114,220070,МИР,,bounty,https://bounty-casino71.com,https://fastpropay247.com,К*** Д.,Тинькофф,2026-07-13T21:02:35.674241+00:00
gsheets-p2p-drops-fevral-2026,Карты,2026-07-06,card,220070******7179,220070,МИР,,bounty,https://bounty-casino71.com,https://fastpropay247.com,Х*** И.,Тинькофф,2026-07-13T21:02:35.676750+00:00
gsheets-p2p-drops-fevral-2026,Карты,2026-07-06,card,220070******1542,220070,МИР,,bounty,https://bounty-casino71.com,https://fastpropay247.com,Л*** Б.,Тинькофф,2026-07-13T21:02:35.678751+00:00
gsheets-p2p-drops-fevral-2026,Карты,2026-07-06,card,220070******1542,220070,МИР,,bounty,https://bounty-casino71.com,https://fastpropay247.com,Л*** Б.,Тинькофф,2026-07-13T21:02:35.681022+00:00
gsheets-p2p-drops-fevral-2026,Карты,2026-07-06,card,220070******9570,220070,МИР,,bounty,https://bounty-casino71.com,https://fastpropay247.com,,Тинькофф,2026-07-13T21:02:35.683023+00:00
gsheets-p2p-drops-fevral-2026,Карты,2026-07-06,card,220070******7649,220070,МИР,,bounty,https://bounty-casino71.com,https://fastpropay247.com,Р*** Б.,Тинькофф,2026-07-13T21:02:35.685592+00:00
gsheets-p2p-drops-fevral-2026,Карты,2026-07-06,card,220070******7649,220070,МИР,,bounty,https://bounty-casino71.com,https://fastpropay247.com,Р*** Б.,Тинькофф,2026-07-13T21:02:35.687596+00:00
gsheets-p2p-drops-fevral-2026,Карты,2026-07-06,card,220070******7649,220070,МИР,,bounty,https://bounty-casino71.com,https://fastpropay247.com,Р*** Б.,Тинькофф,2026-07-13T21:02:35.689596+00:00
gsheets-p2p-drops-fevral-2026,Карты,2026-07-06,card,220070******7649,220070,МИР,,bounty,https://bounty-casino71.com,https://fastpropay247.com,Р*** Б.,Тинькофф,2026-07-13T21:02:35.691596+00:00
gsheets-p2p-drops-fevral-2026,Карты,2026-07-06,card,220070******7649,220070,МИР,,bounty,https://bounty-casino71.com,https://fastpropay247.com,Р*** Б.,Тинькофф,2026-07-13T21:02:35.693878+00:00
gsheets-p2p-drops-fevral-2026,Карты,2026-07-06,card,220423******2128,220423,МИР,,bounty,https://bounty-casino71.com,https://fastpropay247.com,К*** Р.,"(скрыто: похоже на ФИО, не банк)",2026-07-13T21:02:35.696472+00:00
gsheets-p2p-drops-fevral-2026,Карты,2026-07-06,card,220423******2128,220423,МИР,,bounty,https://bounty-casino71.com,https://fastpropay247.com,К*** Р.,"(скрыто: похоже на ФИО, не банк)",2026-07-13T21:02:35.698559+00:00
gsheets-p2p-drops-fevral-2026,Карты,2026-07-06,card,220423******6000,220423,МИР,,bounty,https://bounty-casino71.com,https://fastpropay247.com,Д*** О.,"(скрыто: похоже на ФИО, не банк)",2026-07-13T21:02:35.701151+00:00
gsheets-p2p-drops-fevral-2026,Карты,2026-07-06,card,220423******6000,220423,МИР,,bounty,https://bounty-casino71.com,https://fastpropay247.com,Д*** О.,"(скрыто: похоже на ФИО, не банк)",2026-07-13T21:02:35.702705+00:00
gsheets-p2p-drops-fevral-2026,Карты,2026-07-06,card,220423******6000,220423,МИР,,bounty,https://bounty-casino71.com,https://fastpropay247.com,Д*** О.,"(скрыто: похоже на ФИО, не банк)",2026-07-13T21:02:35.704809+00:00
gsheets-p2p-drops-fevral-2026,Карты,2026-07-06,card,220423******0441,220423,МИР,,bounty,https://bounty-casino71.com,https://fastpropay247.com,В*** Б.,"(скрыто: похоже на ФИО, не банк)",2026-07-13T21:02:35.706813+00:00
gsheets-p2p-drops-fevral-2026,Карты,2026-07-06,card,220423******0441,220423,МИР,,bounty,https://bounty-casino71.com,https://fastpropay247.com,В*** Б.,"(скрыто: похоже на ФИО, не банк)",2026-07-13T21:02:35.708813+00:00
gsheets-p2p-drops-fevral-2026,Карты,2026-07-06,card,220027******4411,220027,МИР,,brillx,https://brillx100.gg,https://fastpropay247.com,И*** Ч.,roketbank,2026-07-13T21:02:35.711895+00:00
gsheets-p2p-drops-fevral-2026,Карты,2026-07-06,card,220027******4411,220027,МИР,,brillx,https://brillx100.gg,https://fastpropay247.com,И*** Ч.,roketbank,2026-07-13T21:02:35.713398+00:00
gsheets-p2p-drops-fevral-2026,Карты,2026-07-06,card,220070******3114,220070,МИР,,brillx,https://brillx100.gg,https://fastpropay247.com,К*** Д.,Тинькофф,2026-07-13T21:02:35.716406+00:00
gsheets-p2p-drops-fevral-2026,Карты,2026-07-06,card,220070******0457,220070,МИР,,brillx,https://brillx100.gg,https://fastpropay247.com,Г*** В.,Тинькофф,2026-07-13T21:02:35.718405+00:00
gsheets-p2p-drops-fevral-2026,Карты,2026-07-06,card,220070******1331,220070,МИР,,brillx,https://brillx100.gg,https://fastpropay247.com,М*** А.,Тинькофф,2026-07-13T21:02:35.720406+00:00
gsheets-p2p-drops-fevral-2026,Карты,2026-07-06,card,220070******7649,220070,МИР,,brillx,https://brillx100.gg,https://fastpropay247.com,Р*** Б.,Тинькофф,2026-07-13T21:02:35.721406+00:00
gsheets-p2p-drops-fevral-2026,Карты,2026-07-06,card,220070******7649,220070,МИР,,brillx,https://brillx100.gg,https://fastpropay247.com,Р*** Б.,Тинькофф,2026-07-13T21:02:35.723915+00:00
gsheets-p2p-drops-fevral-2026,Карты,2026-07-06,card,220070******7649,220070,МИР,,brillx,https://brillx100.gg,https://fastpropay247.com,Р*** Б.,Тинькофф,2026-07-13T21:02:35.726423+00:00
gsheets-p2p-drops-fevral-2026,Карты,2026-07-06,card,220070******7649,220070,МИР,,brillx,https://brillx100.gg,https://fastpropay247.com,Р*** Б.,Тинькофф,2026-07-13T21:02:35.728422+00:00
gsheets-p2p-drops-fevral-2026,Карты,2026-07-06,card,220070******7649,220070,МИР,,brillx,https://brillx100.gg,https://fastpropay247.com,Р*** Б.,Тинькофф,2026-07-13T21:02:35.731423+00:00
gsheets-p2p-drops-fevral-2026,Карты,2026-07-06,card,220196******1926,220196,МИР,,brillx,https://brillx100.gg,https://fastpropay247.com,Ф*** Ф.,"(скрыто: похоже на ФИО, не банк)",2026-07-13T21:02:35.732926+00:00
gsheets-p2p-drops-fevral-2026,Карты,2026-07-06,card,220423******2128,220423,МИР,,brillx,https://brillx100.gg,https://fastpropay247.com,К*** Р.,"(скрыто: похоже на ФИО, не банк)",2026-07-13T21:02:35.735435+00:00
gsheets-p2p-drops-fevral-2026,Карты,2026-07-06,card,220423******6000,220423,МИР,,brillx,https://brillx100.gg,https://fastpropay247.com,Д*** О.,"(скрыто: похоже на ФИО, не банк)",2026-07-13T21:02:35.737439+00:00
gsheets-p2p-drops-fevral-2026,Карты,2026-07-06,card,220423******6000,220423,МИР,,brillx,https://brillx100.gg,https://fastpropay247.com,Д*** О.,"(скрыто: похоже на ФИО, не банк)",2026-07-13T21:02:35.739879+00:00
gsheets-p2p-drops-fevral-2026,Карты,2026-07-06,card,220423******0441,220423,МИР,,brillx,https://brillx100.gg,https://fastpropay247.com,В*** Б.,"(скрыто: похоже на ФИО, не банк)",2026-07-13T21:02:35.742069+00:00
gsheets-p2p-drops-fevral-2026,Карты,2026-07-06,card,220423******0441,220423,МИР,,brillx,https://brillx100.gg,https://fastpropay247.com,В*** Б.,"(скрыто: похоже на ФИО, не банк)",2026-07-13T21:02:35.744133+00:00
gsheets-p2p-drops-fevral-2026,Карты,2026-07-06,card,220423******0441,220423,МИР,,brillx,https://brillx100.gg,https://fastpropay247.com,В*** Б.,"(скрыто: похоже на ФИО, не банк)",2026-07-13T21:02:35.746764+00:00
gsheets-p2p-drops-fevral-2026,Карты,2026-07-06,card,220423******0441,220423,МИР,,brillx,https://brillx100.gg,https://fastpropay247.com,В*** Б.,"(скрыто: похоже на ФИО, не банк)",2026-07-13T21:02:35.748932+00:00
gsheets-p2p-drops-fevral-2026,Карты,2026-07-06,card,220423******0441,220423,МИР,,brillx,https://brillx100.gg,https://fastpropay247.com,В*** Б.,"(скрыто: похоже на ФИО, не банк)",2026-07-13T21:02:35.750428+00:00
gsheets-p2p-drops-fevral-2026,Карты,2026-07-06,card,220156******0828,220156,МИР,,Casher,https://casher36.win,https://casher36.win,Т*** В.,"(скрыто: похоже на ФИО, не банк)",2026-07-13T21:02:35.752937+00:00
gsheets-p2p-drops-fevral-2026,Карты,2026-07-06,card,220156******5280,220156,МИР,,Casher,https://casher36.win,https://casher36.win,,"(скрыто: похоже на ФИО, не банк)",2026-07-13T21:02:35.755445+00:00
gsheets-p2p-drops-fevral-2026,Карты,2026-07-06,card,220156******4522,220156,МИР,,Casher,https://casher36.win,https://casher36.win,С*** Н.,"(скрыто: похоже на ФИО, не банк)",2026-07-13T21:02:35.757449+00:00
gsheets-p2p-drops-fevral-2026,Карты,2026-07-06,card,220156******4388,220156,МИР,,Casher,https://casher36.win,https://casher36.win,А*** А.,"(скрыто: похоже на ФИО, не банк)",2026-07-13T21:02:35.759448+00:00
gsheets-p2p-drops-fevral-2026,Карты,2026-07-06,card,220196******6459,220196,МИР,,Casher,https://casher36.win,https://casher36.win,С***,"(скрыто: похоже на ФИО, не банк)",2026-07-13T21:02:35.761449+00:00
gsheets-p2p-drops-fevral-2026,Карты,2026-07-06,card,220196******0919,220196,МИР,,Casher,https://casher36.win,https://casher36.win,И*** З.,"(скрыто: похоже на ФИО, не банк)",2026-07-13T21:02:35.763957+00:00
gsheets-p2p-drops-fevral-2026,Карты,2026-07-06,card,220220******6556,220220,МИР,,Casher,https://casher36.win,https://casher36.win,Ж*** Т.,Сбербанк,2026-07-13T21:02:35.766465+00:00
gsheets-p2p-drops-fevral-2026,Карты,2026-07-06,card,220220******2454,220220,МИР,,Casher,https://casher36.win,https://casher36.win,Б*** Ш.,Сбербанк,2026-07-13T21:02:35.768464+00:00
gsheets-p2p-drops-fevral-2026,Карты,2026-07-06,card,220220******9199,220220,МИР,,Casher,https://casher36.win,https://casher36.win,О*** М.,Сбербанк,2026-07-13T21:02:35.771465+00:00
gsheets-p2p-drops-fevral-2026,Карты,2026-07-06,card,220220******0155,220220,МИР,,Casher,https://casher36.win,https://casher36.win,А*** Г.,Сбербанк,2026-07-13T21:02:35.772969+00:00
gsheets-p2p-drops-fevral-2026,Карты,2026-07-06,card,220423******3726,220423,МИР,,Casher,https://casher36.win,https://casher36.win,Р***,"(скрыто: похоже на ФИО, не банк)",2026-07-13T21:02:35.775477+00:00
gsheets-p2p-drops-fevral-2026,Карты,2026-07-06,card,220423******2406,220423,МИР,,Casher,https://casher36.win,https://casher36.win,Х*** Р.,"(скрыто: похоже на ФИО, не банк)",2026-07-13T21:02:35.777481+00:00
gsheets-p2p-drops-fevral-2026,Карты,2026-07-06,card,220423******2296,220423,МИР,,Casher,https://casher36.win,https://casher36.win,М*** П.,"(скрыто: похоже на ФИО, не банк)",2026-07-13T21:02:35.780481+00:00
gsheets-p2p-drops-fevral-2026,Карты,2026-07-06,card,220423******7932,220423,МИР,,Casher,https://casher36.win,https://casher36.win,,"(скрыто: похоже на ФИО, не банк)",2026-07-13T21:02:35.781481+00:00
gsheets-p2p-drops-fevral-2026,Карты,2026-07-06,card,220423******8542,220423,МИР,,Casher,https://casher36.win,https://casher36.win,Б*** Г.,"(скрыто: похоже на ФИО, не банк)",2026-07-13T21:02:35.783990+00:00
gsheets-p2p-drops-fevral-2026,Карты,2026-07-06,card,220423******0651,220423,МИР,,Casher,https://casher36.win,https://casher36.win,М*** Э.,"(скрыто: похоже на ФИО, не банк)",2026-07-13T21:02:35.786502+00:00
gsheets-p2p-drops-fevral-2026,Карты,2026-07-06,card,220423******6669,220423,МИР,,Casher,https://casher36.win,https://casher36.win,Ш*** Д.,"(скрыто: похоже на ФИО, не банк)",2026-07-13T21:02:35.788498+00:00
gsheets-p2p-drops-fevral-2026,Карты,2026-07-06,card,220423******7646,220423,МИР,,Casher,https://casher36.win,https://casher36.win,м*** д.,"(скрыто: похоже на ФИО, не банк)",2026-07-13T21:02:35.791498+00:00
gsheets-p2p-drops-fevral-2026,Карты,2026-07-06,card,220423******6862,220423,МИР,,Casher,https://casher36.win,https://casher36.win,Е*** Е.,"(скрыто: похоже на ФИО, не банк)",2026-07-13T21:02:35.793002+00:00
gsheets-p2p-drops-fevral-2026,Карты,2026-07-06,card,220423******0204,220423,МИР,,Casher,https://casher36.win,https://casher36.win,В*** К.,"(скрыто: похоже на ФИО, не банк)",2026-07-13T21:02:35.795511+00:00
gsheets-p2p-drops-fevral-2026,Карты,2026-07-06,card,220423******4536,220423,МИР,,Casher,https://casher36.win,https://casher36.win,П*** А.,"(скрыто: похоже на ФИО, не банк)",2026-07-13T21:02:35.797258+00:00
gsheets-p2p-drops-fevral-2026,Карты,2026-07-06,card,220423******7827,220423,МИР,,Casher,https://casher36.win,https://casher36.win,А*** М.,"(скрыто: похоже на ФИО, не банк)",2026-07-13T21:02:35.800262+00:00
gsheets-p2p-drops-fevral-2026,Карты,2026-07-06,card,220423******3899,220423,МИР,,Casher,https://casher36.win,https://casher36.win,Ш*** Р.,"(скрыто: похоже на ФИО, не банк)",2026-07-13T21:02:35.802272+00:00
gsheets-p2p-drops-fevral-2026,Карты,2026-07-06,card,220423******0282,220423,МИР,,Casher,https://casher36.win,https://casher36.win,Х*** Г.,"(скрыто: похоже на ФИО, не банк)",2026-07-13T21:02:35.804300+00:00
gsheets-p2p-drops-fevral-2026,Карты,2026-07-06,card,220423******4779,220423,МИР,,Casher,https://casher36.win,https://casher36.win,Н*** ч.,"(скрыто: похоже на ФИО, не банк)",2026-07-13T21:02:35.806304+00:00
gsheets-p2p-drops-fevral-2026,Карты,2026-07-06,card,220423******4642,220423,МИР,,Casher,https://casher36.win,https://casher36.win,М*** К.,"(скрыто: похоже на ФИО, не банк)",2026-07-13T21:02:35.808808+00:00
gsheets-p2p-drops-fevral-2026,Карты,2026-07-06,card,220423******0626,220423,МИР,,Casher,https://casher36.win,https://casher36.win,Д*** А.,"(скрыто: похоже на ФИО, не банк)",2026-07-13T21:02:35.810814+00:00
gsheets-p2p-drops-fevral-2026,Карты,2026-07-06,card,220423******2075,220423,МИР,,Casher,https://casher36.win,https://casher36.win,Н*** С.,"(скрыто: похоже на ФИО, не банк)",2026-07-13T21:02:35.812812+00:00
gsheets-p2p-drops-fevral-2026,Карты,2026-07-06,card,220423******1667,220423,МИР,,Casher,https://casher36.win,https://casher36.win,Р*** Н.,"(скрыто: похоже на ФИО, не банк)",2026-07-13T21:02:35.815856+00:00
gsheets-p2p-drops-fevral-2026,Карты,2026-07-06,card,220423******3983,220423,МИР,,Casher,https://casher36.win,https://casher36.win,Х*** А.,"(скрыто: похоже на ФИО, не банк)",2026-07-13T21:02:35.817855+00:00
gsheets-p2p-drops-fevral-2026,Карты,2026-07-06,card,220423******0441,220423,МИР,,Casher,https://casher36.win,https://casher36.win,В*** Б.,"(скрыто: похоже на ФИО, не банк)",2026-07-13T21:02:35.819855+00:00
gsheets-p2p-drops-fevral-2026,Карты,2026-07-06,card,220423******1837,220423,МИР,,Casher,https://casher36.win,https://casher36.win,А*** В.,"(скрыто: похоже на ФИО, не банк)",2026-07-13T21:02:35.821856+00:00
gsheets-p2p-drops-fevral-2026,Карты,2026-07-06,card,220423******7129,220423,МИР,,Casher,https://casher36.win,https://casher36.win,М*** К.,"(скрыто: похоже на ФИО, не банк)",2026-07-13T21:02:35.823975+00:00
gsheets-p2p-drops-fevral-2026,Карты,2026-07-06,card,220423******9543,220423,МИР,,Casher,https://casher36.win,https://casher36.win,Г*** А.,"(скрыто: похоже на ФИО, не банк)",2026-07-13T21:02:35.826484+00:00
gsheets-p2p-drops-fevral-2026,Карты,2026-07-06,card,220423******8069,220423,МИР,,Casher,https://casher36.win,https://casher36.win,М*** А.,"(скрыто: похоже на ФИО, не банк)",2026-07-13T21:02:35.828485+00:00
gsheets-p2p-drops-fevral-2026,Карты,2026-07-06,card,220423******7428,220423,МИР,,Casher,https://casher36.win,https://casher36.win,Л*** Ч.,"(скрыто: похоже на ФИО, не банк)",2026-07-13T21:02:35.830485+00:00
gsheets-p2p-drops-fevral-2026,Карты,2026-07-06,card,220423******7876,220423,МИР,,Casher,https://casher36.win,https://casher36.win,С*** И.,"(скрыто: похоже на ФИО, не банк)",2026-07-13T21:02:35.832988+00:00
gsheets-p2p-drops-fevral-2026,Карты,2026-07-06,card,220423******5559,220423,МИР,,Casher,https://casher36.win,https://casher36.win,В*** В.,"(скрыто: похоже на ФИО, не банк)",2026-07-13T21:02:35.835496+00:00
gsheets-p2p-drops-fevral-2026,Карты,2026-07-06,card,220423******3824,220423,МИР,,Casher,https://casher36.win,https://casher36.win,М*** С.,"(скрыто: похоже на ФИО, не банк)",2026-07-13T21:02:35.837500+00:00
gsheets-p2p-drops-fevral-2026,Карты,2026-07-06,card,220423******6785,220423,МИР,,Casher,https://casher36.win,https://casher36.win,Б*** О.,"(скрыто: похоже на ФИО, не банк)",2026-07-13T21:02:35.839500+00:00
gsheets-p2p-drops-fevral-2026,Карты,2026-07-06,card,220423******8722,220423,МИР,,Casher,https://casher36.win,https://casher36.win,В*** М.,"(скрыто: похоже на ФИО, не банк)",2026-07-13T21:02:35.841501+00:00
gsheets-p2p-drops-fevral-2026,Карты,2026-07-06,card,220423******5267,220423,МИР,,Casher,https://casher36.win,https://casher36.win,М***,"(скрыто: похоже на ФИО, не банк)",2026-07-13T21:02:35.844011+00:00
gsheets-p2p-drops-fevral-2026,Карты,2026-07-06,card,220423******6279,220423,МИР,,Casher,https://casher36.win,https://casher36.win,Г*** А.,"(скрыто: похоже на ФИО, не банк)",2026-07-13T21:02:35.846521+00:00
gsheets-p2p-drops-fevral-2026,Карты,2026-07-06,card,220423******9041,220423,МИР,,Casher,https://casher36.win,https://casher36.win,Ш*** В.,"(скрыто: похоже на ФИО, не банк)",2026-07-13T21:02:35.848521+00:00
gsheets-p2p-drops-fevral-2026,Карты,2026-07-06,card,220423******1708,220423,МИР,,Casher,https://casher36.win,https://casher36.win,С*** В.,"(скрыто: похоже на ФИО, не банк)",2026-07-13T21:02:35.850779+00:00
gsheets-p2p-drops-fevral-2026,Карты,2026-07-06,card,220423******5963,220423,МИР,,Casher,https://casher36.win,https://casher36.win,Х*** К.,"(скрыто: похоже на ФИО, не банк)",2026-07-13T21:02:35.853284+00:00
gsheets-p2p-drops-fevral-2026,Карты,2026-07-06,card,220423******0548,220423,МИР,,Casher,https://casher36.win,https://casher36.win,Б*** А.,"(скрыто: похоже на ФИО, не банк)",2026-07-13T21:02:35.854288+00:00
gsheets-p2p-drops-fevral-2026,Карты,2026-07-06,card,220423******9960,220423,МИР,,Casher,https://casher36.win,https://casher36.win,К*** И.,"(скрыто: похоже на ФИО, не банк)",2026-07-13T21:02:35.856797+00:00
gsheets-p2p-drops-fevral-2026,Карты,2026-07-06,card,220423******5053,220423,МИР,,Casher,https://casher36.win,https://casher36.win,В*** С.,"(скрыто: похоже на ФИО, не банк)",2026-07-13T21:02:35.858798+00:00
gsheets-p2p-drops-fevral-2026,Карты,2026-07-06,card,220070******7649,220070,МИР,,friends,https://friends-casino244.com,https://fastpropay247.com,Р*** Б.,Тинькофф,2026-07-13T21:02:35.861797+00:00
gsheets-p2p-drops-fevral-2026,Карты,2026-07-06,card,220220******1460,220220,МИР,,friends,https://friends-casino244.com,https://fastpropay247.com,,Сбербанк,2026-07-13T21:02:35.863862+00:00
gsheets-p2p-drops-fevral-2026,Карты,2026-07-06,card,220423******2128,220423,МИР,,friends,https://friends-casino244.com,https://fastpropay247.com,К*** Р.,"(скрыто: похоже на ФИО, не банк)",2026-07-13T21:02:35.865365+00:00
gsheets-p2p-drops-fevral-2026,Карты,2026-07-06,card,220423******2128,220423,МИР,,friends,https://friends-casino244.com,https://fastpropay247.com,К*** Р.,"(скрыто: похоже на ФИО, не банк)",2026-07-13T21:02:35.868370+00:00
gsheets-p2p-drops-fevral-2026,Карты,2026-07-06,card,220423******6000,220423,МИР,,friends,https://friends-casino244.com,https://fastpropay247.com,Д*** О.,"(скрыто: похоже на ФИО, не банк)",2026-07-13T21:02:35.870368+00:00
gsheets-p2p-drops-fevral-2026,Карты,2026-07-06,card,220423******6000,220423,МИР,,friends,https://friends-casino244.com,https://fastpropay247.com,Д*** О.,"(скрыто: похоже на ФИО, не банк)",2026-07-13T21:02:35.871368+00:00
gsheets-p2p-drops-fevral-2026,Карты,2026-07-06,card,220423******6000,220423,МИР,,friends,https://friends-casino244.com,https://fastpropay247.com,Д*** О.,"(скрыто: похоже на ФИО, не банк)",2026-07-13T21:02:35.873878+00:00
gsheets-p2p-drops-fevral-2026,Карты,2026-07-06,card,220423******6000,220423,МИР,,friends,https://friends-casino244.com,https://fastpropay247.com,Д*** О.,"(скрыто: похоже на ФИО, не банк)",2026-07-13T21:02:35.876385+00:00
gsheets-p2p-drops-fevral-2026,Карты,2026-07-06,card,220423******6000,220423,МИР,,friends,https://friends-casino244.com,https://fastpropay247.com,Д*** О.,"(скрыто: похоже на ФИО, не банк)",2026-07-13T21:02:35.878386+00:00
gsheets-p2p-drops-fevral-2026,Карты,2026-07-06,card,220423******0441,220423,МИР,,friends,https://friends-casino244.com,https://fastpropay247.com,В*** Б.,"(скрыто: похоже на ФИО, не банк)",2026-07-13T21:02:35.880384+00:00
gsheets-p2p-drops-fevral-2026,Карты,2026-07-06,card,220423******7248,220423,МИР,,Moneyx,https://mxc1h.com,https://mxc1h.com,К*** И.,"(скрыто: похоже на ФИО, не банк)",2026-07-13T21:02:35.882889+00:00
gsheets-p2p-drops-fevral-2026,Карты,2026-07-06,card,220423******0055,220423,МИР,,Moneyx,https://mxc1h.com,https://mxc1h.com,И*** И.,"(скрыто: похоже на ФИО, не банк)",2026-07-13T21:02:35.885399+00:00
gsheets-p2p-drops-fevral-2026,Карты,2026-07-06,card,220423******9604,220423,МИР,,Moneyx,https://mxc1h.com,https://mxc1h.com,w***,"(скрыто: похоже на ФИО, не банк)",2026-07-13T21:02:35.887405+00:00
gsheets-p2p-drops-fevral-2026,Карты,2026-07-06,card,220423******7298,220423,МИР,,Moneyx,https://mxc1h.com,https://mxc1h.com,Г*** А.,"(скрыто: похоже на ФИО, не банк)",2026-07-13T21:02:35.889732+00:00
gsheets-p2p-drops-fevral-2026,Карты,2026-07-06,card,220423******7070,220423,МИР,,Moneyx,https://mxc1h.com,https://mxc1h.com,П*** М.,"(скрыто: похоже на ФИО, не банк)",2026-07-13T21:02:35.891883+00:00
gsheets-p2p-drops-fevral-2026,Карты,2026-07-06,card,220423******9690,220423,МИР,,Moneyx,https://mxc1h.com,https://mxc1h.com,М*** М.,"(скрыто: похоже на ФИО, не банк)",2026-07-13T21:02:35.893959+00:00
gsheets-p2p-drops-fevral-2026,Карты,2026-07-06,card,220423******9184,220423,МИР,,Moneyx,https://mxc1h.com,https://mxc1h.com,К*** А.,"(скрыто: похоже на ФИО, не банк)",2026-07-13T21:02:35.896033+00:00
gsheets-p2p-drops-fevral-2026,Карты,2026-07-06,card,220423******2297,220423,МИР,,Moneyx,https://mxc1h.com,https://mxc1h.com,И*** А.,"(скрыто: похоже на ФИО, не банк)",2026-07-13T21:02:35.898112+00:00
gsheets-p2p-drops-fevral-2026,Карты,2026-07-06,card,220423******2641,220423,МИР,,Moneyx,https://mxc1h.com,https://mxc1h.com,Я*** А.,"(скрыто: похоже на ФИО, не банк)",2026-07-13T21:02:35.900238+00:00
gsheets-p2p-drops-fevral-2026,Карты,2026-07-06,card,220423******7439,220423,МИР,,Moneyx,https://mxc1h.com,https://mxc1h.com,Б*** Э.,"(скрыто: похоже на ФИО, не банк)",2026-07-13T21:02:35.901758+00:00
gsheets-p2p-drops-fevral-2026,Карты,2026-07-06,card,220423******3506,220423,МИР,,Moneyx,https://mxc1h.com,https://mxc1h.com,П*** В.,"(скрыто: похоже на ФИО, не банк)",2026-07-13T21:02:35.904265+00:00
gsheets-p2p-drops-fevral-2026,Карты,2026-07-06,card,220423******8181,220423,МИР,,Moneyx,https://mxc1h.com,https://mxc1h.com,А*** К.,"(скрыто: похоже на ФИО, не банк)",2026-07-13T21:02:35.906773+00:00
gsheets-p2p-drops-fevral-2026,Карты,2026-07-06,card,220423******1349,220423,МИР,,Moneyx,https://mxc1h.com,https://mxc1h.com,Н*** П.,"(скрыто: похоже на ФИО, не банк)",2026-07-13T21:02:35.909282+00:00
gsheets-p2p-drops-fevral-2026,Карты,2026-07-06,card,220423******1620,220423,МИР,,Moneyx,https://mxc1h.com,https://mxc1h.com,Л*** Д.,"(скрыто: похоже на ФИО, не банк)",2026-07-13T21:02:35.911283+00:00
gsheets-p2p-drops-fevral-2026,Карты,2026-07-06,card,220423******5390,220423,МИР,,Moneyx,https://mxc1h.com,https://mxc1h.com,П*** С.,"(скрыто: похоже на ФИО, не банк)",2026-07-13T21:02:35.913283+00:00
gsheets-p2p-drops-fevral-2026,Карты,2026-07-06,card,220423******6968,220423,МИР,,Moneyx,https://mxc1h.com,https://mxc1h.com,Р*** Х.,"(скрыто: похоже на ФИО, не банк)",2026-07-13T21:02:35.915436+00:00
gsheets-p2p-drops-fevral-2026,Карты,2026-07-06,card,220423******9704,220423,МИР,,Moneyx,https://mxc1h.com,https://mxc1h.com,М*** Е.,"(скрыто: похоже на ФИО, не банк)",2026-07-13T21:02:35.917434+00:00
gsheets-p2p-drops-fevral-2026,Карты,2026-07-06,card,220423******8860,220423,МИР,,Moneyx,https://mxc1h.com,https://mxc1h.com,Ш*** К.,"(скрыто: похоже на ФИО, не банк)",2026-07-13T21:02:35.920439+00:00
gsheets-p2p-drops-fevral-2026,Карты,2026-07-06,card,220423******0548,220423,МИР,,Moneyx,https://mxc1h.com,https://mxc1h.com,Б*** А.,"(скрыто: похоже на ФИО, не банк)",2026-07-13T21:02:35.921437+00:00
gsheets-p2p-drops-fevral-2026,Карты,2026-07-06,card,220423******4309,220423,МИР,,Moneyx,https://mxc1h.com,https://mxc1h.com,О*** А.,"(скрыто: похоже на ФИО, не банк)",2026-07-13T21:02:35.923944+00:00
gsheets-p2p-drops-fevral-2026,Карты,2026-07-06,card,220423******5629,220423,МИР,,Moneyx,https://mxc1h.com,https://mxc1h.com,В*** Л.,"(скрыто: похоже на ФИО, не банк)",2026-07-13T21:02:35.926452+00:00
gsheets-p2p-drops-fevral-2026,Карты,2026-07-06,card,220423******1904,220423,МИР,,Moneyx,https://mxc1h.com,https://mxc1h.com,М*** Я.,"(скрыто: похоже на ФИО, не банк)",2026-07-13T21:02:35.928452+00:00
gsheets-p2p-drops-fevral-2026,Карты,2026-07-06,card,220423******5699,220423,МИР,,Moneyx,https://mxc1h.com,https://mxc1h.com,Б*** Н.,"(скрыто: похоже на ФИО, не банк)",2026-07-13T21:02:35.930526+00:00
gsheets-p2p-drops-fevral-2026,Карты,2026-07-06,card,220027******4411,220027,МИР,,selector,https://selector498.gg,https://fastpropay247.com,И*** Ч.,roketbank,2026-07-13T21:02:35.933264+00:00
gsheets-p2p-drops-fevral-2026,Карты,2026-07-06,card,220070******6962,220070,МИР,,selector,https://selector498.gg,https://fastpropay247.com,С*** К.,Тинькофф,2026-07-13T21:02:35.934268+00:00
gsheets-p2p-drops-fevral-2026,Карты,2026-07-06,card,220070******9570,220070,МИР,,selector,https://selector498.gg,https://fastpropay247.com,,Тинькофф,2026-07-13T21:02:35.936778+00:00
gsheets-p2p-drops-fevral-2026,Карты,2026-07-06,card,220070******7649,220070,МИР,,selector,https://selector498.gg,https://fastpropay247.com,Р*** Б.,Тинькофф,2026-07-13T21:02:35.939778+00:00
gsheets-p2p-drops-fevral-2026,Карты,2026-07-06,card,220423******2128,220423,МИР,,selector,https://selector498.gg,https://fastpropay247.com,К*** Р.,"(скрыто: похоже на ФИО, не банк)",2026-07-13T21:02:35.940777+00:00
gsheets-p2p-drops-fevral-2026,Карты,2026-07-06,card,220423******2128,220423,МИР,,selector,https://selector498.gg,https://fastpropay247.com,К*** Р.,"(скрыто: похоже на ФИО, не банк)",2026-07-13T21:02:35.943249+00:00
gsheets-p2p-drops-fevral-2026,Карты,2026-07-06,card,220423******2128,220423,МИР,,selector,https://selector498.gg,https://fastpropay247.com,К*** Р.,"(скрыто: похоже на ФИО, не банк)",2026-07-13T21:02:35.945995+00:00
gsheets-p2p-drops-fevral-2026,Карты,2026-07-06,card,220423******2128,220423,МИР,,selector,https://selector498.gg,https://fastpropay247.com,К*** Р.,"(скрыто: похоже на ФИО, не банк)",2026-07-13T21:02:35.948389+00:00
gsheets-p2p-drops-fevral-2026,Карты,2026-07-06,card,220423******6000,220423,МИР,,selector,https://selector498.gg,https://fastpropay247.com,Д*** О.,"(скрыто: похоже на ФИО, не банк)",2026-07-13T21:02:35.950390+00:00
gsheets-p2p-drops-fevral-2026,Карты,2026-07-06,card,220423******6000,220423,МИР,,selector,https://selector498.gg,https://fastpropay247.com,Д*** О.,"(скрыто: похоже на ФИО, не банк)",2026-07-13T21:02:35.952893+00:00
gsheets-p2p-drops-fevral-2026,Карты,2026-07-06,card,220423******6000,220423,МИР,,selector,https://selector498.gg,https://fastpropay247.com,Д*** О.,"(скрыто: похоже на ФИО, не банк)",2026-07-13T21:02:35.953897+00:00
gsheets-p2p-drops-fevral-2026,Карты,2026-07-06,card,220423******6000,220423,МИР,,selector,https://selector498.gg,https://fastpropay247.com,Д*** О.,"(скрыто: похоже на ФИО, не банк)",2026-07-13T21:02:35.957408+00:00
gsheets-p2p-drops-fevral-2026,Карты,2026-07-06,card,220423******6000,220423,МИР,,selector,https://selector498.gg,https://fastpropay247.com,Д*** О.,"(скрыто: похоже на ФИО, не банк)",2026-07-13T21:02:35.959406+00:00
gsheets-p2p-drops-fevral-2026,Карты,2026-07-06,card,220423******0441,220423,МИР,,selector,https://selector498.gg,https://fastpropay247.com,В*** Б.,"(скрыто: похоже на ФИО, не банк)",2026-07-13T21:02:35.961408+00:00
gsheets-p2p-drops-fevral-2026,Карты,2026-07-06,card,220423******0441,220423,МИР,,selector,https://selector498.gg,https://fastpropay247.com,В*** Б.,"(скрыто: похоже на ФИО, не банк)",2026-07-13T21:02:35.963918+00:00
gsheets-p2p-drops-fevral-2026,Карты,2026-07-06,card,220423******0441,220423,МИР,,selector,https://selector498.gg,https://fastpropay247.com,В*** Б.,"(скрыто: похоже на ФИО, не банк)",2026-07-13T21:02:35.966425+00:00
gsheets-p2p-drops-fevral-2026,Карты,2026-07-06,card,220432******5819,220432,МИР,,selector,https://selector498.gg,https://fastpropay247.com,С*** И.,Озон-Банк,2026-07-13T21:02:35.968426+00:00
gsheets-p2p-drops-fevral-2026,Карты,2026-07-06,card,220432******5464,220432,МИР,,selector,https://selector498.gg,https://fastpropay247.com,,Озон-Банк,2026-07-13T21:02:35.970425+00:00
gsheets-p2p-drops-fevral-2026,Карты,2026-07-06,card,220015******9298,220015,МИР,,turbo,https://turbo-casino116.gg,https://fastpropay247.com,И*** В.,Альфа-Банк,2026-07-13T21:02:35.972929+00:00
gsheets-p2p-drops-fevral-2026,Карты,2026-07-06,card,220070******0457,220070,МИР,,turbo,https://turbo-casino116.gg,https://fastpropay247.com,Г*** В.,Тинькофф,2026-07-13T21:02:35.975436+00:00
gsheets-p2p-drops-fevral-2026,Карты,2026-07-06,card,220070******7649,220070,МИР,,turbo,https://turbo-casino116.gg,https://fastpropay247.com,Р*** Б.,Тинькофф,2026-07-13T21:02:35.977441+00:00
gsheets-p2p-drops-fevral-2026,Карты,2026-07-06,card,220070******7649,220070,МИР,,turbo,https://turbo-casino116.gg,https://fastpropay247.com,Р*** Б.,Тинькофф,2026-07-13T21:02:35.979440+00:00
gsheets-p2p-drops-fevral-2026,Карты,2026-07-06,card,220070******7649,220070,МИР,,turbo,https://turbo-casino116.gg,https://fastpropay247.com,Р*** Б.,Тинькофф,2026-07-13T21:02:35.981440+00:00
gsheets-p2p-drops-fevral-2026,Карты,2026-07-06,card,220070******7649,220070,МИР,,turbo,https://turbo-casino116.gg,https://fastpropay247.com,Р*** Б.,Тинькофф,2026-07-13T21:02:35.984088+00:00
gsheets-p2p-drops-fevral-2026,Карты,2026-07-06,card,220070******7649,220070,МИР,,turbo,https://turbo-casino116.gg,https://fastpropay247.com,Р*** Б.,Тинькофф,2026-07-13T21:02:35.986595+00:00
gsheets-p2p-drops-fevral-2026,Карты,2026-07-06,card,220423******2128,220423,МИР,,turbo,https://turbo-casino116.gg,https://fastpropay247.com,К*** Р.,"(скрыто: похоже на ФИО, не банк)",2026-07-13T21:02:35.988595+00:00
gsheets-p2p-drops-fevral-2026,Карты,2026-07-06,card,220423******2128,220423,МИР,,turbo,https://turbo-casino116.gg,https://fastpropay247.com,К*** Р.,"(скрыто: похоже на ФИО, не банк)",2026-07-13T21:02:35.990596+00:00
gsheets-p2p-drops-fevral-2026,Карты,2026-07-06,card,220423******6000,220423,МИР,,turbo,https://turbo-casino116.gg,https://fastpropay247.com,Д*** О.,"(скрыто: похоже на ФИО, не банк)",2026-07-13T21:02:35.993100+00:00
gsheets-p2p-drops-fevral-2026,Карты,2026-07-06,card,220423******0441,220423,МИР,,turbo,https://turbo-casino116.gg,https://fastpropay247.com,В*** Б.,"(скрыто: похоже на ФИО, не банк)",2026-07-13T21:02:35.994106+00:00
gsheets-p2p-drops-fevral-2026,Карты,2026-07-06,card,220423******0441,220423,МИР,,turbo,https://turbo-casino116.gg,https://fastpropay247.com,В*** Б.,"(скрыто: похоже на ФИО, не банк)",2026-07-13T21:02:35.997616+00:00
gsheets-p2p-drops-fevral-2026,Карты,2026-07-06,card,220423******0441,220423,МИР,,turbo,https://turbo-casino116.gg,https://fastpropay247.com,В*** Б.,"(скрыто: похоже на ФИО, не банк)",2026-07-13T21:02:35.999615+00:00
gsheets-p2p-drops-fevral-2026,Карты,2026-07-06,card,220423******0441,220423,МИР,,turbo,https://turbo-casino116.gg,https://fastpropay247.com,В*** Б.,"(скрыто: похоже на ФИО, не банк)",2026-07-13T21:02:36.001789+00:00
gsheets-p2p-drops-fevral-2026,Карты,2026-07-06,card,220070******7649,220070,МИР,,Turbo,https://turbo-casino116.gg,https://fastpropay247.com,Р*** Б.,Т-Банк,2026-07-13T21:02:36.004297+00:00
gsheets-p2p-drops-fevral-2026,Карты,2026-07-07,card,220070******4800,220070,МИР,,blitz,https://blitz19.red,https://fastpropay247.com,С*** А.,Тинькофф,2026-07-13T21:02:36.006435+00:00
gsheets-p2p-drops-fevral-2026,Карты,2026-07-07,card,220423******8638,220423,МИР,,blitz,https://blitz19.red,https://fastpropay247.com,Д*** С.,"(скрыто: похоже на ФИО, не банк)",2026-07-13T21:02:36.007443+00:00
gsheets-p2p-drops-fevral-2026,Карты,2026-07-07,card,220024******1560,220024,МИР,,brillx,https://brillx100.gg,https://fastpropay247.com,В*** В.,Sberbank,2026-07-13T21:02:36.009954+00:00
gsheets-p2p-drops-fevral-2026,Карты,2026-07-07,card,220070******7649,220070,МИР,,brillx,https://brillx100.gg,https://fastpropay247.com,Р*** Б.,Тинькофф,2026-07-13T21:02:36.011689+00:00
gsheets-p2p-drops-fevral-2026,Карты,2026-07-07,card,220196******1926,220196,МИР,,brillx,https://brillx100.gg,https://fastpropay247.com,Ф*** Ф.,"(скрыто: похоже на ФИО, не банк)",2026-07-13T21:02:36.014196+00:00
gsheets-p2p-drops-fevral-2026,Карты,2026-07-07,card,220070******2356,220070,МИР,,Casher,https://casher36.win,https://casher36.win,А*** И.,Т-банк,2026-07-13T21:02:36.016707+00:00
gsheets-p2p-drops-fevral-2026,Карты,2026-07-07,card,220196******6017,220196,МИР,,Casher,https://casher36.win,https://casher36.win,Б*** А.,ОТП,2026-07-13T21:02:36.018708+00:00
gsheets-p2p-drops-fevral-2026,Карты,2026-07-07,card,220220******7900,220220,МИР,,Casher,https://casher36.win,https://casher36.win,Ш*** А.,,2026-07-13T21:02:36.021709+00:00
gsheets-p2p-drops-fevral-2026,Карты,2026-07-07,card,220220******4593,220220,МИР,,Casher,https://casher36.win,https://casher36.win,К*** Г.,Сбербанк,2026-07-13T21:02:36.023213+00:00
gsheets-p2p-drops-fevral-2026,Карты,2026-07-07,card,220220******5426,220220,МИР,,Casher,https://casher36.win,https://casher36.win,А*** Б.,Сбербанк,2026-07-13T21:02:36.025724+00:00
gsheets-p2p-drops-fevral-2026,Карты,2026-07-07,card,220220******9199,220220,МИР,,Casher,https://casher36.win,https://casher36.win,О*** М.,Сбербанк,2026-07-13T21:02:36.027729+00:00
gsheets-p2p-drops-fevral-2026,Карты,2026-07-07,card,220220******5393,220220,МИР,,Casher,https://casher36.win,https://casher36.win,А*** М.,Сбербанк,2026-07-13T21:02:36.029729+00:00
gsheets-p2p-drops-fevral-2026,Карты,2026-07-07,card,220220******4611,220220,МИР,,Casher,https://casher36.win,https://casher36.win,Ш*** к.,Сбербанк,2026-07-13T21:02:36.031728+00:00
gsheets-p2p-drops-fevral-2026,Карты,2026-07-07,card,220220******6827,220220,МИР,,Casher,https://casher36.win,https://casher36.win,Д*** Ч.,Сбербанк,2026-07-13T21:02:36.034236+00:00
gsheets-p2p-drops-fevral-2026,Карты,2026-07-07,card,220220******6243,220220,МИР,,Casher,https://casher36.win,https://casher36.win,О*** А.,Сбербанк,2026-07-13T21:02:36.036743+00:00
gsheets-p2p-drops-fevral-2026,Карты,2026-07-07,card,220220******3201,220220,МИР,,Casher,https://casher36.win,https://casher36.win,Х*** Т.,Сбербанк,2026-07-13T21:02:36.038744+00:00
gsheets-p2p-drops-fevral-2026,Карты,2026-07-07,card,220220******0740,220220,МИР,,Casher,https://casher36.win,https://casher36.win,М*** Р.,Сбербанк,2026-07-13T21:02:36.040743+00:00
gsheets-p2p-drops-fevral-2026,Карты,2026-07-07,card,220423******3930,220423,МИР,,Casher,https://casher36.win,https://casher36.win,И*** Ж.,"(скрыто: похоже на ФИО, не банк)",2026-07-13T21:02:36.043249+00:00
gsheets-p2p-drops-fevral-2026,Карты,2026-07-07,card,220423******2406,220423,МИР,,Casher,https://casher36.win,https://casher36.win,Х*** Р.,"(скрыто: похоже на ФИО, не банк)",2026-07-13T21:02:36.045758+00:00
gsheets-p2p-drops-fevral-2026,Карты,2026-07-07,card,220423******1946,220423,МИР,,Casher,https://casher36.win,https://casher36.win,,"(скрыто: похоже на ФИО, не банк)",2026-07-13T21:02:36.047766+00:00
gsheets-p2p-drops-fevral-2026,Карты,2026-07-07,card,220423******2296,220423,МИР,,Casher,https://casher36.win,https://casher36.win,М*** П.,"(скрыто: похоже на ФИО, не банк)",2026-07-13T21:02:36.049765+00:00
gsheets-p2p-drops-fevral-2026,Карты,2026-07-07,card,220423******7709,220423,МИР,,Casher,https://casher36.win,https://casher36.win,М*** А.,"(скрыто: похоже на ФИО, не банк)",2026-07-13T21:02:36.051765+00:00
gsheets-p2p-drops-fevral-2026,Карты,2026-07-07,card,220423******1982,220423,МИР,,Casher,https://casher36.win,https://casher36.win,А*** В.,"(скрыто: похоже на ФИО, не банк)",2026-07-13T21:02:36.054277+00:00
gsheets-p2p-drops-fevral-2026,Карты,2026-07-07,card,220423******2227,220423,МИР,,Casher,https://casher36.win,https://casher36.win,М*** П.,"(скрыто: похоже на ФИО, не банк)",2026-07-13T21:02:36.056784+00:00
gsheets-p2p-drops-fevral-2026,Карты,2026-07-07,card,220423******7580,220423,МИР,,Casher,https://casher36.win,https://casher36.win,В*** Я.,"(скрыто: похоже на ФИО, не банк)",2026-07-13T21:02:36.058786+00:00
gsheets-p2p-drops-fevral-2026,Карты,2026-07-07,card,220423******9604,220423,МИР,,Casher,https://casher36.win,https://casher36.win,,"(скрыто: похоже на ФИО, не банк)",2026-07-13T21:02:36.061786+00:00
gsheets-p2p-drops-fevral-2026,Карты,2026-07-07,card,220423******1292,220423,МИР,,Casher,https://casher36.win,https://casher36.win,М*** В.,"(скрыто: похоже на ФИО, не банк)",2026-07-13T21:02:36.063288+00:00
gsheets-p2p-drops-fevral-2026,Карты,2026-07-07,card,220423******1072,220423,МИР,,Casher,https://casher36.win,https://casher36.win,П*** С.,"(скрыто: похоже на ФИО, не банк)",2026-07-13T21:02:36.065797+00:00
gsheets-p2p-drops-fevral-2026,Карты,2026-07-07,card,220423******7806,220423,МИР,,Casher,https://casher36.win,https://casher36.win,,"(скрыто: похоже на ФИО, не банк)",2026-07-13T21:02:36.067801+00:00
gsheets-p2p-drops-fevral-2026,Карты,2026-07-07,card,220423******7348,220423,МИР,,Casher,https://casher36.win,https://casher36.win,С*** Д.,"(скрыто: похоже на ФИО, не банк)",2026-07-13T21:02:36.069801+00:00
gsheets-p2p-drops-fevral-2026,Карты,2026-07-07,card,220423******7885,220423,МИР,,Casher,https://casher36.win,https://casher36.win,Р*** М.,"(скрыто: похоже на ФИО, не банк)",2026-07-13T21:02:36.071801+00:00
gsheets-p2p-drops-fevral-2026,Карты,2026-07-07,card,220423******7304,220423,МИР,,Casher,https://casher36.win,https://casher36.win,П*** Л.,"(скрыто: похоже на ФИО, не банк)",2026-07-13T21:02:36.074306+00:00
gsheets-p2p-drops-fevral-2026,Карты,2026-07-07,card,220423******0282,220423,МИР,,Casher,https://casher36.win,https://casher36.win,Х*** Г.,"(скрыто: похоже на ФИО, не банк)",2026-07-13T21:02:36.076814+00:00
gsheets-p2p-drops-fevral-2026,Карты,2026-07-07,card,220423******4779,220423,МИР,,Casher,https://casher36.win,https://casher36.win,Н*** Ч.,"(скрыто: похоже на ФИО, не банк)",2026-07-13T21:02:36.078814+00:00
gsheets-p2p-drops-fevral-2026,Карты,2026-07-07,card,220423******1133,220423,МИР,,Casher,https://casher36.win,https://casher36.win,Б*** Е.,"(скрыто: похоже на ФИО, не банк)",2026-07-13T21:02:36.080813+00:00
gsheets-p2p-drops-fevral-2026,Карты,2026-07-07,card,220423******6884,220423,МИР,,Casher,https://casher36.win,https://casher36.win,М*** С.,"(скрыто: похоже на ФИО, не банк)",2026-07-13T21:02:36.083316+00:00
gsheets-p2p-drops-fevral-2026,Карты,2026-07-07,card,220423******0239,220423,МИР,,Casher,https://casher36.win,https://casher36.win,М*** Н.,"(скрыто: похоже на ФИО, не банк)",2026-07-13T21:02:36.085320+00:00
gsheets-p2p-drops-fevral-2026,Карты,2026-07-07,card,220423******1789,220423,МИР,,Casher,https://casher36.win,https://casher36.win,М*** А.,"(скрыто: похоже на ФИО, не банк)",2026-07-13T21:02:36.087323+00:00
gsheets-p2p-drops-fevral-2026,Карты,2026-07-07,card,220423******0662,220423,МИР,,Casher,https://casher36.win,https://casher36.win,Д*** Б.,"(скрыто: похоже на ФИО, не банк)",2026-07-13T21:02:36.090324+00:00
gsheets-p2p-drops-fevral-2026,Карты,2026-07-07,card,220423******9821,220423,МИР,,Casher,https://casher36.win,https://casher36.win,П*** А.,"(скрыто: похоже на ФИО, не банк)",2026-07-13T21:02:36.091325+00:00
gsheets-p2p-drops-fevral-2026,Карты,2026-07-07,card,220423******5478,220423,МИР,,Casher,https://casher36.win,https://casher36.win,М*** Е.,"(скрыто: похоже на ФИО, не банк)",2026-07-13T21:02:36.093837+00:00
gsheets-p2p-drops-fevral-2026,Карты,2026-07-07,card,220423******0430,220423,МИР,,Casher,https://casher36.win,https://casher36.win,Н*** А.,"(скрыто: похоже на ФИО, не банк)",2026-07-13T21:02:36.096345+00:00
gsheets-p2p-drops-fevral-2026,Карты,2026-07-07,card,220423******2415,220423,МИР,,Casher,https://casher36.win,https://casher36.win,Д*** К.,"(скрыто: похоже на ФИО, не банк)",2026-07-13T21:02:36.098346+00:00
gsheets-p2p-drops-fevral-2026,Карты,2026-07-07,card,220423******4854,220423,МИР,,Casher,https://casher36.win,https://casher36.win,С*** К.,"(скрыто: похоже на ФИО, не банк)",2026-07-13T21:02:36.100851+00:00
gsheets-p2p-drops-fevral-2026,Карты,2026-07-07,card,220423******3983,220423,МИР,,Casher,https://casher36.win,https://casher36.win,Х*** А.,"(скрыто: похоже на ФИО, не банк)",2026-07-13T21:02:36.102856+00:00
gsheets-p2p-drops-fevral-2026,Карты,2026-07-07,card,220423******2925,220423,МИР,,Casher,https://casher36.win,https://casher36.win,Я*** Е.,"(скрыто: похоже на ФИО, не банк)",2026-07-13T21:02:36.105528+00:00
gsheets-p2p-drops-fevral-2026,Карты,2026-07-07,card,220423******0504,220423,МИР,,Casher,https://casher36.win,https://casher36.win,Р*** К.,"(скрыто: похоже на ФИО, не банк)",2026-07-13T21:02:36.107533+00:00
gsheets-p2p-drops-fevral-2026,Карты,2026-07-07,card,220423******7244,220423,МИР,,Casher,https://casher36.win,https://casher36.win,Ж*** М.,"(скрыто: похоже на ФИО, не банк)",2026-07-13T21:02:36.110041+00:00
gsheets-p2p-drops-fevral-2026,Карты,2026-07-07,card,220423******9543,220423,МИР,,Casher,https://casher36.win,https://casher36.win,Г*** а.,"(скрыто: похоже на ФИО, не банк)",2026-07-13T21:02:36.112040+00:00
gsheets-p2p-drops-fevral-2026,Карты,2026-07-07,card,220423******6554,220423,МИР,,Casher,https://casher36.win,https://casher36.win,Э*** А.,"(скрыто: похоже на ФИО, не банк)",2026-07-13T21:02:36.114548+00:00
gsheets-p2p-drops-fevral-2026,Карты,2026-07-07,card,220423******5146,220423,МИР,,Casher,https://casher36.win,https://casher36.win,Н*** П.,"(скрыто: похоже на ФИО, не банк)",2026-07-13T21:02:36.116550+00:00
gsheets-p2p-drops-fevral-2026,Карты,2026-07-07,card,220423******5559,220423,МИР,,Casher,https://casher36.win,https://casher36.win,В*** В.,"(скрыто: похоже на ФИО, не банк)",2026-07-13T21:02:36.118550+00:00
gsheets-p2p-drops-fevral-2026,Карты,2026-07-07,card,220423******1804,220423,МИР,,Casher,https://casher36.win,https://casher36.win,М*** Н.,"(скрыто: похоже на ФИО, не банк)",2026-07-13T21:02:36.120550+00:00
gsheets-p2p-drops-fevral-2026,Карты,2026-07-07,card,220423******7404,220423,МИР,,Casher,https://casher36.win,https://casher36.win,К*** А.,"(скрыто: похоже на ФИО, не банк)",2026-07-13T21:02:36.123055+00:00
gsheets-p2p-drops-fevral-2026,Карты,2026-07-07,card,220423******1708,220423,МИР,,Casher,https://casher36.win,https://casher36.win,С*** В.,"(скрыто: похоже на ФИО, не банк)",2026-07-13T21:02:36.125563+00:00
gsheets-p2p-drops-fevral-2026,Карты,2026-07-07,card,220423******6895,220423,МИР,,Casher,https://casher36.win,https://casher36.win,В*** В.,"(скрыто: похоже на ФИО, не банк)",2026-07-13T21:02:36.127569+00:00
gsheets-p2p-drops-fevral-2026,Карты,2026-07-07,card,220423******0548,220423,МИР,,Casher,https://casher36.win,https://casher36.win,Б*** А.,"(скрыто: похоже на ФИО, не банк)",2026-07-13T21:02:36.129569+00:00
gsheets-p2p-drops-fevral-2026,Карты,2026-07-07,card,220423******1884,220423,МИР,,Casher,https://casher36.win,https://casher36.win,М*** М.,"(скрыто: похоже на ФИО, не банк)",2026-07-13T21:02:36.131569+00:00
gsheets-p2p-drops-fevral-2026,Карты,2026-07-07,card,220423******0786,220423,МИР,,Casher,https://casher36.win,https://casher36.win,Д*** и.,"(скрыто: похоже на ФИО, не банк)",2026-07-13T21:02:36.134077+00:00
gsheets-p2p-drops-fevral-2026,Карты,2026-07-07,card,220423******1261,220423,МИР,,Casher,https://casher36.win,https://casher36.win,Ж*** С.,"(скрыто: похоже на ФИО, не банк)",2026-07-13T21:02:36.135582+00:00
gsheets-p2p-drops-fevral-2026,Карты,2026-07-07,card,220423******1345,220423,МИР,,Casher,https://casher36.win,https://casher36.win,К*** А.,"(скрыто: похоже на ФИО, не банк)",2026-07-13T21:02:36.137587+00:00
gsheets-p2p-drops-fevral-2026,Карты,2026-07-07,card,220423******8358,220423,МИР,,Casher,https://casher36.win,https://casher36.win,М*** Р.,"(скрыто: похоже на ФИО, не банк)",2026-07-13T21:02:36.140587+00:00
gsheets-p2p-drops-fevral-2026,Карты,2026-07-07,card,220423******9406,220423,МИР,,Casher,https://casher36.win,https://casher36.win,Р*** Р.,"(скрыто: похоже на ФИО, не банк)",2026-07-13T21:02:36.141586+00:00
gsheets-p2p-drops-fevral-2026,Карты,2026-07-07,card,220431******6142,220431,МИР,,Casher,https://casher36.win,https://casher36.win,А*** Ш.,"(скрыто: похоже на ФИО, не банк)",2026-07-13T21:02:36.144778+00:00
gsheets-p2p-drops-fevral-2026,Карты,2026-07-07,card,220017******3895,220017,МИР,,Disi,https://disi15.xyz,https://cascadepay.xyz,Б*** К.,"(скрыто: похоже на ФИО, не банк)",2026-07-13T21:02:36.146855+00:00
gsheets-p2p-drops-fevral-2026,Карты,2026-07-07,card,220019******9219,220019,МИР,,Disi,https://disi15.xyz,https://cascadepay.xyz,И*** А.,Уралсиб,2026-07-13T21:02:36.149016+00:00
gsheets-p2p-drops-fevral-2026,Карты,2026-07-07,card,220070******1991,220070,МИР,,Disi,https://disi15.xyz,https://cascadepay.xyz,A*** V.,T-bank,2026-07-13T21:02:36.151087+00:00
gsheets-p2p-drops-fevral-2026,Карты,2026-07-07,card,220423******6669,220423,МИР,,Disi,https://disi15.xyz,https://cascadepay.xyz,Ш*** Д.,Wildberries-bank,2026-07-13T21:02:36.153153+00:00
gsheets-p2p-drops-fevral-2026,Карты,2026-07-07,card,220423******1789,220423,МИР,,Disi,https://disi15.xyz,https://cascadepay.xyz,М*** А.,Wildberries-bank,2026-07-13T21:02:36.155273+00:00
gsheets-p2p-drops-fevral-2026,Карты,2026-07-07,card,220423******4447,220423,МИР,,Disi,https://disi15.xyz,https://cascadepay.xyz,А*** М.,Wildberries-bank,2026-07-13T21:02:36.157802+00:00
gsheets-p2p-drops-fevral-2026,Карты,2026-07-07,card,220423******9854,220423,МИР,,Disi,https://disi15.xyz,https://cascadepay.xyz,М*** С.,Wildberries-bank,2026-07-13T21:02:36.159801+00:00
gsheets-p2p-drops-fevral-2026,Карты,2026-07-07,card,220423******8883,220423,МИР,,Disi,https://disi15.xyz,https://cascadepay.xyz,Ш*** К.,Wildberries-bank,2026-07-13T21:02:36.161802+00:00
gsheets-p2p-drops-fevral-2026,Карты,2026-07-07,card,220423******5045,220423,МИР,,Disi,https://disi15.xyz,https://cascadepay.xyz,В*** У.,Wildberries-bank,2026-07-13T21:02:36.164307+00:00
gsheets-p2p-drops-fevral-2026,Карты,2026-07-07,card,220027******4411,220027,МИР,,friends,https://friends-casino244.com,https://fastpropay247.com,И*** Ч.,roketbank,2026-07-13T21:02:36.165811+00:00
gsheets-p2p-drops-fevral-2026,Карты,2026-07-07,card,220070******1542,220070,МИР,,friends,https://friends-casino244.com,https://fastpropay247.com,Л*** Б.,Тинькофф,2026-07-13T21:02:36.168818+00:00
gsheets-p2p-drops-fevral-2026,Карты,2026-07-07,card,220196******1926,220196,МИР,,friends,https://friends-casino244.com,https://fastpropay247.com,Ф*** Ф.,"(скрыто: похоже на ФИО, не банк)",2026-07-13T21:02:36.170818+00:00
gsheets-p2p-drops-fevral-2026,Карты,2026-07-07,card,220196******1926,220196,МИР,,friends,https://friends-casino244.com,https://fastpropay247.com,Ф*** Ф.,"(скрыто: похоже на ФИО, не банк)",2026-07-13T21:02:36.172817+00:00
gsheets-p2p-drops-fevral-2026,Карты,2026-07-07,card,220220******8330,220220,МИР,,friends,https://friends-casino244.com,https://fastpropay247.com,,Сбербанк,2026-07-13T21:02:36.173972+00:00
gsheets-p2p-drops-fevral-2026,Карты,2026-07-07,card,220423******2608,220423,МИР,,friends,https://friends-casino244.com,https://fastpropay247.com,А*** М.,"(скрыто: похоже на ФИО, не банк)",2026-07-13T21:02:36.176479+00:00
gsheets-p2p-drops-fevral-2026,Карты,2026-07-07,card,220423******8638,220423,МИР,,friends,https://friends-casino244.com,https://fastpropay247.com,Д*** С.,"(скрыто: похоже на ФИО, не банк)",2026-07-13T21:02:36.179480+00:00
gsheets-p2p-drops-fevral-2026,Карты,2026-07-07,card,220423******8638,220423,МИР,,friends,https://friends-casino244.com,https://fastpropay247.com,Д*** С.,"(скрыто: похоже на ФИО, не банк)",2026-07-13T21:02:36.181479+00:00
gsheets-p2p-drops-fevral-2026,Карты,2026-07-07,card,220431******7761,220431,МИР,,friends,https://friends-casino244.com,https://fastpropay247.com,М*** В.,"(скрыто: похоже на ФИО, не банк)",2026-07-13T21:02:36.182983+00:00
gsheets-p2p-drops-fevral-2026,Карты,2026-07-07,card,220070******7649,220070,МИР,,selector,https://selector498.gg,https://fastpropay247.com,Р*** Б.,Тинькофф,2026-07-13T21:02:36.185490+00:00
gsheets-p2p-drops-fevral-2026,Карты,2026-07-07,card,220196******1926,220196,МИР,,selector,https://selector498.gg,https://fastpropay247.com,Ф*** Ф.,"(скрыто: похоже на ФИО, не банк)",2026-07-13T21:02:36.187493+00:00
gsheets-p2p-drops-fevral-2026,Карты,2026-07-07,card,220003******1182,220003,МИР,,turbo,https://turbo-casino116.gg,https://fastpropay247.com,Е*** А.,Промсвязьбанк,2026-07-13T21:02:36.189494+00:00
gsheets-p2p-drops-fevral-2026,Карты,2026-07-07,card,220070******7649,220070,МИР,,turbo,https://turbo-casino116.gg,https://fastpropay247.com,Р*** Б.,Тинькофф,2026-07-13T21:02:36.191494+00:00
gsheets-p2p-drops-fevral-2026,Карты,2026-07-08,card,220423******5350,220423,МИР,,Auf,https://aufcasinobase.com,https://h2h-yel.org,А*** З.,Вайлдберриз,2026-07-13T21:02:36.194002+00:00
gsheets-p2p-drops-fevral-2026,Карты,2026-07-08,card,220423******6653,220423,МИР,,Auf,https://aufcasinobase.com,https://h2h-yel.org,Е*** М.,Вайлдберриз,2026-07-13T21:02:36.195507+00:00
gsheets-p2p-drops-fevral-2026,Карты,2026-07-08,card,220423******1287,220423,МИР,,Auf,https://aufcasinobase.com,https://h2h-yel.org,Н*** К.,Вайлдберриз,2026-07-13T21:02:36.197513+00:00
gsheets-p2p-drops-fevral-2026,Карты,2026-07-08,card,220423******3506,220423,МИР,,Auf,https://aufcasinobase.com,https://h2h-yel.org,И*** П.,Вайлдберриз,2026-07-13T21:02:36.200513+00:00
gsheets-p2p-drops-fevral-2026,Карты,2026-07-08,card,220423******3006,220423,МИР,,Auf,https://aufcasinobase.com,https://h2h-yel.org,В*** К.,Вайлдберриз,2026-07-13T21:02:36.201514+00:00
gsheets-p2p-drops-fevral-2026,Карты,2026-07-08,card,220015******9762,220015,МИР,,Bitzamo,https://bitzamo26.com,https://payment.trustme.gg,,,2026-07-13T21:02:36.204022+00:00
gsheets-p2p-drops-fevral-2026,Карты,2026-07-08,card,220220******4674,220220,МИР,,Bitzamo,https://bitzamo26.com,https://payment.trustme.gg,,"(скрыто: похоже на ФИО, не банк)",2026-07-13T21:02:36.206532+00:00
gsheets-p2p-drops-fevral-2026,Карты,2026-07-08,card,220003******1182,220003,МИР,,blitz,https://blitz19.red,https://fastpropay247.com,Е*** А.,Промсвязьбанк,2026-07-13T21:02:36.209035+00:00
gsheets-p2p-drops-fevral-2026,Карты,2026-07-08,card,220015******3744,220015,МИР,,blitz,https://blitz19.red,https://payment.trustme.gg,,"(скрыто: похоже на ФИО, не банк)",2026-07-13T21:02:36.211038+00:00
gsheets-p2p-drops-fevral-2026,Карты,2026-07-08,card,220070******2369,220070,МИР,,blitz,https://blitz19.red,https://payment.trustme.gg,,"(скрыто: похоже на ФИО, не банк)",2026-07-13T21:02:36.213040+00:00
gsheets-p2p-drops-fevral-2026,Карты,2026-07-08,card,220220******3969,220220,МИР,,blitz,https://blitz19.red,https://payment.trustme.gg,,"(скрыто: похоже на ФИО, не банк)",2026-07-13T21:02:36.215689+00:00
gsheets-p2p-drops-fevral-2026,Карты,2026-07-08,card,220431******1883,220431,МИР,,blitz,https://blitz19.red,https://fastpropay247.com,П*** П.,"(скрыто: похоже на ФИО, не банк)",2026-07-13T21:02:36.217694+00:00
gsheets-p2p-drops-fevral-2026,Карты,2026-07-08,card,220070******3114,220070,МИР,,bounty,https://bounty-casino71.com,https://fastpropay247.com,К*** Д.,Тинькофф,2026-07-13T21:02:36.220695+00:00
gsheets-p2p-drops-fevral-2026,Карты,2026-07-08,card,220220******6909,220220,МИР,,bounty,https://bounty-casino71.com,https://fastpropay247.com,С*** М.,Сбербанк,2026-07-13T21:02:36.221694+00:00
gsheets-p2p-drops-fevral-2026,Карты,2026-07-08,card,220439******8285,220439,МИР,,bounty,https://bounty-casino71.com,https://fastpropay247.com,К*** А.,Экспобанк,2026-07-13T21:02:36.224203+00:00
gsheets-p2p-drops-fevral-2026,Карты,2026-07-08,card,220431******2591,220431,МИР,,brillx,https://brillx100.gg,https://fastpropay247.com,С*** К.,"(скрыто: похоже на ФИО, не банк)",2026-07-13T21:02:36.226711+00:00
gsheets-p2p-drops-fevral-2026,Карты,2026-07-08,card,220431******1883,220431,МИР,,brillx,https://brillx100.gg,https://fastpropay247.com,П*** П.,"(скрыто: похоже на ФИО, не банк)",2026-07-13T21:02:36.228711+00:00
gsheets-p2p-drops-fevral-2026,Карты,2026-07-08,card,220431******1883,220431,МИР,,brillx,https://brillx100.gg,https://fastpropay247.com,П*** П.,"(скрыто: похоже на ФИО, не банк)",2026-07-13T21:02:36.230711+00:00
gsheets-p2p-drops-fevral-2026,Карты,2026-07-08,card,220015******0774,220015,МИР,,Casher,https://casher36.win,https://casher36.win,М*** Б.,Альфа-Банк,2026-07-13T21:02:36.233215+00:00
gsheets-p2p-drops-fevral-2026,Карты,2026-07-08,card,220017******3895,220017,МИР,,Casher,https://casher36.win,https://casher36.win,Б*** К.,,2026-07-13T21:02:36.235722+00:00
gsheets-p2p-drops-fevral-2026,Карты,2026-07-08,card,220019******8711,220019,МИР,,Casher,https://casher36.win,https://casher36.win,Г*** А.,Уралсиб,2026-07-13T21:02:36.237727+00:00
gsheets-p2p-drops-fevral-2026,Карты,2026-07-08,card,220038******0514,220038,МИР,,Casher,https://casher36.win,https://casher36.win,О*** М.,Россельхозбанк,2026-07-13T21:02:36.239726+00:00
gsheets-p2p-drops-fevral-2026,Карты,2026-07-08,card,220038******9780,220038,МИР,,Casher,https://casher36.win,https://casher36.win,Х*** Р.,Россельхозбанк,2026-07-13T21:02:36.241727+00:00
gsheets-p2p-drops-fevral-2026,Карты,2026-07-08,card,220053******4223,220053,МИР,,Casher,https://casher36.win,https://casher36.win,Л*** И.,"(скрыто: похоже на ФИО, не банк)",2026-07-13T21:02:36.244234+00:00
gsheets-p2p-drops-fevral-2026,Карты,2026-07-08,card,220066******1107,220066,МИР,,Casher,https://casher36.win,https://casher36.win,П*** Д.,ПромСоцБанк,2026-07-13T21:02:36.245737+00:00
gsheets-p2p-drops-fevral-2026,Карты,2026-07-08,card,220070******4983,220070,МИР,,Casher,https://casher36.win,https://casher36.win,М*** С.,Т-Банк,2026-07-13T21:02:36.248740+00:00
gsheets-p2p-drops-fevral-2026,Карты,2026-07-08,card,220070******2114,220070,МИР,,Casher,https://casher36.win,https://casher36.win,К*** С.,Т-Банк,2026-07-13T21:02:36.250741+00:00
gsheets-p2p-drops-fevral-2026,Карты,2026-07-08,card,220196******6630,220196,МИР,,Casher,https://casher36.win,https://casher36.win,М*** А.,ОТП,2026-07-13T21:02:36.251740+00:00
gsheets-p2p-drops-fevral-2026,Карты,2026-07-08,card,220220******0471,220220,МИР,,Casher,https://casher36.win,https://casher36.win,Э*** Х.,Сбербанк,2026-07-13T21:02:36.254250+00:00
gsheets-p2p-drops-fevral-2026,Карты,2026-07-08,card,220220******1665,220220,МИР,,Casher,https://casher36.win,https://casher36.win,Т*** А.,Сбербанк,2026-07-13T21:02:36.256758+00:00
gsheets-p2p-drops-fevral-2026,Карты,2026-07-08,card,220220******5426,220220,МИР,,Casher,https://casher36.win,https://casher36.win,А*** Б.,Сбербанк,2026-07-13T21:02:36.259759+00:00
gsheets-p2p-drops-fevral-2026,Карты,2026-07-08,card,220220******5526,220220,МИР,,Casher,https://casher36.win,https://casher36.win,А*** Г.,Сбербанк,2026-07-13T21:02:36.261758+00:00
gsheets-p2p-drops-fevral-2026,Карты,2026-07-08,card,220220******3637,220220,МИР,,Casher,https://casher36.win,https://casher36.win,К*** З.,Сбербанк,2026-07-13T21:02:36.263262+00:00
gsheets-p2p-drops-fevral-2026,Карты,2026-07-08,card,220220******9557,220220,МИР,,Casher,https://casher36.win,https://casher36.win,К*** Б.,Сбербанк,2026-07-13T21:02:36.265772+00:00
gsheets-p2p-drops-fevral-2026,Карты,2026-07-08,card,220220******8536,220220,МИР,,Casher,https://casher36.win,https://casher36.win,Х*** О.,Сбербанк,2026-07-13T21:02:36.267777+00:00
gsheets-p2p-drops-fevral-2026,Карты,2026-07-08,card,220220******0845,220220,МИР,,Casher,https://casher36.win,https://casher36.win,А*** Б.,Сбербанк,2026-07-13T21:02:36.270778+00:00
gsheets-p2p-drops-fevral-2026,Карты,2026-07-08,card,220220******7640,220220,МИР,,Casher,https://casher36.win,https://casher36.win,Д*** М.,Сбербанк,2026-07-13T21:02:36.271777+00:00
gsheets-p2p-drops-fevral-2026,Карты,2026-07-08,card,220220******3371,220220,МИР,,Casher,https://casher36.win,https://casher36.win,Д*** А.,Сбербанк,2026-07-13T21:02:36.274287+00:00
gsheets-p2p-drops-fevral-2026,Карты,2026-07-08,card,220220******3976,220220,МИР,,Casher,https://casher36.win,https://casher36.win,К*** О.,Сбербанк,2026-07-13T21:02:36.276795+00:00
gsheets-p2p-drops-fevral-2026,Карты,2026-07-08,card,220220******5942,220220,МИР,,Casher,https://casher36.win,https://casher36.win,А*** Х.,Сбербанк,2026-07-13T21:02:36.278795+00:00
gsheets-p2p-drops-fevral-2026,Карты,2026-07-08,card,220220******5144,220220,МИР,,Casher,https://casher36.win,https://casher36.win,С*** Н.,Сбербанк,2026-07-13T21:02:36.280795+00:00
gsheets-p2p-drops-fevral-2026,Карты,2026-07-08,card,220220******3103,220220,МИР,,Casher,https://casher36.win,https://casher36.win,Н*** М.,Сбербанк,2026-07-13T21:02:36.283298+00:00
gsheets-p2p-drops-fevral-2026,Карты,2026-07-08,card,220220******7021,220220,МИР,,Casher,https://casher36.win,https://casher36.win,М*** А.,Сбербанк,2026-07-13T21:02:36.285808+00:00
gsheets-p2p-drops-fevral-2026,Карты,2026-07-08,card,220423******6093,220423,МИР,,Casher,https://casher36.win,https://casher36.win,И*** Г.,"(скрыто: похоже на ФИО, не банк)",2026-07-13T21:02:36.287812+00:00
gsheets-p2p-drops-fevral-2026,Карты,2026-07-08,card,220423******0017,220423,МИР,,Casher,https://casher36.win,https://casher36.win,С*** Н.,"(скрыто: похоже на ФИО, не банк)",2026-07-13T21:02:36.289811+00:00
gsheets-p2p-drops-fevral-2026,Карты,2026-07-08,card,220423******6669,220423,МИР,,Casher,https://casher36.win,https://casher36.win,Ш*** Д.,"(скрыто: похоже на ФИО, не банк)",2026-07-13T21:02:36.291812+00:00
gsheets-p2p-drops-fevral-2026,Карты,2026-07-08,card,220423******7069,220423,МИР,,Casher,https://casher36.win,https://casher36.win,Е*** Ч.,"(скрыто: похоже на ФИО, не банк)",2026-07-13T21:02:36.294319+00:00
gsheets-p2p-drops-fevral-2026,Карты,2026-07-08,card,220423******7304,220423,МИР,,Casher,https://casher36.win,https://casher36.win,П*** Л.,"(скрыто: похоже на ФИО, не банк)",2026-07-13T21:02:36.296323+00:00
gsheets-p2p-drops-fevral-2026,Карты,2026-07-08,card,220423******9498,220423,МИР,,Casher,https://casher36.win,https://casher36.win,В*** Н.,"(скрыто: похоже на ФИО, не банк)",2026-07-13T21:02:36.298323+00:00
gsheets-p2p-drops-fevral-2026,Карты,2026-07-08,card,220423******6683,220423,МИР,,Casher,https://casher36.win,https://casher36.win,М*** Г.,"(скрыто: похоже на ФИО, не банк)",2026-07-13T21:02:36.301323+00:00
gsheets-p2p-drops-fevral-2026,Карты,2026-07-08,card,220423******2206,220423,МИР,,Casher,https://casher36.win,https://casher36.win,Р*** Б.,"(скрыто: похоже на ФИО, не банк)",2026-07-13T21:02:36.302827+00:00
gsheets-p2p-drops-fevral-2026,Карты,2026-07-08,card,220423******0239,220423,МИР,,Casher,https://casher36.win,https://casher36.win,М*** Н.,"(скрыто: похоже на ФИО, не банк)",2026-07-13T21:02:36.305833+00:00
gsheets-p2p-drops-fevral-2026,Карты,2026-07-08,card,220423******3330,220423,МИР,,Casher,https://casher36.win,https://casher36.win,Н*** Н.,"(скрыто: похоже на ФИО, не банк)",2026-07-13T21:02:36.307834+00:00
gsheets-p2p-drops-fevral-2026,Карты,2026-07-08,card,220423******9236,220423,МИР,,Casher,https://casher36.win,https://casher36.win,А*** Ф.,"(скрыто: похоже на ФИО, не банк)",2026-07-13T21:02:36.309337+00:00
gsheets-p2p-drops-fevral-2026,Карты,2026-07-08,card,220423******9821,220423,МИР,,Casher,https://casher36.win,https://casher36.win,П*** А.,"(скрыто: похоже на ФИО, не банк)",2026-07-13T21:02:36.311340+00:00
gsheets-p2p-drops-fevral-2026,Карты,2026-07-08,card,220423******2334,220423,МИР,,Casher,https://casher36.win,https://casher36.win,А*** С.,"(скрыто: похоже на ФИО, не банк)",2026-07-13T21:02:36.313848+00:00
gsheets-p2p-drops-fevral-2026,Карты,2026-07-08,card,220423******2633,220423,МИР,,Casher,https://casher36.win,https://casher36.win,Д***,"(скрыто: похоже на ФИО, не банк)",2026-07-13T21:02:36.316359+00:00
gsheets-p2p-drops-fevral-2026,Карты,2026-07-08,card,220423******8883,220423,МИР,,Casher,https://casher36.win,https://casher36.win,Ш*** К.,"(скрыто: похоже на ФИО, не банк)",2026-07-13T21:02:36.318358+00:00
gsheets-p2p-drops-fevral-2026,Карты,2026-07-08,card,220423******3282,220423,МИР,,Casher,https://casher36.win,https://casher36.win,Д*** М.,"(скрыто: похоже на ФИО, не банк)",2026-07-13T21:02:36.320359+00:00
gsheets-p2p-drops-fevral-2026,Карты,2026-07-08,card,220423******0975,220423,МИР,,Casher,https://casher36.win,https://casher36.win,С*** Р.,"(скрыто: похоже на ФИО, не банк)",2026-07-13T21:02:36.322863+00:00
gsheets-p2p-drops-fevral-2026,Карты,2026-07-08,card,220423******2169,220423,МИР,,Casher,https://casher36.win,https://casher36.win,А*** К.,"(скрыто: похоже на ФИО, не банк)",2026-07-13T21:02:36.325371+00:00
gsheets-p2p-drops-fevral-2026,Карты,2026-07-08,card,220423******3966,220423,МИР,,Casher,https://casher36.win,https://casher36.win,К*** Ч.,"(скрыто: похоже на ФИО, не банк)",2026-07-13T21:02:36.327377+00:00
gsheets-p2p-drops-fevral-2026,Карты,2026-07-08,card,220423******9823,220423,МИР,,Casher,https://casher36.win,https://casher36.win,А*** С.,"(скрыто: похоже на ФИО, не банк)",2026-07-13T21:02:36.329378+00:00
gsheets-p2p-drops-fevral-2026,Карты,2026-07-08,card,220423******7392,220423,МИР,,Casher,https://casher36.win,https://casher36.win,А*** Д.,"(скрыто: похоже на ФИО, не банк)",2026-07-13T21:02:36.331377+00:00
gsheets-p2p-drops-fevral-2026,Карты,2026-07-08,card,220423******2375,220423,МИР,,Casher,https://casher36.win,https://casher36.win,З*** М.,"(скрыто: похоже на ФИО, не банк)",2026-07-13T21:02:36.333888+00:00
gsheets-p2p-drops-fevral-2026,Карты,2026-07-08,card,220423******8638,220423,МИР,,Casher,https://casher36.win,https://casher36.win,Д*** С.,"(скрыто: похоже на ФИО, не банк)",2026-07-13T21:02:36.336397+00:00
gsheets-p2p-drops-fevral-2026,Карты,2026-07-08,card,220423******0030,220423,МИР,,Casher,https://casher36.win,https://casher36.win,Р*** С.,"(скрыто: похоже на ФИО, не банк)",2026-07-13T21:02:36.338396+00:00
gsheets-p2p-drops-fevral-2026,Карты,2026-07-08,card,220423******0287,220423,МИР,,Casher,https://casher36.win,https://casher36.win,М***,"(скрыто: похоже на ФИО, не банк)",2026-07-13T21:02:36.340398+00:00
gsheets-p2p-drops-fevral-2026,Карты,2026-07-08,card,220423******0931,220423,МИР,,Casher,https://casher36.win,https://casher36.win,Е*** М.,"(скрыто: похоже на ФИО, не банк)",2026-07-13T21:02:36.342902+00:00
gsheets-p2p-drops-fevral-2026,Карты,2026-07-08,card,220423******3232,220423,МИР,,Casher,https://casher36.win,https://casher36.win,Д*** М.,"(скрыто: похоже на ФИО, не банк)",2026-07-13T21:02:36.345411+00:00
gsheets-p2p-drops-fevral-2026,Карты,2026-07-08,card,220423******0616,220423,МИР,,Casher,https://casher36.win,https://casher36.win,А*** З.,"(скрыто: похоже на ФИО, не банк)",2026-07-13T21:02:36.347416+00:00
gsheets-p2p-drops-fevral-2026,Карты,2026-07-08,card,220423******0921,220423,МИР,,Casher,https://casher36.win,https://casher36.win,П*** Л.,"(скрыто: похоже на ФИО, не банк)",2026-07-13T21:02:36.349415+00:00
gsheets-p2p-drops-fevral-2026,Карты,2026-07-08,card,220423******3395,220423,МИР,,Casher,https://casher36.win,https://casher36.win,А*** М.,"(скрыто: похоже на ФИО, не банк)",2026-07-13T21:02:36.351415+00:00
gsheets-p2p-drops-fevral-2026,Карты,2026-07-08,card,220423******6679,220423,МИР,,Casher,https://casher36.win,https://casher36.win,А*** Д.,"(скрыто: похоже на ФИО, не банк)",2026-07-13T21:02:36.353925+00:00
gsheets-p2p-drops-fevral-2026,Карты,2026-07-08,card,220070******4828,220070,МИР,,Cryptoboss,https://cryptobossmirror.com,https://h2h-blue.org,С*** Б.,Т-Банк,2026-07-13T21:02:36.355429+00:00
gsheets-p2p-drops-fevral-2026,Карты,2026-07-08,card,220070******4014,220070,МИР,,Cryptoboss,https://cryptobossmirror.com,https://h2h-blue.org,С*** И.,Т-Банк,2026-07-13T21:02:36.358434+00:00
gsheets-p2p-drops-fevral-2026,Карты,2026-07-08,card,220423******9750,220423,МИР,,Cryptoboss,https://cryptobossmirror.com,https://h2h-blue.org,М*** К.,Вайлдберриз,2026-07-13T21:02:36.360434+00:00
gsheets-p2p-drops-fevral-2026,Карты,2026-07-08,card,220423******7392,220423,МИР,,Cryptoboss,https://cryptobossmirror.com,https://h2h-blue.org,А*** Д.,Вайлдберриз,2026-07-13T21:02:36.361435+00:00
gsheets-p2p-drops-fevral-2026,Карты,2026-07-08,card,220423******1287,220423,МИР,,Cryptoboss,https://cryptobossmirror.com,https://h2h-blue.org,Н*** К.,Вайлдберриз,2026-07-13T21:02:36.363942+00:00
gsheets-p2p-drops-fevral-2026,Карты,2026-07-08,card,220423******6472,220423,МИР,,Cryptoboss,https://cryptobossmirror.com,https://h2h-blue.org,Н*** П.,Вайлдберриз,2026-07-13T21:02:36.366450+00:00
gsheets-p2p-drops-fevral-2026,Карты,2026-07-08,card,220070******5626,220070,МИР,,Disi,https://disi15.xyz,https://cascadepay.xyz,А*** Д.,T-bank,2026-07-13T21:02:36.369451+00:00
gsheets-p2p-drops-fevral-2026,Карты,2026-07-08,card,220423******9750,220423,МИР,,Disi,https://disi15.xyz,https://cascadepay.xyz,М*** К.,Wildberries-bank,2026-07-13T21:02:36.371450+00:00
gsheets-p2p-drops-fevral-2026,Карты,2026-07-08,card,220423******4121,220423,МИР,,Disi,https://disi15.xyz,https://cascadepay.xyz,а*** г.,Wildberries-bank,2026-07-13T21:02:36.372954+00:00
gsheets-p2p-drops-fevral-2026,Карты,2026-07-08,card,220423******7069,220423,МИР,,Disi,https://disi15.xyz,https://cascadepay.xyz,Е*** Ч.,Wildberries-bank,2026-07-13T21:02:36.375463+00:00
gsheets-p2p-drops-fevral-2026,Карты,2026-07-08,card,220423******0541,220423,МИР,,Disi,https://disi15.xyz,https://cascadepay.xyz,М*** М.,Wildberries-bank,2026-07-13T21:02:36.377470+00:00
gsheets-p2p-drops-fevral-2026,Карты,2026-07-08,card,220423******8369,220423,МИР,,Disi,https://disi15.xyz,https://cascadepay.xyz,М*** У.,Wildberries-bank,2026-07-13T21:02:36.379469+00:00
gsheets-p2p-drops-fevral-2026,Карты,2026-07-08,card,220423******7058,220423,МИР,,Disi,https://disi15.xyz,https://cascadepay.xyz,Д*** Б.,Wildberries-bank,2026-07-13T21:02:36.381469+00:00
gsheets-p2p-drops-fevral-2026,Карты,2026-07-08,card,220423******8465,220423,МИР,,Disi,https://disi15.xyz,https://cascadepay.xyz,А*** М.,Wildberries-bank,2026-07-13T21:02:36.383979+00:00
gsheets-p2p-drops-fevral-2026,Карты,2026-07-08,card,220070******1331,220070,МИР,,friends,https://friends-casino244.com,https://fastpropay247.com,М*** А.,Тинькофф,2026-07-13T21:02:36.386491+00:00
gsheets-p2p-drops-fevral-2026,Карты,2026-07-08,card,220196******2120,220196,МИР,,Honeymoney,https://gethmoney.xyz,https://h2h-yel.org,Б*** Д.,ОТП-Банк,2026-07-13T21:02:36.388490+00:00
gsheets-p2p-drops-fevral-2026,Карты,2026-07-08,card,220220******3103,220220,МИР,,Honeymoney,https://gethmoney.xyz,https://h2h-yel.org,Н*** М.,Sber,2026-07-13T21:02:36.390490+00:00
gsheets-p2p-drops-fevral-2026,Карты,2026-07-08,card,220220******7021,220220,МИР,,Honeymoney,https://gethmoney.xyz,https://h2h-yel.org,М*** А.,Sber,2026-07-13T21:02:36.393379+00:00
gsheets-p2p-drops-fevral-2026,Карты,2026-07-08,card,220383******6244,220383,МИР,,Honeymoney,https://gethmoney.xyz,https://h2h-yel.org,А*** Х.,"(скрыто: похоже на ФИО, не банк)",2026-07-13T21:02:36.395656+00:00
gsheets-p2p-drops-fevral-2026,Карты,2026-07-08,card,220423******5350,220423,МИР,,Honeymoney,https://gethmoney.xyz,https://h2h-yel.org,А*** З.,Вайлдберриз,2026-07-13T21:02:36.397806+00:00
gsheets-p2p-drops-fevral-2026,Карты,2026-07-08,card,220423******9750,220423,МИР,,Honeymoney,https://gethmoney.xyz,https://h2h-yel.org,М*** К.,Вайлдберриз,2026-07-13T21:02:36.399995+00:00
gsheets-p2p-drops-fevral-2026,Карты,2026-07-08,card,220423******7999,220423,МИР,,Honeymoney,https://gethmoney.xyz,https://h2h-yel.org,К*** Д.,Вайлдберриз,2026-07-13T21:02:36.402083+00:00
gsheets-p2p-drops-fevral-2026,Карты,2026-07-08,card,220431******0844,220431,МИР,,Honeymoney,https://gethmoney.xyz,https://h2h-yel.org,э*** С.,yandex_bank,2026-07-13T21:02:36.404123+00:00
gsheets-p2p-drops-fevral-2026,Карты,2026-07-08,card,220431******3991,220431,МИР,,Honeymoney,https://gethmoney.xyz,https://h2h-yel.org,А*** Е.,yandex_bank,2026-07-13T21:02:36.406631+00:00
gsheets-p2p-drops-fevral-2026,Карты,2026-07-08,card,220016******4584,220016,МИР,,Hype,https://hyperollcasino.com,https://h2h-yel.org,К*** В.,ЧелябИнвест,2026-07-13T21:02:36.408631+00:00
gsheets-p2p-drops-fevral-2026,Карты,2026-07-08,card,220070******8210,220070,МИР,,Hype,https://hyperollcasino.com,https://h2h-yel.org,А*** А.,Т-Банк,2026-07-13T21:02:36.410133+00:00
gsheets-p2p-drops-fevral-2026,Карты,2026-07-08,card,220070******9266,220070,МИР,,Hype,https://hyperollcasino.com,https://h2h-yel.org,Г*** А.,Т-Банк,2026-07-13T21:02:36.412137+00:00
gsheets-p2p-drops-fevral-2026,Карты,2026-07-08,card,220196******2120,220196,МИР,,Hype,https://hyperollcasino.com,https://h2h-yel.org,Б*** Д.,ОТП-Банк,2026-07-13T21:02:36.414646+00:00
gsheets-p2p-drops-fevral-2026,Карты,2026-07-08,card,220423******7097,220423,МИР,,Hype,https://hyperollcasino.com,https://h2h-yel.org,Д*** К.,Вайлдберриз,2026-07-13T21:02:36.416650+00:00
gsheets-p2p-drops-fevral-2026,Карты,2026-07-08,card,220423******3506,220423,МИР,,Hype,https://hyperollcasino.com,https://h2h-yel.org,И*** П.,Вайлдберриз,2026-07-13T21:02:36.418651+00:00
gsheets-p2p-drops-fevral-2026,Карты,2026-07-08,card,220431******4343,220431,МИР,,Hype,https://hyperollcasino.com,https://h2h-yel.org,В*** К.,yandex_bank,2026-07-13T21:02:36.421653+00:00
gsheets-p2p-drops-fevral-2026,Карты,2026-07-08,card,220423******6993,220423,МИР,,Moneyx,https://mxc1h.com,https://mxc1h.com,Я*** К.,"(скрыто: похоже на ФИО, не банк)",2026-07-13T21:02:36.423156+00:00
gsheets-p2p-drops-fevral-2026,Карты,2026-07-08,card,220423******0642,220423,МИР,,Moneyx,https://mxc1h.com,https://mxc1h.com,м*** м.,"(скрыто: похоже на ФИО, не банк)",2026-07-13T21:02:36.425665+00:00
gsheets-p2p-drops-fevral-2026,Карты,2026-07-08,card,220423******7348,220423,МИР,,Moneyx,https://mxc1h.com,https://mxc1h.com,С*** Д.,"(скрыто: похоже на ФИО, не банк)",2026-07-13T21:02:36.427669+00:00
gsheets-p2p-drops-fevral-2026,Карты,2026-07-08,card,220423******9690,220423,МИР,,Moneyx,https://mxc1h.com,https://mxc1h.com,М*** М.,"(скрыто: похоже на ФИО, не банк)",2026-07-13T21:02:36.429670+00:00
gsheets-p2p-drops-fevral-2026,Карты,2026-07-08,card,220423******0028,220423,МИР,,Moneyx,https://mxc1h.com,https://mxc1h.com,А*** А.,"(скрыто: похоже на ФИО, не банк)",2026-07-13T21:02:36.431669+00:00
gsheets-p2p-drops-fevral-2026,Карты,2026-07-08,card,220423******0283,220423,МИР,,Moneyx,https://mxc1h.com,https://mxc1h.com,С*** А.,"(скрыто: похоже на ФИО, не банк)",2026-07-13T21:02:36.434179+00:00
gsheets-p2p-drops-fevral-2026,Карты,2026-07-08,card,220423******7300,220423,МИР,,Moneyx,https://mxc1h.com,https://mxc1h.com,С*** М.,"(скрыто: похоже на ФИО, не банк)",2026-07-13T21:02:36.436687+00:00
gsheets-p2p-drops-fevral-2026,Карты,2026-07-08,card,220423******4824,220423,МИР,,Moneyx,https://mxc1h.com,https://mxc1h.com,М*** Т.,"(скрыто: похоже на ФИО, не банк)",2026-07-13T21:02:36.438688+00:00
gsheets-p2p-drops-fevral-2026,Карты,2026-07-08,card,220423******3927,220423,МИР,,Moneyx,https://mxc1h.com,https://mxc1h.com,Б*** М.,"(скрыто: похоже на ФИО, не банк)",2026-07-13T21:02:36.440687+00:00
gsheets-p2p-drops-fevral-2026,Карты,2026-07-08,card,220423******8309,220423,МИР,,Moneyx,https://mxc1h.com,https://mxc1h.com,С*** Р.,"(скрыто: похоже на ФИО, не банк)",2026-07-13T21:02:36.443197+00:00
gsheets-p2p-drops-fevral-2026,Карты,2026-07-08,card,220423******5169,220423,МИР,,Moneyx,https://mxc1h.com,https://mxc1h.com,М*** В.,"(скрыто: похоже на ФИО, не банк)",2026-07-13T21:02:36.445706+00:00
gsheets-p2p-drops-fevral-2026,Карты,2026-07-08,card,220423******9406,220423,МИР,,Moneyx,https://mxc1h.com,https://mxc1h.com,Р*** Р.,"(скрыто: похоже на ФИО, не банк)",2026-07-13T21:02:36.447714+00:00
gsheets-p2p-drops-fevral-2026,Карты,2026-07-08,card,220423******8906,220423,МИР,,Moneyx,https://mxc1h.com,https://mxc1h.com,М*** Р.,Вайлдберриз,2026-07-13T21:02:36.449712+00:00
gsheets-p2p-drops-fevral-2026,Карты,2026-07-08,card,220423******6226,220423,МИР,,Moneyx,https://mxc1h.com,https://mxc1h.com,А*** Р.,Вайлдберриз,2026-07-13T21:02:36.451712+00:00
gsheets-p2p-drops-fevral-2026,Карты,2026-07-08,card,220431******2591,220431,МИР,,selector,https://selector498.gg,https://fastpropay247.com,С*** К.,"(скрыто: похоже на ФИО, не банк)",2026-07-13T21:02:36.454223+00:00
gsheets-p2p-drops-fevral-2026,Карты,2026-07-08,card,220431******6275,220431,МИР,,selector,https://selector498.gg,https://fastpropay247.com,У*** А.,"(скрыто: похоже на ФИО, не банк)",2026-07-13T21:02:36.456731+00:00
gsheets-p2p-drops-fevral-2026,Карты,2026-07-08,card,220431******6275,220431,МИР,,selector,https://selector498.gg,https://fastpropay247.com,У*** А.,Tinkoff,2026-07-13T21:02:36.458730+00:00
gsheets-p2p-drops-fevral-2026,Карты,2026-07-08,card,220070******0415,220070,МИР,,turbo,https://turbo-casino116.gg,https://fastpropay247.com,Д*** Ш.,Тинькофф,2026-07-13T21:02:36.460731+00:00
gsheets-p2p-drops-fevral-2026,Карты,2026-07-08,card,220220******8506,220220,МИР,,Turbo,https://turbo-casino116.gg,https://payment.trustme.gg,,,2026-07-13T21:02:36.463235+00:00
gsheets-p2p-drops-fevral-2026,Карты,2026-07-08,card,220220******9758,220220,МИР,,Turbo,https://turbo-casino116.gg,https://payment.trustme.gg,,,2026-07-13T21:02:36.464241+00:00
gsheets-p2p-drops-fevral-2026,Карты,2026-07-08,card,220431******2591,220431,МИР,,turbo,https://turbo-casino116.gg,https://fastpropay247.com,С*** К.,"(скрыто: похоже на ФИО, не банк)",2026-07-13T21:02:36.467748+00:00
gsheets-p2p-drops-fevral-2026,Карты,2026-07-08,card,220431******1883,220431,МИР,,turbo,https://turbo-casino116.gg,https://fastpropay247.com,П*** П.,"(скрыто: похоже на ФИО, не банк)",2026-07-13T21:02:36.469749+00:00
gsheets-p2p-drops-fevral-2026,Карты,2026-07-08,card,220220******5095,220220,МИР,,Turbo,https://turbo-casino116.gg,https://payment.trustme.gg,,"(скрыто: похоже на ФИО, не банк)",2026-07-13T21:02:36.471751+00:00
gsheets-p2p-drops-fevral-2026,Карты,2026-07-08,card,220038******6233,220038,МИР,,Unlim,https://unlim-casinofirst.com,https://h2h-yel.org,Д*** С.,Россельхоз,2026-07-13T21:02:36.474260+00:00
gsheets-p2p-drops-fevral-2026,Карты,2026-07-08,card,220070******4828,220070,МИР,,Unlim,https://unlim-casinofirst.com,https://h2h-yel.org,С*** Б.,Т-Банк,2026-07-13T21:02:36.476768+00:00
gsheets-p2p-drops-fevral-2026,Карты,2026-07-08,card,220220******3601,220220,МИР,,Unlim,https://unlim-casinofirst.com,https://h2h-yel.org,А*** М.,Sber,2026-07-13T21:02:36.478768+00:00
gsheets-p2p-drops-fevral-2026,Карты,2026-07-08,card,220220******3601,220220,МИР,,Unlim,https://unlim-casinofirst.com,https://h2h-yel.org,А*** М.,Sber,2026-07-13T21:02:36.480769+00:00
gsheets-p2p-drops-fevral-2026,Карты,2026-07-08,card,220423******2339,220423,МИР,,Unlim,https://unlim-casinofirst.com,https://h2h-yel.org,И*** П.,Вайлдберриз,2026-07-13T21:02:36.483272+00:00
gsheets-p2p-drops-fevral-2026,Карты,2026-07-08,card,220423******1287,220423,МИР,,Unlim,https://unlim-casinofirst.com,https://h2h-yel.org,Н*** К.,Вайлдберриз,2026-07-13T21:02:36.485779+00:00
gsheets-p2p-drops-fevral-2026,Карты,2026-07-08,card,220431******0844,220431,МИР,,Unlim,https://unlim-casinofirst.com,https://h2h-yel.org,э*** С.,yandex_bank,2026-07-13T21:02:36.487785+00:00
gsheets-p2p-drops-fevral-2026,Карты,2026-07-08,card,220220******3040,220220,МИР,,Vodka,https://vodka71c2.com,https://vodka71c2.com,,Сбербанк,2026-07-13T21:02:36.489784+00:00
gsheets-p2p-drops-fevral-2026,Карты,2026-07-08,card,220220******3215,220220,МИР,,Vodka,https://vodka71c2.com,https://vodka71c2.com,Е*** А.,Сбербанк,2026-07-13T21:02:36.491783+00:00
gsheets-p2p-drops-fevral-2026,Карты,2026-07-09,card,220053******0522,220053,МИР,,Auf,https://aufcasinobase.com,https://h2h-yel.org,А*** Б.,"(скрыто: похоже на ФИО, не банк)",2026-07-13T21:02:36.494292+00:00
gsheets-p2p-drops-fevral-2026,Карты,2026-07-09,card,220070******5062,220070,МИР,,Auf,https://aufcasinobase.com,https://h2h-yel.org,Ж*** У.,Т-Банк,2026-07-13T21:02:36.496801+00:00
gsheets-p2p-drops-fevral-2026,Карты,2026-07-09,card,220220******0197,220220,МИР,,Auf,https://aufcasinobase.com,https://g5e13.page.polygon-pay.net,К*** О.,Сбербанк,2026-07-13T21:02:36.498802+00:00
gsheets-p2p-drops-fevral-2026,Карты,2026-07-09,card,220027******5784,220027,МИР,,blitz,https://blitz19.red,https://fastpropay247.com,В*** Ф.,Рокетбанк,2026-07-13T21:02:36.500802+00:00
gsheets-p2p-drops-fevral-2026,Карты,2026-07-09,card,220027******5784,220027,МИР,,blitz,https://blitz19.red,https://fastpropay247.com,В*** Ф.,Рокетбанк,2026-07-13T21:02:36.503304+00:00
gsheets-p2p-drops-fevral-2026,Карты,2026-07-09,card,220070******5340,220070,МИР,,blitz,https://blitz19.red,https://fastpropay247.com,К*** А.,Тинькофф,2026-07-13T21:02:36.505812+00:00
gsheets-p2p-drops-fevral-2026,Карты,2026-07-09,card,220070******8738,220070,МИР,,blitz,https://blitz19.red,https://fastpropay247.com,М*** И.,Тинькофф,2026-07-13T21:02:36.508026+00:00
gsheets-p2p-drops-fevral-2026,Карты,2026-07-09,card,220220******3354,220220,МИР,,blitz,https://blitz19.red,https://fastpropay247.com,Ш*** М.,Сбербанк,2026-07-13T21:02:36.510088+00:00
gsheets-p2p-drops-fevral-2026,Карты,2026-07-09,card,220220******3354,220220,МИР,,blitz,https://blitz19.red,https://fastpropay247.com,Ш*** М.,Сбербанк,2026-07-13T21:02:36.512689+00:00
gsheets-p2p-drops-fevral-2026,Карты,2026-07-09,card,220220******9540,220220,МИР,,Blitz,https://blitz19.red,https://payment.trustme.gg,,,2026-07-13T21:02:36.514799+00:00
gsheets-p2p-drops-fevral-2026,Карты,2026-07-09,card,220220******5092,220220,МИР,,blitz,https://blitz19.red,https://fastpropay247.com,А*** М.,Сбербанк,2026-07-13T21:02:36.516888+00:00
gsheets-p2p-drops-fevral-2026,Карты,2026-07-09,card,220431******7513,220431,МИР,,blitz,https://blitz19.red,https://fastpropay247.com,П*** И.,"(скрыто: похоже на ФИО, не банк)",2026-07-13T21:02:36.518413+00:00
gsheets-p2p-drops-fevral-2026,Карты,2026-07-09,card,220431******7513,220431,МИР,,blitz,https://blitz19.red,https://fastpropay247.com,П*** И.,"(скрыто: похоже на ФИО, не банк)",2026-07-13T21:02:36.521414+00:00
gsheets-p2p-drops-fevral-2026,Карты,2026-07-09,card,220431******9016,220431,МИР,,blitz,https://blitz19.red,https://fastpropay247.com,О*** Я.,"(скрыто: похоже на ФИО, не банк)",2026-07-13T21:02:36.522917+00:00
gsheets-p2p-drops-fevral-2026,Карты,2026-07-09,card,220431******9016,220431,МИР,,blitz,https://blitz19.red,https://fastpropay247.com,О*** Я.,"(скрыто: похоже на ФИО, не банк)",2026-07-13T21:02:36.525426+00:00
gsheets-p2p-drops-fevral-2026,Карты,2026-07-09,card,220439******8911,220439,МИР,,blitz,https://blitz19.red,https://fastpropay247.com,Г*** Е.,"(скрыто: похоже на ФИО, не банк)",2026-07-13T21:02:36.527431+00:00
gsheets-p2p-drops-fevral-2026,Карты,2026-07-09,card,220439******8911,220439,МИР,,blitz,https://blitz19.red,https://fastpropay247.com,Г*** Е.,"(скрыто: похоже на ФИО, не банк)",2026-07-13T21:02:36.529432+00:00
gsheets-p2p-drops-fevral-2026,Карты,2026-07-09,card,220015******7616,220015,МИР,,Bounty,https://bounty-casino71.com,https://payment.trustme.gg,,,2026-07-13T21:02:36.531432+00:00
gsheets-p2p-drops-fevral-2026,Карты,2026-07-09,card,220024******3696,220024,МИР,,Bounty,https://bounty-casino71.com,https://payment.trustme.gg,,,2026-07-13T21:02:36.533940+00:00
gsheets-p2p-drops-fevral-2026,Карты,2026-07-09,card,220027******1335,220027,МИР,,bounty,https://bounty-casino71.com,https://fastpropay247.com,П*** И.,Совкомбанк,2026-07-13T21:02:36.536447+00:00
gsheets-p2p-drops-fevral-2026,Карты,2026-07-09,card,220027******6070,220027,МИР,,Bounty,https://bounty-casino71.com,https://fastpropay247.com,Д*** Ш.,rocketbank,2026-07-13T21:02:36.538447+00:00
gsheets-p2p-drops-fevral-2026,Карты,2026-07-09,card,220027******5784,220027,МИР,,bounty,https://bounty-casino71.com,https://fastpropay247.com,В*** Ф.,Рокетбанк,2026-07-13T21:02:36.540447+00:00
gsheets-p2p-drops-fevral-2026,Карты,2026-07-09,card,220070******0998,220070,МИР,,bounty,https://bounty-casino71.com,https://fastpropay247.com,Т*** С.,Тинькофф,2026-07-13T21:02:36.542949+00:00
gsheets-p2p-drops-fevral-2026,Карты,2026-07-09,card,220070******1331,220070,МИР,,bounty,https://bounty-casino71.com,https://fastpropay247.com,М*** А.,Тинькофф,2026-07-13T21:02:36.545456+00:00
gsheets-p2p-drops-fevral-2026,Карты,2026-07-09,card,220070******4650,220070,МИР,,bounty,https://bounty-casino71.com,https://fastpropay247.com,С*** С.,Тинькофф,2026-07-13T21:02:36.547461+00:00
gsheets-p2p-drops-fevral-2026,Карты,2026-07-09,card,220220******2592,220220,МИР,,Bounty,https://bounty-casino71.com,https://payment.trustme.gg,,,2026-07-13T21:02:36.549462+00:00
gsheets-p2p-drops-fevral-2026,Карты,2026-07-09,card,220220******7229,220220,МИР,,Bounty,https://bounty-casino71.com,https://payment.trustme.gg,,,2026-07-13T21:02:36.552330+00:00
gsheets-p2p-drops-fevral-2026,Карты,2026-07-09,card,220220******8061,220220,МИР,,Bounty,https://bounty-casino71.com,https://payment.trustme.gg,,,2026-07-13T21:02:36.554489+00:00
gsheets-p2p-drops-fevral-2026,Карты,2026-07-09,card,220220******7373,220220,МИР,,Bounty,https://bounty-casino71.com,https://payment.trustme.gg,,,2026-07-13T21:02:36.557171+00:00
gsheets-p2p-drops-fevral-2026,Карты,2026-07-09,card,220418******8518,220418,МИР,,Bounty,https://bounty-casino71.com,https://payment.trustme.gg,,,2026-07-13T21:02:36.559265+00:00
gsheets-p2p-drops-fevral-2026,Карты,2026-07-09,card,220431******7513,220431,МИР,,bounty,https://bounty-casino71.com,https://fastpropay247.com,П*** И.,"(скрыто: похоже на ФИО, не банк)",2026-07-13T21:02:36.561339+00:00
gsheets-p2p-drops-fevral-2026,Карты,2026-07-09,card,220431******7513,220431,МИР,,bounty,https://bounty-casino71.com,https://fastpropay247.com,П*** И.,"(скрыто: похоже на ФИО, не банк)",2026-07-13T21:02:36.563364+00:00
gsheets-p2p-drops-fevral-2026,Карты,2026-07-09,card,220431******0881,220431,МИР,,bounty,https://bounty-casino71.com,https://fastpropay247.com,П*** П.,"(скрыто: похоже на ФИО, не банк)",2026-07-13T21:02:36.565368+00:00
gsheets-p2p-drops-fevral-2026,Карты,2026-07-09,card,220431******0881,220431,МИР,,bounty,https://bounty-casino71.com,https://fastpropay247.com,П*** П.,"(скрыто: похоже на ФИО, не банк)",2026-07-13T21:02:36.568371+00:00
gsheets-p2p-drops-fevral-2026,Карты,2026-07-09,card,220431******0881,220431,МИР,,bounty,https://bounty-casino71.com,https://fastpropay247.com,П*** П.,"(скрыто: похоже на ФИО, не банк)",2026-07-13T21:02:36.570372+00:00
gsheets-p2p-drops-fevral-2026,Карты,2026-07-09,card,220431******4839,220431,МИР,,bounty,https://bounty-casino71.com,https://fastpropay247.com,Ю*** П.,"(скрыто: похоже на ФИО, не банк)",2026-07-13T21:02:36.572875+00:00
gsheets-p2p-drops-fevral-2026,Карты,2026-07-09,card,220431******7032,220431,МИР,,bounty,https://bounty-casino71.com,https://fastpropay247.com,О*** Я.,"(скрыто: похоже на ФИО, не банк)",2026-07-13T21:02:36.575386+00:00
gsheets-p2p-drops-fevral-2026,Карты,2026-07-09,card,220439******8911,220439,МИР,,bounty,https://bounty-casino71.com,https://fastpropay247.com,Г*** Е.,"(скрыто: похоже на ФИО, не банк)",2026-07-13T21:02:36.577392+00:00
gsheets-p2p-drops-fevral-2026,Карты,2026-07-09,card,220439******8911,220439,МИР,,bounty,https://bounty-casino71.com,https://fastpropay247.com,Г*** Е.,"(скрыто: похоже на ФИО, не банк)",2026-07-13T21:02:36.579392+00:00
gsheets-p2p-drops-fevral-2026,Карты,2026-07-09,card,220439******8911,220439,МИР,,bounty,https://bounty-casino71.com,https://fastpropay247.com,Г*** Е.,"(скрыто: похоже на ФИО, не банк)",2026-07-13T21:02:36.581391+00:00
gsheets-p2p-drops-fevral-2026,Карты,2026-07-09,card,220027******5784,220027,МИР,,brillx,https://brillx100.gg,https://fastpropay247.com,В*** Ф.,Рокетбанк,2026-07-13T21:02:36.583902+00:00
gsheets-p2p-drops-fevral-2026,Карты,2026-07-09,card,220070******0457,220070,МИР,,brillx,https://brillx100.gg,https://fastpropay247.com,Г*** В.,Тинькофф,2026-07-13T21:02:36.586409+00:00
gsheets-p2p-drops-fevral-2026,Карты,2026-07-09,card,220423******7711,220423,МИР,,brillx,https://brillx100.gg,https://fastpropay247.com,П*** И.,"(скрыто: похоже на ФИО, не банк)",2026-07-13T21:02:36.588410+00:00
gsheets-p2p-drops-fevral-2026,Карты,2026-07-09,card,220431******7513,220431,МИР,,brillx,https://brillx100.gg,https://fastpropay247.com,П*** И.,"(скрыто: похоже на ФИО, не банк)",2026-07-13T21:02:36.590383+00:00
gsheets-p2p-drops-fevral-2026,Карты,2026-07-09,card,220431******7513,220431,МИР,,brillx,https://brillx100.gg,https://fastpropay247.com,П*** И.,"(скрыто: похоже на ФИО, не банк)",2026-07-13T21:02:36.592917+00:00
gsheets-p2p-drops-fevral-2026,Карты,2026-07-09,card,220431******5823,220431,МИР,,brillx,https://brillx100.gg,https://fastpropay247.com,В*** Ч.,"(скрыто: похоже на ФИО, не банк)",2026-07-13T21:02:36.593921+00:00
gsheets-p2p-drops-fevral-2026,Карты,2026-07-09,card,220431******5823,220431,МИР,,brillx,https://brillx100.gg,https://fastpropay247.com,В*** Ч.,"(скрыто: похоже на ФИО, не банк)",2026-07-13T21:02:36.597431+00:00
gsheets-p2p-drops-fevral-2026,Карты,2026-07-09,card,220431******4839,220431,МИР,,brillx,https://brillx100.gg,https://fastpropay247.com,Ю*** П.,"(скрыто: похоже на ФИО, не банк)",2026-07-13T21:02:36.599430+00:00
gsheets-p2p-drops-fevral-2026,Карты,2026-07-09,card,220431******6561,220431,МИР,,brillx,https://brillx100.gg,https://fastpropay247.com,Р*** К.,"(скрыто: похоже на ФИО, не банк)",2026-07-13T21:02:36.601431+00:00
gsheets-p2p-drops-fevral-2026,Карты,2026-07-09,card,220431******3236,220431,МИР,,brillx,https://brillx100.gg,https://fastpropay247.com,А*** Д.,"(скрыто: похоже на ФИО, не банк)",2026-07-13T21:02:36.603941+00:00
gsheets-p2p-drops-fevral-2026,Карты,2026-07-09,card,220439******8911,220439,МИР,,brillx,https://brillx100.gg,https://fastpropay247.com,Г*** Е.,"(скрыто: похоже на ФИО, не банк)",2026-07-13T21:02:36.606449+00:00
gsheets-p2p-drops-fevral-2026,Карты,2026-07-09,card,220015******1383,220015,МИР,,Casher,https://casher36.win,https://casher36.win,Д*** Ш.,Альфа-Банк,2026-07-13T21:02:36.608449+00:00
gsheets-p2p-drops-fevral-2026,Карты,2026-07-09,card,220019******3724,220019,МИР,,Casher,https://casher36.win,https://casher36.win,И***,Уралсиб,2026-07-13T21:02:36.610589+00:00
gsheets-p2p-drops-fevral-2026,Карты,2026-07-09,card,220030******8050,220030,МИР,,Casher,https://casher36.win,https://casher36.win,В*** Г.,Райффайзен,2026-07-13T21:02:36.613097+00:00
gsheets-p2p-drops-fevral-2026,Карты,2026-07-09,card,220038******4490,220038,МИР,,Casher,https://casher36.win,https://casher36.win,Н*** А.,Россельхозбанк,2026-07-13T21:02:36.615604+00:00
gsheets-p2p-drops-fevral-2026,Карты,2026-07-09,card,220070******3889,220070,МИР,,Casher,https://casher36.win,https://casher36.win,М*** Т.,Т-Банк,2026-07-13T21:02:36.617611+00:00
gsheets-p2p-drops-fevral-2026,Карты,2026-07-09,card,220070******9078,220070,МИР,,Casher,https://casher36.win,https://casher36.win,П*** И.,Т-Банк,2026-07-13T21:02:36.619607+00:00
gsheets-p2p-drops-fevral-2026,Карты,2026-07-09,card,220070******2924,220070,МИР,,Casher,https://casher36.win,https://casher36.win,В*** К.,Т-банк,2026-07-13T21:02:36.621607+00:00
gsheets-p2p-drops-fevral-2026,Карты,2026-07-09,card,220070******7081,220070,МИР,,Casher,https://casher36.win,https://casher36.win,К*** А.,Т-Банк,2026-07-13T21:02:36.624117+00:00
gsheets-p2p-drops-fevral-2026,Карты,2026-07-09,card,220220******8541,220220,МИР,,Casher,https://casher36.win,https://casher36.win,А*** А.,Сбербанк,2026-07-13T21:02:36.626624+00:00
gsheets-p2p-drops-fevral-2026,Карты,2026-07-09,card,220220******1018,220220,МИР,,Casher,https://casher36.win,https://casher36.win,Д*** Ф.,Сбербанк,2026-07-13T21:02:36.629624+00:00
gsheets-p2p-drops-fevral-2026,Карты,2026-07-09,card,220220******1665,220220,МИР,,Casher,https://casher36.win,https://casher36.win,Т*** А.,Сбербанк,2026-07-13T21:02:36.631625+00:00
gsheets-p2p-drops-fevral-2026,Карты,2026-07-09,card,220220******4752,220220,МИР,,Casher,https://casher36.win,https://casher36.win,С*** Н.,Сбербанк,2026-07-13T21:02:36.634134+00:00
gsheets-p2p-drops-fevral-2026,Карты,2026-07-09,card,220220******4636,220220,МИР,,Casher,https://casher36.win,https://casher36.win,Ч*** И.,Сбербанк,2026-07-13T21:02:36.635638+00:00
gsheets-p2p-drops-fevral-2026,Карты,2026-07-09,card,220220******9557,220220,МИР,,Casher,https://casher36.win,https://casher36.win,К*** Б.,Сбербанк,2026-07-13T21:02:36.638643+00:00
gsheets-p2p-drops-fevral-2026,Карты,2026-07-09,card,220220******8536,220220,МИР,,Casher,https://casher36.win,https://casher36.win,Х*** О.,Сбербанк,2026-07-13T21:02:36.640642+00:00
gsheets-p2p-drops-fevral-2026,Карты,2026-07-09,card,220220******8245,220220,МИР,,Casher,https://casher36.win,https://casher36.win,Ч*** И.,Сбербанк,2026-07-13T21:02:36.641642+00:00
gsheets-p2p-drops-fevral-2026,Карты,2026-07-09,card,220220******7640,220220,МИР,,Casher,https://casher36.win,https://casher36.win,Д*** М.,Сбербанк,2026-07-13T21:02:36.644153+00:00
gsheets-p2p-drops-fevral-2026,Карты,2026-07-09,card,220220******8924,220220,МИР,,Casher,https://casher36.win,https://casher36.win,Т*** Г.,Сбербанк,2026-07-13T21:02:36.646660+00:00
gsheets-p2p-drops-fevral-2026,Карты,2026-07-09,card,220220******4618,220220,МИР,,Casher,https://casher36.win,https://casher36.win,Х*** Т.,Сбербанк,2026-07-13T21:02:36.648659+00:00
gsheets-p2p-drops-fevral-2026,Карты,2026-07-09,card,220220******0096,220220,МИР,,Casher,https://casher36.win,https://casher36.win,Р*** В.,Сбербанк,2026-07-13T21:02:36.651659+00:00
gsheets-p2p-drops-fevral-2026,Карты,2026-07-09,card,220220******3103,220220,МИР,,Casher,https://casher36.win,https://casher36.win,Н*** М.,Сбербанк,2026-07-13T21:02:36.653162+00:00
gsheets-p2p-drops-fevral-2026,Карты,2026-07-09,card,220220******7021,220220,МИР,,Casher,https://casher36.win,https://casher36.win,М*** А.,Сбербанк,2026-07-13T21:02:36.655671+00:00
gsheets-p2p-drops-fevral-2026,Карты,2026-07-09,card,220423******7646,220423,МИР,,Casher,https://casher36.win,https://casher36.win,М*** А.,Вайлдберриз,2026-07-13T21:02:36.657674+00:00
gsheets-p2p-drops-fevral-2026,Карты,2026-07-09,card,220423******2410,220423,МИР,,Casher,https://casher36.win,https://casher36.win,Ф*** К.,Вайлдберриз,2026-07-13T21:02:36.659678+00:00
gsheets-p2p-drops-fevral-2026,Карты,2026-07-09,card,220423******4121,220423,МИР,,Casher,https://casher36.win,https://casher36.win,А*** Г.,Вайлдберриз,2026-07-13T21:02:36.661674+00:00
gsheets-p2p-drops-fevral-2026,Карты,2026-07-09,card,220423******8267,220423,МИР,,Casher,https://casher36.win,https://casher36.win,Н*** Я.,Вайлдберриз,2026-07-13T21:02:36.664182+00:00
gsheets-p2p-drops-fevral-2026,Карты,2026-07-09,card,220423******9893,220423,МИР,,Casher,https://casher36.win,https://casher36.win,А*** В.,Вайлдберриз,2026-07-13T21:02:36.666890+00:00
gsheets-p2p-drops-fevral-2026,Карты,2026-07-09,card,220423******3133,220423,МИР,,Casher,https://casher36.win,https://casher36.win,Б*** щ.,Вайлдберриз,2026-07-13T21:02:36.668976+00:00
gsheets-p2p-drops-fevral-2026,Карты,2026-07-09,card,220423******0035,220423,МИР,,Casher,https://casher36.win,https://casher36.win,К*** П.,Вайлдберриз,2026-07-13T21:02:36.671059+00:00
gsheets-p2p-drops-fevral-2026,Карты,2026-07-09,card,220423******0968,220423,МИР,,Casher,https://casher36.win,https://casher36.win,Д*** Д.,Вайлдберриз,2026-07-13T21:02:36.673645+00:00
gsheets-p2p-drops-fevral-2026,Карты,2026-07-09,card,220423******7545,220423,МИР,,Casher,https://casher36.win,https://casher36.win,Л*** В.,Вайлдберриз,2026-07-13T21:02:36.675718+00:00
gsheets-p2p-drops-fevral-2026,Карты,2026-07-09,card,220423******8192,220423,МИР,,Casher,https://casher36.win,https://casher36.win,В*** Р.,Вайлдберриз,2026-07-13T21:02:36.677722+00:00
gsheets-p2p-drops-fevral-2026,Карты,2026-07-09,card,220423******0535,220423,МИР,,Casher,https://casher36.win,https://casher36.win,М***,Вайлдберриз,2026-07-13T21:02:36.679723+00:00
gsheets-p2p-drops-fevral-2026,Карты,2026-07-09,card,220423******8875,220423,МИР,,Casher,https://casher36.win,https://casher36.win,п*** А.,Вайлдберриз,2026-07-13T21:02:36.681722+00:00
gsheets-p2p-drops-fevral-2026,Карты,2026-07-09,card,220423******3105,220423,МИР,,Casher,https://casher36.win,https://casher36.win,Т*** В.,Вайлдберриз,2026-07-13T21:02:36.684230+00:00
gsheets-p2p-drops-fevral-2026,Карты,2026-07-09,card,220423******8062,220423,МИР,,Casher,https://casher36.win,https://casher36.win,А*** Д.,Вайлдберриз,2026-07-13T21:02:36.686737+00:00
gsheets-p2p-drops-fevral-2026,Карты,2026-07-09,card,220423******8102,220423,МИР,,Casher,https://casher36.win,https://casher36.win,К*** Ш.,Вайлдберриз,2026-07-13T21:02:36.688738+00:00
gsheets-p2p-drops-fevral-2026,Карты,2026-07-09,card,220431******4988,220431,МИР,,Casher,https://casher36.win,https://casher36.win,С*** Ч.,"(скрыто: похоже на ФИО, не банк)",2026-07-13T21:02:36.690737+00:00
gsheets-p2p-drops-fevral-2026,Карты,2026-07-09,card,220431******1430,220431,МИР,,Casher,https://casher36.win,https://casher36.win,К*** П.,"(скрыто: похоже на ФИО, не банк)",2026-07-13T21:02:36.693242+00:00
gsheets-p2p-drops-fevral-2026,Карты,2026-07-09,card,220432******9004,220432,МИР,,Casher,https://casher36.win,https://casher36.win,А*** А.,Озон,2026-07-13T21:02:36.695751+00:00
gsheets-p2p-drops-fevral-2026,Карты,2026-07-09,card,220423******6155,220423,МИР,,Fixa,https://fixa20.casino,https://fixa20.casino,Д*** А.,Вайлдберриз ,2026-07-13T21:02:36.697757+00:00
gsheets-p2p-drops-fevral-2026,Карты,2026-07-09,card,220027******1335,220027,МИР,,friends,https://friends-casino244.com,https://fastpropay247.com,П*** И.,Совкомбанк,2026-07-13T21:02:36.699756+00:00
gsheets-p2p-drops-fevral-2026,Карты,2026-07-09,card,220070******1331,220070,МИР,,friends,https://friends-casino244.com,https://fastpropay247.com,М*** А.,Тинькофф,2026-07-13T21:02:36.701756+00:00
gsheets-p2p-drops-fevral-2026,Карты,2026-07-09,card,220070******5340,220070,МИР,,friends,https://friends-casino244.com,https://fastpropay247.com,К*** А.,Тинькофф,2026-07-13T21:02:36.704264+00:00
gsheets-p2p-drops-fevral-2026,Карты,2026-07-09,card,220220******3354,220220,МИР,,friends,https://friends-casino244.com,https://fastpropay247.com,Ш*** М.,Сбербанк,2026-07-13T21:02:36.705767+00:00
gsheets-p2p-drops-fevral-2026,Карты,2026-07-09,card,220220******3354,220220,МИР,,friends,https://friends-casino244.com,https://fastpropay247.com,Ш*** М.,Сбербанк,2026-07-13T21:02:36.707771+00:00
gsheets-p2p-drops-fevral-2026,Карты,2026-07-09,card,220431******7513,220431,МИР,,friends,https://friends-casino244.com,https://fastpropay247.com,П*** И.,"(скрыто: похоже на ФИО, не банк)",2026-07-13T21:02:36.710283+00:00
gsheets-p2p-drops-fevral-2026,Карты,2026-07-09,card,220431******7513,220431,МИР,,friends,https://friends-casino244.com,https://fastpropay247.com,П*** И.,"(скрыто: похоже на ФИО, не банк)",2026-07-13T21:02:36.713283+00:00
gsheets-p2p-drops-fevral-2026,Карты,2026-07-09,card,220431******5823,220431,МИР,,friends,https://friends-casino244.com,https://fastpropay247.com,В*** Ч.,"(скрыто: похоже на ФИО, не банк)",2026-07-13T21:02:36.714659+00:00
gsheets-p2p-drops-fevral-2026,Карты,2026-07-09,card,220431******5823,220431,МИР,,friends,https://friends-casino244.com,https://fastpropay247.com,В*** Ч.,"(скрыто: похоже на ФИО, не банк)",2026-07-13T21:02:36.717660+00:00
gsheets-p2p-drops-fevral-2026,Карты,2026-07-09,card,220431******5823,220431,МИР,,friends,https://friends-casino244.com,https://fastpropay247.com,В*** Ч.,"(скрыто: похоже на ФИО, не банк)",2026-07-13T21:02:36.719659+00:00
gsheets-p2p-drops-fevral-2026,Карты,2026-07-09,card,220431******5823,220431,МИР,,friends,https://friends-casino244.com,https://fastpropay247.com,В*** Ч.,"(скрыто: похоже на ФИО, не банк)",2026-07-13T21:02:36.721660+00:00
gsheets-p2p-drops-fevral-2026,Карты,2026-07-09,card,220431******9016,220431,МИР,,friends,https://friends-casino244.com,https://fastpropay247.com,О*** Я.,"(скрыто: похоже на ФИО, не банк)",2026-07-13T21:02:36.724171+00:00
gsheets-p2p-drops-fevral-2026,Карты,2026-07-09,card,220431******2342,220431,МИР,,friends,https://friends-casino244.com,https://fastpropay247.com,А*** Р.,"(скрыто: похоже на ФИО, не банк)",2026-07-13T21:02:36.726679+00:00
gsheets-p2p-drops-fevral-2026,Карты,2026-07-09,card,220027******6816,220027,МИР,,Honeymoney,https://gethmoney.xyz,https://h2h-yel.org,Н***,Совкомбанк,2026-07-13T21:02:36.728680+00:00
gsheets-p2p-drops-fevral-2026,Карты,2026-07-09,card,220033******2226,220033,МИР,,Honeymoney,https://gethmoney.xyz,https://h2h-yel.org,м***,"(скрыто: похоже на ФИО, не банк)",2026-07-13T21:02:36.730678+00:00
gsheets-p2p-drops-fevral-2026,Карты,2026-07-09,card,220196******8222,220196,МИР,,Honeymoney,https://gethmoney.xyz,https://h2h-yel.org,Р*** П.,ОТП-Банк,2026-07-13T21:02:36.733183+00:00
gsheets-p2p-drops-fevral-2026,Карты,2026-07-09,card,220220******9557,220220,МИР,,Honeymoney,https://gethmoney.xyz,https://h2h-yel.org,К*** Б.,Sber,2026-07-13T21:02:36.735692+00:00
gsheets-p2p-drops-fevral-2026,Карты,2026-07-09,card,220343******7725,220343,МИР,,Honeymoney,https://gethmoney.xyz,https://h2h-yel.org,С*** С.,"(скрыто: похоже на ФИО, не банк)",2026-07-13T21:02:36.737699+00:00
gsheets-p2p-drops-fevral-2026,Карты,2026-07-09,card,220423******4054,220423,МИР,,Honeymoney,https://gethmoney.xyz,https://h2h-yel.org,Д*** М.,Вайлдберриз,2026-07-13T21:02:36.739697+00:00
gsheets-p2p-drops-fevral-2026,Карты,2026-07-09,card,220432******0281,220432,МИР,,Honeymoney,https://gethmoney.xyz,https://h2h-yel.org,К*** И.,"(скрыто: похоже на ФИО, не банк)",2026-07-13T21:02:36.742324+00:00
gsheets-p2p-drops-fevral-2026,Карты,2026-07-09,card,220003******1105,220003,МИР,,Hype,https://hyperollcasino.com,https://h2h-yel.org,Э***,ПромСвязьБанк,2026-07-13T21:02:36.744399+00:00
gsheets-p2p-drops-fevral-2026,Карты,2026-07-09,card,220023******7451,220023,МИР,,Hype,https://hyperollcasino.com,https://h2h-yel.org,С*** С.,"(скрыто: похоже на ФИО, не банк)",2026-07-13T21:02:36.746474+00:00
gsheets-p2p-drops-fevral-2026,Карты,2026-07-09,card,220027******6816,220027,МИР,,Hype,https://hyperollcasino.com,https://h2h-yel.org,Н***,Совкомбанк,2026-07-13T21:02:36.748556+00:00
gsheets-p2p-drops-fevral-2026,Карты,2026-07-09,card,220070******6007,220070,МИР,,Hype,https://hyperollcasino.com,https://h2h-yel.org,С*** Н.,Т-Банк,2026-07-13T21:02:36.750662+00:00
gsheets-p2p-drops-fevral-2026,Карты,2026-07-09,card,220070******2583,220070,МИР,,Hype,https://hyperollcasino.com,https://h2h-yel.org,Ю***,Т-Банк,2026-07-13T21:02:36.753246+00:00
gsheets-p2p-drops-fevral-2026,Карты,2026-07-09,card,220070******4242,220070,МИР,,Hype,https://hyperollcasino.com,https://h2h-yel.org,К*** М.,Т-Банк,2026-07-13T21:02:36.754252+00:00
gsheets-p2p-drops-fevral-2026,Карты,2026-07-09,card,220196******8610,220196,МИР,,Hype,https://hyperollcasino.com,https://h2h-yel.org,Ю*** А.,ОТП-Банк,2026-07-13T21:02:36.756759+00:00
gsheets-p2p-drops-fevral-2026,Карты,2026-07-09,card,220196******8222,220196,МИР,,Hype,https://hyperollcasino.com,https://h2h-yel.org,Р*** П.,ОТП-Банк,2026-07-13T21:02:36.758759+00:00
gsheets-p2p-drops-fevral-2026,Карты,2026-07-09,card,220196******2870,220196,МИР,,Hype,https://hyperollcasino.com,https://h2h-yel.org,С*** П.,ОТП-Банк,2026-07-13T21:02:36.761760+00:00
gsheets-p2p-drops-fevral-2026,Карты,2026-07-09,card,220431******9867,220431,МИР,,Hype,https://hyperollcasino.com,https://h2h-yel.org,М***,"(скрыто: похоже на ФИО, не банк)",2026-07-13T21:02:36.763263+00:00
gsheets-p2p-drops-fevral-2026,Карты,2026-07-09,card,220432******9661,220432,МИР,,Hype,https://hyperollcasino.com,https://h2h-yel.org,С***,"(скрыто: похоже на ФИО, не банк)",2026-07-13T21:02:36.765771+00:00
gsheets-p2p-drops-fevral-2026,Карты,2026-07-09,card,220027******6070,220027,МИР,,Selector,https://selector498.gg,https://fastpropay247.com,Д*** Ш.,rocketbank,2026-07-13T21:02:36.767775+00:00
gsheets-p2p-drops-fevral-2026,Карты,2026-07-09,card,220027******5784,220027,МИР,,selector,https://selector498.gg,https://fastpropay247.com,В*** Ф.,Рокетбанк,2026-07-13T21:02:36.769775+00:00
gsheets-p2p-drops-fevral-2026,Карты,2026-07-09,card,220027******5784,220027,МИР,,selector,https://selector498.gg,https://fastpropay247.com,В*** Ф.,Рокетбанк,2026-07-13T21:02:36.771776+00:00
gsheets-p2p-drops-fevral-2026,Карты,2026-07-09,card,220027******5784,220027,МИР,,selector,https://selector498.gg,https://fastpropay247.com,В*** Ф.,Рокетбанк,2026-07-13T21:02:36.774286+00:00
gsheets-p2p-drops-fevral-2026,Карты,2026-07-09,card,220027******5784,220027,МИР,,selector,https://selector498.gg,https://fastpropay247.com,В*** Ф.,Рокетбанк,2026-07-13T21:02:36.776795+00:00
gsheets-p2p-drops-fevral-2026,Карты,2026-07-09,card,220027******5784,220027,МИР,,selector,https://selector498.gg,https://fastpropay247.com,В*** Ф.,Рокетбанк,2026-07-13T21:02:36.778793+00:00
gsheets-p2p-drops-fevral-2026,Карты,2026-07-09,card,220027******5784,220027,МИР,,selector,https://selector498.gg,https://fastpropay247.com,В*** Ф.,Рокетбанк,2026-07-13T21:02:36.780794+00:00
gsheets-p2p-drops-fevral-2026,Карты,2026-07-09,card,220070******0457,220070,МИР,,selector,https://selector498.gg,https://fastpropay247.com,Г*** В.,Тинькофф,2026-07-13T21:02:36.783301+00:00
gsheets-p2p-drops-fevral-2026,Карты,2026-07-09,card,220070******0311,220070,МИР,,Selector,https://selector498.gg,https://payment.trustme.gg,,,2026-07-13T21:02:36.785808+00:00
gsheets-p2p-drops-fevral-2026,Карты,2026-07-09,card,220070******8738,220070,МИР,,selector,https://selector498.gg,https://fastpropay247.com,М*** И.,Тинькофф,2026-07-13T21:02:36.788277+00:00
gsheets-p2p-drops-fevral-2026,Карты,2026-07-09,card,220070******8738,220070,МИР,,selector,https://selector498.gg,https://fastpropay247.com,М*** И.,Тинькофф,2026-07-13T21:02:36.790414+00:00
gsheets-p2p-drops-fevral-2026,Карты,2026-07-09,card,220220******3330,220220,МИР,,Selector,https://selector498.gg,https://payment.trustme.gg,,,2026-07-13T21:02:36.792498+00:00
gsheets-p2p-drops-fevral-2026,Карты,2026-07-09,card,220220******3354,220220,МИР,,selector,https://selector498.gg,https://fastpropay247.com,Ш*** М.,Сбербанк,2026-07-13T21:02:36.794579+00:00
gsheets-p2p-drops-fevral-2026,Карты,2026-07-09,card,220220******7373,220220,МИР,,Selector,https://selector498.gg,https://payment.trustme.gg,,,2026-07-13T21:02:36.796657+00:00
gsheets-p2p-drops-fevral-2026,Карты,2026-07-09,card,220423******2703,220423,МИР,,selector,https://selector498.gg,https://fastpropay247.com,Г*** П.,"(скрыто: похоже на ФИО, не банк)",2026-07-13T21:02:36.799210+00:00
gsheets-p2p-drops-fevral-2026,Карты,2026-07-09,card,220431******7513,220431,МИР,,selector,https://selector498.gg,https://fastpropay247.com,П*** И.,"(скрыто: похоже на ФИО, не банк)",2026-07-13T21:02:36.801210+00:00
gsheets-p2p-drops-fevral-2026,Карты,2026-07-09,card,220431******7513,220431,МИР,,selector,https://selector498.gg,https://fastpropay247.com,П*** И.,"(скрыто: похоже на ФИО, не банк)",2026-07-13T21:02:36.803209+00:00
gsheets-p2p-drops-fevral-2026,Карты,2026-07-09,card,220431******7513,220431,МИР,,selector,https://selector498.gg,https://fastpropay247.com,П*** И.,"(скрыто: похоже на ФИО, не банк)",2026-07-13T21:02:36.805748+00:00
gsheets-p2p-drops-fevral-2026,Карты,2026-07-09,card,220431******5823,220431,МИР,,selector,https://selector498.gg,https://fastpropay247.com,В*** Ч.,"(скрыто: похоже на ФИО, не банк)",2026-07-13T21:02:36.807751+00:00
gsheets-p2p-drops-fevral-2026,Карты,2026-07-09,card,220431******0881,220431,МИР,,selector,https://selector498.gg,https://fastpropay247.com,П*** П.,"(скрыто: похоже на ФИО, не банк)",2026-07-13T21:02:36.810260+00:00
gsheets-p2p-drops-fevral-2026,Карты,2026-07-09,card,220439******8911,220439,МИР,,selector,https://selector498.gg,https://fastpropay247.com,Г*** Е.,"(скрыто: похоже на ФИО, не банк)",2026-07-13T21:02:36.812260+00:00
gsheets-p2p-drops-fevral-2026,Карты,2026-07-09,card,220439******8911,220439,МИР,,selector,https://selector498.gg,https://fastpropay247.com,Г*** Е.,"(скрыто: похоже на ФИО, не банк)",2026-07-13T21:02:36.814290+00:00
gsheets-p2p-drops-fevral-2026,Карты,2026-07-09,card,220439******8911,220439,МИР,,selector,https://selector498.gg,https://fastpropay247.com,Г*** Е.,"(скрыто: похоже на ФИО, не банк)",2026-07-13T21:02:36.816803+00:00
gsheets-p2p-drops-fevral-2026,Карты,2026-07-09,card,220015******9762,220015,МИР,,Turbo,https://turbo-casino116.gg,https://payment.trustme.gg,,,2026-07-13T21:02:36.819800+00:00
gsheets-p2p-drops-fevral-2026,Карты,2026-07-09,card,220027******1335,220027,МИР,,turbo,https://turbo-casino116.gg,https://fastpropay247.com,П*** И.,Совкомбанк,2026-07-13T21:02:36.821386+00:00
gsheets-p2p-drops-fevral-2026,Карты,2026-07-09,card,220027******1335,220027,МИР,,turbo,https://turbo-casino116.gg,https://fastpropay247.com,П*** И.,Совкомбанк,2026-07-13T21:02:36.823896+00:00
gsheets-p2p-drops-fevral-2026,Карты,2026-07-09,card,220070******5039,220070,МИР,,turbo,https://turbo-casino116.gg,https://fastpropay247.com,А*** Б.,Тинькофф,2026-07-13T21:02:36.826404+00:00
gsheets-p2p-drops-fevral-2026,Карты,2026-07-09,card,220070******2044,220070,МИР,,Turbo,https://turbo-casino116.gg,https://payment.trustme.gg,,"(скрыто: похоже на ФИО, не банк)",2026-07-13T21:02:36.828403+00:00
gsheets-p2p-drops-fevral-2026,Карты,2026-07-09,card,220070******8738,220070,МИР,,turbo,https://turbo-casino116.gg,https://fastpropay247.com,М*** И.,Тинькофф,2026-07-13T21:02:36.830404+00:00
gsheets-p2p-drops-fevral-2026,Карты,2026-07-09,card,220220******7229,220220,МИР,,Turbo,https://turbo-casino116.gg,https://payment.trustme.gg,,,2026-07-13T21:02:36.832909+00:00
gsheets-p2p-drops-fevral-2026,Карты,2026-07-09,card,220220******3330,220220,МИР,,Turbo,https://turbo-casino116.gg,https://payment.trustme.gg,,,2026-07-13T21:02:36.833914+00:00
gsheets-p2p-drops-fevral-2026,Карты,2026-07-09,card,220220******3354,220220,МИР,,turbo,https://turbo-casino116.gg,https://fastpropay247.com,Ш*** М.,Сбербанк,2026-07-13T21:02:36.837422+00:00
gsheets-p2p-drops-fevral-2026,Карты,2026-07-09,card,220220******7373,220220,МИР,,Turbo,https://turbo-casino116.gg,https://payment.trustme.gg,,,2026-07-13T21:02:36.839422+00:00
gsheets-p2p-drops-fevral-2026,Карты,2026-07-09,card,220418******8518,220418,МИР,,Turbo,https://turbo-casino116.gg,https://payment.trustme.gg,,,2026-07-13T21:02:36.841423+00:00
gsheets-p2p-drops-fevral-2026,Карты,2026-07-09,card,220431******7513,220431,МИР,,turbo,https://turbo-casino116.gg,https://fastpropay247.com,П*** И.,"(скрыто: похоже на ФИО, не банк)",2026-07-13T21:02:36.843932+00:00
gsheets-p2p-drops-fevral-2026,Карты,2026-07-09,card,220431******4187,220431,МИР,,Turbo,https://turbo-casino116.gg,https://payment.trustme.gg,,,2026-07-13T21:02:36.846439+00:00
gsheets-p2p-drops-fevral-2026,Карты,2026-07-09,card,220439******8911,220439,МИР,,turbo,https://turbo-casino116.gg,https://fastpropay247.com,Г*** Е.,"(скрыто: похоже на ФИО, не банк)",2026-07-13T21:02:36.848439+00:00
gsheets-p2p-drops-fevral-2026,Карты,2026-07-09,card,220015******2173,220015,МИР,,Unlim,https://unlim-casino-third.org,https://h2h-ora.org,К*** Г.,АЛЬФА-БАНК,2026-07-13T21:02:36.850342+00:00
gsheets-p2p-drops-fevral-2026,Карты,2026-07-09,card,220015******2442,220015,МИР,,Unlim,https://unlim-casino-third.org,https://h2h-ora.org,М*** Э.,АЛЬФА-БАНК,2026-07-13T21:02:36.852847+00:00
gsheets-p2p-drops-fevral-2026,Карты,2026-07-09,card,220019******3997,220019,МИР,,Unlim,https://unlim-casino-third.org,https://h2h-ora.org,Г*** А.,"(скрыто: похоже на ФИО, не банк)",2026-07-13T21:02:36.855357+00:00
gsheets-p2p-drops-fevral-2026,Карты,2026-07-09,card,220030******4252,220030,МИР,,Unlim,https://unlim-casino-third.org,https://h2h-ora.org,А*** В.,Райффайзен,2026-07-13T21:02:36.857363+00:00
gsheets-p2p-drops-fevral-2026,Карты,2026-07-09,card,220060******3279,220060,МИР,,Unlim,https://unlim-casino-third.org,https://h2h-ora.org,М*** А.,"(скрыто: похоже на ФИО, не банк)",2026-07-13T21:02:36.859289+00:00
gsheets-p2p-drops-fevral-2026,Карты,2026-07-09,card,220070******1746,220070,МИР,,Unlim,https://unlim-casino-third.org,https://h2h-ora.org,С*** С.,Т-Банк,2026-07-13T21:02:36.861293+00:00
gsheets-p2p-drops-fevral-2026,Карты,2026-07-09,card,220070******8050,220070,МИР,,Unlim,https://unlim-casino-third.org,https://h2h-ora.org,Ш*** О.,Т-Банк,2026-07-13T21:02:36.863293+00:00
gsheets-p2p-drops-fevral-2026,Карты,2026-07-09,card,220070******2778,220070,МИР,,Unlim,https://unlim-casino-third.org,https://h2h-ora.org,М*** В.,Т-Банк,2026-07-13T21:02:36.865652+00:00
gsheets-p2p-drops-fevral-2026,Карты,2026-07-09,card,220070******4446,220070,МИР,,Unlim,https://unlim-casino-third.org,https://h2h-ora.org,Г*** Э.,Т-Банк,2026-07-13T21:02:36.868652+00:00
gsheets-p2p-drops-fevral-2026,Карты,2026-07-09,card,220070******0587,220070,МИР,,Unlim,https://unlim-casino-third.org,https://h2h-ora.org,П*** Щ.,Т-Банк,2026-07-13T21:02:36.870651+00:00
gsheets-p2p-drops-fevral-2026,Карты,2026-07-09,card,220070******7486,220070,МИР,,Unlim,https://unlim-casino-third.org,https://h2h-ora.org,Г*** Ш.,Т-Банк,2026-07-13T21:02:36.871653+00:00
gsheets-p2p-drops-fevral-2026,Карты,2026-07-09,card,220070******5084,220070,МИР,,Unlim,https://unlim-casino-third.org,https://h2h-ora.org,Р*** С.,Т-Банк,2026-07-13T21:02:36.874162+00:00
gsheets-p2p-drops-fevral-2026,Карты,2026-07-09,card,220070******4224,220070,МИР,,Unlim,https://unlim-casino-third.org,https://h2h-ora.org,М*** М.,Т-Банк,2026-07-13T21:02:36.876671+00:00
gsheets-p2p-drops-fevral-2026,Карты,2026-07-09,card,220070******2786,220070,МИР,,Unlim,https://unlim-casino-third.org,https://h2h-ora.org,Л*** А.,Т-Банк,2026-07-13T21:02:36.878671+00:00
gsheets-p2p-drops-fevral-2026,Карты,2026-07-09,card,220070******7532,220070,МИР,,Unlim,https://unlim-casino-third.org,https://h2h-ora.org,Б*** С.,Т-Банк,2026-07-13T21:02:36.880671+00:00
gsheets-p2p-drops-fevral-2026,Карты,2026-07-09,card,220196******6108,220196,МИР,,Unlim,https://unlim-casino-third.org,https://h2h-ora.org,В*** Ш.,ОТП-Банк,2026-07-13T21:02:36.883179+00:00
gsheets-p2p-drops-fevral-2026,Карты,2026-07-09,card,220220******9227,220220,МИР,,Unlim,https://unlim-casino-third.org,https://h2h-ora.org,К*** Г.,Сбербанк,2026-07-13T21:02:36.885735+00:00
gsheets-p2p-drops-fevral-2026,Карты,2026-07-09,card,220418******7498,220418,МИР,,Unlim,https://unlim-casino-third.org,https://h2h-ora.org,Д*** М.,Цупис,2026-07-13T21:02:36.887741+00:00
gsheets-p2p-drops-fevral-2026,Карты,2026-07-09,card,220418******7640,220418,МИР,,Unlim,https://unlim-casino-third.org,https://h2h-ora.org,К***,Цупис,2026-07-13T21:02:36.889740+00:00
gsheets-p2p-drops-fevral-2026,Карты,2026-07-09,card,220423******3224,220423,МИР,,Unlim,https://unlim-casino-third.org,https://h2h-ora.org,М*** А.,Вайлдберриз,2026-07-13T21:02:36.892240+00:00
gsheets-p2p-drops-fevral-2026,Карты,2026-07-09,card,220423******1231,220423,МИР,,Unlim,https://unlim-casino-third.org,https://h2h-ora.org,Д*** И.,Вайлдберриз,2026-07-13T21:02:36.894844+00:00
gsheets-p2p-drops-fevral-2026,Карты,2026-07-09,card,220423******0743,220423,МИР,,Unlim,https://unlim-casino-third.org,https://h2h-ora.org,Р*** Т.,Вайлдберриз,2026-07-13T21:02:36.896418+00:00
gsheets-p2p-drops-fevral-2026,Карты,2026-07-09,card,220423******5641,220423,МИР,,Unlim,https://unlim-casino-third.org,https://h2h-ora.org,А*** А.,Вайлдберриз,2026-07-13T21:02:36.898519+00:00
gsheets-p2p-drops-fevral-2026,Карты,2026-07-09,card,220423******0184,220423,МИР,,Unlim,https://unlim-casino-third.org,https://h2h-ora.org,А*** С.,Вайлдберриз,2026-07-13T21:02:36.901120+00:00
gsheets-p2p-drops-fevral-2026,Карты,2026-07-09,card,220423******6037,220423,МИР,,Unlim,https://unlim-casino-third.org,https://h2h-ora.org,А*** И.,Вайлдберриз,2026-07-13T21:02:36.903160+00:00
gsheets-p2p-drops-fevral-2026,Карты,2026-07-09,card,220423******0445,220423,МИР,,Unlim,https://unlim-casino-third.org,https://h2h-ora.org,Д*** К.,Вайлдберриз,2026-07-13T21:02:36.905607+00:00
gsheets-p2p-drops-fevral-2026,Карты,2026-07-09,card,220431******6865,220431,МИР,,Unlim,https://unlim-casino-third.org,https://h2h-ora.org,Д*** Б.,"(скрыто: похоже на ФИО, не банк)",2026-07-13T21:02:36.907607+00:00
gsheets-p2p-drops-fevral-2026,Карты,2026-07-09,card,220432******8393,220432,МИР,,Unlim,https://unlim-casino-third.org,https://h2h-ora.org,А*** В.,"(скрыто: похоже на ФИО, не банк)",2026-07-13T21:02:36.910115+00:00
gsheets-p2p-drops-fevral-2026,Карты,2026-07-09,card,220432******9500,220432,МИР,,Unlim,https://unlim-casino-third.org,https://h2h-ora.org,К*** Г.,"(скрыто: похоже на ФИО, не банк)",2026-07-13T21:02:36.912237+00:00
gsheets-p2p-drops-fevral-2026,Карты,2026-07-09,card,220432******7818,220432,МИР,,Unlim,https://unlim-casino-third.org,https://h2h-ora.org,У*** М.,"(скрыто: похоже на ФИО, не банк)",2026-07-13T21:02:36.914364+00:00
gsheets-p2p-drops-fevral-2026,Карты,2026-07-09,card,220220******0785,220220,МИР,,Vodka,https://vodka71c2.com,https://vodka71c2.com,,Сбербанк,2026-07-13T21:02:36.915868+00:00
gsheets-p2p-drops-fevral-2026,Карты,2026-07-10,card,220015******4321,220015,МИР,,Bitzamo,https://bitzamo26.com,https://fastpropay247.com,И*** С.,Альфа-Банк,2026-07-13T21:02:36.918872+00:00
gsheets-p2p-drops-fevral-2026,Карты,2026-07-10,card,220070******8532,220070,МИР,,Bitzamo,https://bitzamo26.com,https://fastpropay247.com,И*** Н.,Т-Банк,2026-07-13T21:02:36.920873+00:00
gsheets-p2p-drops-fevral-2026,Карты,2026-07-10,card,220070******3693,220070,МИР,,Bitzamo,https://bitzamo26.com,https://fastpropay247.com,И*** Ц.,Т-Банк,2026-07-13T21:02:36.922873+00:00
gsheets-p2p-drops-fevral-2026,Карты,2026-07-10,card,220220******5499,220220,МИР,,Bitzamo,https://bitzamo26.com,https://fastpropay247.com,А*** Р.,"(скрыто: похоже на ФИО, не банк)",2026-07-13T21:02:36.925477+00:00
gsheets-p2p-drops-fevral-2026,Карты,2026-07-10,card,220431******7032,220431,МИР,,blitz,https://blitz19.red,https://fastpropay247.com,О*** Я.,"(скрыто: похоже на ФИО, не банк)",2026-07-13T21:02:36.927480+00:00
gsheets-p2p-drops-fevral-2026,Карты,2026-07-10,card,220436******8781,220436,МИР,,blitz,https://blitz19.red,https://fastpropay247.com,П*** А.,ВТБ,2026-07-13T21:02:36.929986+00:00
gsheets-p2p-drops-fevral-2026,Карты,2026-07-10,card,220027******8650,220027,МИР,,bounty,https://bounty-casino71.com,https://fastpropay247.com,В*** Н.,Рокетбанк,2026-07-13T21:02:36.931553+00:00
gsheets-p2p-drops-fevral-2026,Карты,2026-07-10,card,220027******8650,220027,МИР,,bounty,https://bounty-casino71.com,https://fastpropay247.com,В*** Н.,Рокетбанк,2026-07-13T21:02:36.934061+00:00
gsheets-p2p-drops-fevral-2026,Карты,2026-07-10,card,220070******7747,220070,МИР,,bounty,https://bounty-casino71.com,https://fastpropay247.com,П*** Н.,Тинькофф,2026-07-13T21:02:36.936572+00:00
gsheets-p2p-drops-fevral-2026,Карты,2026-07-10,card,220070******7433,220070,МИР,,bounty,https://bounty-casino71.com,https://fastpropay247.com,А*** А.,Тинькофф,2026-07-13T21:02:36.938571+00:00
gsheets-p2p-drops-fevral-2026,Карты,2026-07-10,card,220423******1350,220423,МИР,,bounty,https://bounty-casino71.com,https://fastpropay247.com,А*** Л.,"(скрыто: похоже на ФИО, не банк)",2026-07-13T21:02:36.940571+00:00
gsheets-p2p-drops-fevral-2026,Карты,2026-07-10,card,220431******4839,220431,МИР,,bounty,https://bounty-casino71.com,https://fastpropay247.com,Ю*** П.,"(скрыто: похоже на ФИО, не банк)",2026-07-13T21:02:36.943076+00:00
gsheets-p2p-drops-fevral-2026,Карты,2026-07-10,card,220027******1335,220027,МИР,,brillx,https://brillx100.gg,https://fastpropay247.com,П*** И.,Совкомбанк,2026-07-13T21:02:36.944617+00:00
gsheets-p2p-drops-fevral-2026,Карты,2026-07-10,card,220027******5784,220027,МИР,,brillx,https://brillx100.gg,https://fastpropay247.com,В*** Ф.,Рокетбанк,2026-07-13T21:02:36.947625+00:00
gsheets-p2p-drops-fevral-2026,Карты,2026-07-10,card,220070******3171,220070,МИР,,brillx,https://brillx100.gg,https://fastpropay247.com,Х*** С.,Тинькофф,2026-07-13T21:02:36.949626+00:00
gsheets-p2p-drops-fevral-2026,Карты,2026-07-10,card,220423******1350,220423,МИР,,brillx,https://brillx100.gg,https://fastpropay247.com,А*** Л.,"(скрыто: похоже на ФИО, не банк)",2026-07-13T21:02:36.951626+00:00
gsheets-p2p-drops-fevral-2026,Карты,2026-07-10,card,220431******4839,220431,МИР,,brillx,https://brillx100.gg,https://fastpropay247.com,Ю*** П.,"(скрыто: похоже на ФИО, не банк)",2026-07-13T21:02:36.954133+00:00
gsheets-p2p-drops-fevral-2026,Карты,2026-07-10,card,220015******1048,220015,МИР,,Casher,https://casher36.win,https://casher36.win,Б***,Альфа-Банк,2026-07-13T21:02:36.956641+00:00
gsheets-p2p-drops-fevral-2026,Карты,2026-07-10,card,220015******9116,220015,МИР,,Casher,https://casher36.win,https://casher36.win,Ж***,Альфа-Банк,2026-07-13T21:02:36.958641+00:00
gsheets-p2p-drops-fevral-2026,Карты,2026-07-10,card,220015******5115,220015,МИР,,Casher,https://casher36.win,https://casher36.win,Н***,Альфа-Банк,2026-07-13T21:02:36.960640+00:00
gsheets-p2p-drops-fevral-2026,Карты,2026-07-10,card,220019******2333,220019,МИР,,Casher,https://casher36.win,https://casher36.win,И***,Уралсиб,2026-07-13T21:02:36.963147+00:00
gsheets-p2p-drops-fevral-2026,Карты,2026-07-10,card,220019******9125,220019,МИР,,Casher,https://casher36.win,https://casher36.win,К*** И.,Уралсиб,2026-07-13T21:02:36.965659+00:00
gsheets-p2p-drops-fevral-2026,Карты,2026-07-10,card,220038******3603,220038,МИР,,Casher,https://casher36.win,https://casher36.win,А*** Т.,Россельхозбанк,2026-07-13T21:02:36.967663+00:00
gsheets-p2p-drops-fevral-2026,Карты,2026-07-10,card,220070******5327,220070,МИР,,Casher,https://casher36.win,https://casher36.win,С*** С.,Т-Банк,2026-07-13T21:02:36.969623+00:00
gsheets-p2p-drops-fevral-2026,Карты,2026-07-10,card,220070******7005,220070,МИР,,Casher,https://casher36.win,https://casher36.win,П*** Р.,Т-Банк,2026-07-13T21:02:36.971628+00:00
gsheets-p2p-drops-fevral-2026,Карты,2026-07-10,card,220070******4663,220070,МИР,,Casher,https://casher36.win,https://casher36.win,Д*** А.,Т-Банк,2026-07-13T21:02:36.974139+00:00
gsheets-p2p-drops-fevral-2026,Карты,2026-07-10,card,220070******3881,220070,МИР,,Casher,https://casher36.win,https://casher36.win,М*** Ж.,Т-Банк,2026-07-13T21:02:36.976646+00:00
gsheets-p2p-drops-fevral-2026,Карты,2026-07-10,card,220196******1883,220196,МИР,,Casher,https://casher36.win,https://casher36.win,Х*** Я.,"(скрыто: похоже на ФИО, не банк)",2026-07-13T21:02:36.978646+00:00
gsheets-p2p-drops-fevral-2026,Карты,2026-07-10,card,220220******2454,220220,МИР,,Casher,https://casher36.win,https://casher36.win,Б*** Ш.,Сбербанк,2026-07-13T21:02:36.980647+00:00
gsheets-p2p-drops-fevral-2026,Карты,2026-07-10,card,220220******9890,220220,МИР,,Casher,https://casher36.win,https://casher36.win,А*** А.,Сбербанк,2026-07-13T21:02:36.983152+00:00
gsheets-p2p-drops-fevral-2026,Карты,2026-07-10,card,220220******2364,220220,МИР,,Casher,https://casher36.win,https://casher36.win,П*** А.,Sberbank,2026-07-13T21:02:36.985663+00:00
gsheets-p2p-drops-fevral-2026,Карты,2026-07-10,card,220220******2364,220220,МИР,,Casher,https://casher36.win,https://casher36.win,П*** А.,Сбербанк,2026-07-13T21:02:36.987668+00:00
gsheets-p2p-drops-fevral-2026,Карты,2026-07-10,card,220220******4100,220220,МИР,,Casher,https://casher36.win,https://casher36.win,А*** Г.,Сбербанк,2026-07-13T21:02:36.989668+00:00
gsheets-p2p-drops-fevral-2026,Карты,2026-07-10,card,220220******7411,220220,МИР,,Casher,https://casher36.win,https://casher36.win,П*** Д.,Сбербанк,2026-07-13T21:02:36.991668+00:00
gsheets-p2p-drops-fevral-2026,Карты,2026-07-10,card,220220******0197,220220,МИР,,Casher,https://casher36.win,https://casher36.win,К*** О.,Сбербанк,2026-07-13T21:02:36.994177+00:00
gsheets-p2p-drops-fevral-2026,Карты,2026-07-10,card,220220******2835,220220,МИР,,Casher,https://casher36.win,https://casher36.win,Б*** А.,Sberbank,2026-07-13T21:02:36.995680+00:00
gsheets-p2p-drops-fevral-2026,Карты,2026-07-10,card,220423******7969,220423,МИР,,Casher,https://casher36.win,https://casher36.win,А*** К.,"(скрыто: похоже на ФИО, не банк)",2026-07-13T21:02:36.997685+00:00
gsheets-p2p-drops-fevral-2026,Карты,2026-07-10,card,220423******0643,220423,МИР,,Casher,https://casher36.win,https://casher36.win,Р*** Т.,"(скрыто: похоже на ФИО, не банк)",2026-07-13T21:02:37.000684+00:00
gsheets-p2p-drops-fevral-2026,Карты,2026-07-10,card,220423******6714,220423,МИР,,Casher,https://casher36.win,https://casher36.win,С*** С.,"(скрыто: похоже на ФИО, не банк)",2026-07-13T21:02:37.001683+00:00
gsheets-p2p-drops-fevral-2026,Карты,2026-07-10,card,220423******0602,220423,МИР,,Casher,https://casher36.win,https://casher36.win,П*** М.,"(скрыто: похоже на ФИО, не банк)",2026-07-13T21:02:37.004696+00:00
gsheets-p2p-drops-fevral-2026,Карты,2026-07-10,card,220423******3133,220423,МИР,,Casher,https://casher36.win,https://casher36.win,Б*** Щ.,"(скрыто: похоже на ФИО, не банк)",2026-07-13T21:02:37.007706+00:00
gsheets-p2p-drops-fevral-2026,Карты,2026-07-10,card,220423******0158,220423,МИР,,Casher,https://casher36.win,https://casher36.win,Ш*** Н.,"(скрыто: похоже на ФИО, не банк)",2026-07-13T21:02:37.009251+00:00
gsheets-p2p-drops-fevral-2026,Карты,2026-07-10,card,220423******0002,220423,МИР,,Casher,https://casher36.win,https://casher36.win,Н*** А.,"(скрыто: похоже на ФИО, не банк)",2026-07-13T21:02:37.011650+00:00
gsheets-p2p-drops-fevral-2026,Карты,2026-07-10,card,220423******1398,220423,МИР,,Casher,https://casher36.win,https://casher36.win,Д*** О.,"(скрыто: похоже на ФИО, не банк)",2026-07-13T21:02:37.014160+00:00
gsheets-p2p-drops-fevral-2026,Карты,2026-07-10,card,220423******1975,220423,МИР,,Casher,https://casher36.win,https://casher36.win,Д*** А.,"(скрыто: похоже на ФИО, не банк)",2026-07-13T21:02:37.016669+00:00
gsheets-p2p-drops-fevral-2026,Карты,2026-07-10,card,220423******3004,220423,МИР,,Casher,https://casher36.win,https://casher36.win,М*** К.,"(скрыто: похоже на ФИО, не банк)",2026-07-13T21:02:37.018668+00:00
gsheets-p2p-drops-fevral-2026,Карты,2026-07-10,card,220423******3330,220423,МИР,,Casher,https://casher36.win,https://casher36.win,З*** Т.,"(скрыто: похоже на ФИО, не банк)",2026-07-13T21:02:37.020668+00:00
gsheets-p2p-drops-fevral-2026,Карты,2026-07-10,card,220027******1335,220027,МИР,,friends,https://friends-casino244.com,https://fastpropay247.com,П*** И.,Совкомбанк,2026-07-13T21:02:37.023173+00:00
gsheets-p2p-drops-fevral-2026,Карты,2026-07-10,card,220070******0457,220070,МИР,,friends,https://friends-casino244.com,https://fastpropay247.com,Г*** В.,Тинькофф,2026-07-13T21:02:37.025680+00:00
gsheets-p2p-drops-fevral-2026,Карты,2026-07-10,card,220070******7524,220070,МИР,,friends,https://friends-casino244.com,https://fastpropay247.com,М*** М.,Тинькофф,2026-07-13T21:02:37.028187+00:00
gsheets-p2p-drops-fevral-2026,Карты,2026-07-10,card,220423******1350,220423,МИР,,friends,https://friends-casino244.com,https://fastpropay247.com,А*** Л.,"(скрыто: похоже на ФИО, не банк)",2026-07-13T21:02:37.030188+00:00
gsheets-p2p-drops-fevral-2026,Карты,2026-07-10,card,220430******2120,220430,МИР,,friends,https://friends-casino244.com,https://fastpropay247.com,М*** Г.,Tinkoff,2026-07-13T21:02:37.032188+00:00
gsheets-p2p-drops-fevral-2026,Карты,2026-07-10,card,220431******4839,220431,МИР,,friends,https://friends-casino244.com,https://fastpropay247.com,Ю*** П.,"(скрыто: похоже на ФИО, не банк)",2026-07-13T21:02:37.034458+00:00
gsheets-p2p-drops-fevral-2026,Карты,2026-07-10,card,220070******0311,220070,МИР,,Friends,https://friends-casino244.com,https://payment.trustme.gg,,,2026-07-13T21:02:37.036458+00:00
gsheets-p2p-drops-fevral-2026,Карты,2026-07-10,card,220027******1335,220027,МИР,,selector,https://selector498.gg,https://fastpropay247.com,П*** И.,Совкомбанк,2026-07-13T21:02:37.039693+00:00
gsheets-p2p-drops-fevral-2026,Карты,2026-07-10,card,220027******5784,220027,МИР,,selector,https://selector498.gg,https://fastpropay247.com,В*** Ф.,Рокетбанк,2026-07-13T21:02:37.041692+00:00
gsheets-p2p-drops-fevral-2026,Карты,2026-07-10,card,220027******5784,220027,МИР,,selector,https://selector498.gg,https://fastpropay247.com,В*** Ф.,Рокетбанк,2026-07-13T21:02:37.043198+00:00
gsheets-p2p-drops-fevral-2026,Карты,2026-07-10,card,220070******0457,220070,МИР,,selector,https://selector498.gg,https://fastpropay247.com,Г*** В.,Тинькофф,2026-07-13T21:02:37.045706+00:00
gsheets-p2p-drops-fevral-2026,Карты,2026-07-10,card,220001******7655,220001,МИР,,turbo,https://turbo-casino116.gg,https://fastpropay247.com,,Газпромбанк,2026-07-13T21:02:37.047711+00:00
gsheets-p2p-drops-fevral-2026,Карты,2026-07-10,card,220027******8650,220027,МИР,,turbo,https://turbo-casino116.gg,https://fastpropay247.com,В*** Н.,Рокетбанк,2026-07-13T21:02:37.049713+00:00
gsheets-p2p-drops-fevral-2026,Карты,2026-07-10,card,220423******8458,220423,МИР,,turbo,https://turbo-casino116.gg,https://fastpropay247.com,П*** В.,"(скрыто: похоже на ФИО, не банк)",2026-07-13T21:02:37.051712+00:00
gsheets-p2p-drops-fevral-2026,Карты,2026-07-10,card,220015******7616,220015,МИР,,Turbo,https://turbo-casino116.gg,https://payment.trustme.gg,,,2026-07-13T21:02:37.054224+00:00
gsheets-p2p-drops-fevral-2026,Карты,2026-07-10,card,220024******3696,220024,МИР,,Turbo,https://turbo-casino116.gg,https://payment.trustme.gg,,,2026-07-13T21:02:37.056735+00:00
gsheets-p2p-drops-fevral-2026,Карты,2026-07-10,card,220220******7373,220220,МИР,,Turbo,https://turbo-casino116.gg,https://payment.trustme.gg,,,2026-07-13T21:02:37.058737+00:00
gsheets-p2p-drops-fevral-2026,Карты,2026-07-10,card,220220******4577,220220,МИР,,Turbo,https://turbo-casino116.gg,https://payment.trustme.gg,,,2026-07-13T21:02:37.060735+00:00
gsheets-p2p-drops-fevral-2026,Карты,2026-07-10,card,220418******8529,220418,МИР,,Turbo,https://turbo-casino116.gg,https://fastpropay247.com,Л***,Цупис,2026-07-13T21:02:37.063239+00:00
gsheets-p2p-drops-fevral-2026,Карты,2026-07-11,card,220015******1823,220015,МИР,,Bitzamo,https://bitzamo26.com,https://payment.trustme.gg,,,2026-07-13T21:02:37.065747+00:00
gsheets-p2p-drops-fevral-2026,Карты,2026-07-11,card,220024******7167,220024,МИР,,Bitzamo,https://bitzamo26.com,https://payment.trustme.gg,,,2026-07-13T21:02:37.067750+00:00
gsheets-p2p-drops-fevral-2026,Карты,2026-07-11,card,220027******5451,220027,МИР,,Bitzamo,https://bitzamo26.com,https://fastpropay247.com,Т*** С.,Рокетбанк,2026-07-13T21:02:37.069751+00:00
gsheets-p2p-drops-fevral-2026,Карты,2026-07-11,card,220027******7077,220027,МИР,,Bitzamo,https://bitzamo26.com,https://fastpropay247.com,Д*** О.,Рокетбанк,2026-07-13T21:02:37.071751+00:00
gsheets-p2p-drops-fevral-2026,Карты,2026-07-11,card,220070******2154,220070,МИР,,Bitzamo,https://bitzamo26.com,https://payment.trustme.gg,,,2026-07-13T21:02:37.074259+00:00
gsheets-p2p-drops-fevral-2026,Карты,2026-07-11,card,220070******0275,220070,МИР,,Bitzamo,https://bitzamo26.com,https://payment.trustme.gg,,,2026-07-13T21:02:37.076766+00:00
gsheets-p2p-drops-fevral-2026,Карты,2026-07-11,card,220220******9150,220220,МИР,,Bitzamo,https://bitzamo26.com,https://payment.trustme.gg,,,2026-07-13T21:02:37.078766+00:00
gsheets-p2p-drops-fevral-2026,Карты,2026-07-11,card,220220******6552,220220,МИР,,Bitzamo,https://bitzamo26.com,https://payment.trustme.gg,,,2026-07-13T21:02:37.080768+00:00
gsheets-p2p-drops-fevral-2026,Карты,2026-07-11,card,220383******1564,220383,МИР,,Bitzamo,https://bitzamo26.com,https://payment.trustme.gg,,,2026-07-13T21:02:37.083273+00:00
gsheets-p2p-drops-fevral-2026,Карты,2026-07-11,card,220070******1331,220070,МИР,,blitz,https://blitz19.red,https://fastpropay247.com,М*** А.,Тинькофф,2026-07-13T21:02:37.085786+00:00
gsheets-p2p-drops-fevral-2026,Карты,2026-07-11,card,220431******0395,220431,МИР,,blitz,https://blitz19.red,https://fastpropay247.com,Р*** Д.,"(скрыто: похоже на ФИО, не банк)",2026-07-13T21:02:37.087790+00:00
gsheets-p2p-drops-fevral-2026,Карты,2026-07-11,card,220431******0395,220431,МИР,,blitz,https://blitz19.red,https://fastpropay247.com,Р*** Д.,"(скрыто: похоже на ФИО, не банк)",2026-07-13T21:02:37.089790+00:00
gsheets-p2p-drops-fevral-2026,Карты,2026-07-11,card,220003******5478,220003,МИР,,Blitz,https://blitz19.red,https://payment.trustme.gg,,,2026-07-13T21:02:37.091790+00:00
gsheets-p2p-drops-fevral-2026,Карты,2026-07-11,card,220027******5451,220027,МИР,,Blitz,https://blitz19.red,https://fastpropay247.com,Т*** С.,Рокетбанк,2026-07-13T21:02:37.094297+00:00
gsheets-p2p-drops-fevral-2026,Карты,2026-07-11,card,220027******7077,220027,МИР,,Blitz,https://blitz19.red,https://fastpropay247.com,Д*** О.,Рокетбанк,2026-07-13T21:02:37.096805+00:00
gsheets-p2p-drops-fevral-2026,Карты,2026-07-11,card,220423******9313,220423,МИР,,bounty,https://bounty-casino71.com,https://fastpropay247.com,Г*** Е.,"(скрыто: похоже на ФИО, не банк)",2026-07-13T21:02:37.098806+00:00
gsheets-p2p-drops-fevral-2026,Карты,2026-07-11,card,220431******0395,220431,МИР,,bounty,https://bounty-casino71.com,https://fastpropay247.com,Р*** Д.,"(скрыто: похоже на ФИО, не банк)",2026-07-13T21:02:37.100805+00:00
gsheets-p2p-drops-fevral-2026,Карты,2026-07-11,card,220027******5451,220027,МИР,,Bounty,https://bounty-casino71.com,https://fastpropay247.com,Т*** С.,Rocket,2026-07-13T21:02:37.103309+00:00
gsheets-p2p-drops-fevral-2026,Карты,2026-07-11,card,220027******7077,220027,МИР,,Bounty,https://bounty-casino71.com,https://fastpropay247.com,Д*** О.,Рокетбанк,2026-07-13T21:02:37.105818+00:00
gsheets-p2p-drops-fevral-2026,Карты,2026-07-11,card,220431******0395,220431,МИР,,brillx,https://brillx100.gg,https://fastpropay247.com,Р*** Д.,"(скрыто: похоже на ФИО, не банк)",2026-07-13T21:02:37.108468+00:00
gsheets-p2p-drops-fevral-2026,Карты,2026-07-11,card,220436******7798,220436,МИР,,brillx,https://brillx100.gg,https://fastpropay247.com,П*** А.,Tinkoff,2026-07-13T21:02:37.110584+00:00
gsheets-p2p-drops-fevral-2026,Карты,2026-07-11,card,220015******1823,220015,МИР,,Brillx,https://brillx100.gg,https://payment.trustme.gg,,,2026-07-13T21:02:37.112661+00:00
gsheets-p2p-drops-fevral-2026,Карты,2026-07-11,card,220024******7167,220024,МИР,,Brillx,https://brillx100.gg,https://payment.trustme.gg,,,2026-07-13T21:02:37.115259+00:00
gsheets-p2p-drops-fevral-2026,Карты,2026-07-11,card,220027******5451,220027,МИР,,Brillx,https://brillx100.gg,https://fastpropay247.com,Т*** С.,Рокетбанк,2026-07-13T21:02:37.117342+00:00
gsheets-p2p-drops-fevral-2026,Карты,2026-07-11,card,220027******7077,220027,МИР,,Brillx,https://brillx100.gg,https://fastpropay247.com,Д*** О.,Рокетбанк,2026-07-13T21:02:37.119470+00:00
gsheets-p2p-drops-fevral-2026,Карты,2026-07-11,card,220070******0852,220070,МИР,,Brillx,https://brillx100.gg,https://payment.trustme.gg,,,2026-07-13T21:02:37.121468+00:00
gsheets-p2p-drops-fevral-2026,Карты,2026-07-11,card,220220******9150,220220,МИР,,Brillx,https://brillx100.gg,https://payment.trustme.gg,,,2026-07-13T21:02:37.123977+00:00
gsheets-p2p-drops-fevral-2026,Карты,2026-07-11,card,220220******9225,220220,МИР,,Brillx,https://brillx100.gg,https://payment.trustme.gg,,,2026-07-13T21:02:37.126487+00:00
gsheets-p2p-drops-fevral-2026,Карты,2026-07-11,card,220220******8752,220220,МИР,,Brillx,https://brillx100.gg,https://payment.trustme.gg,,,2026-07-13T21:02:37.128486+00:00
gsheets-p2p-drops-fevral-2026,Карты,2026-07-11,card,220003******6252,220003,МИР,,Casher,https://casher36.win,https://casher36.win,Е*** П.,Промсвязьбанк,2026-07-13T21:02:37.130486+00:00
gsheets-p2p-drops-fevral-2026,Карты,2026-07-11,card,220019******7809,220019,МИР,,Casher,https://casher36.win,https://casher36.win,М*** Н.,Уралсиб,2026-07-13T21:02:37.132991+00:00
gsheets-p2p-drops-fevral-2026,Карты,2026-07-11,card,220019******1809,220019,МИР,,Casher,https://casher36.win,https://casher36.win,Ш*** Г.,Уралсиб,2026-07-13T21:02:37.135716+00:00
gsheets-p2p-drops-fevral-2026,Карты,2026-07-11,card,220019******1325,220019,МИР,,Casher,https://casher36.win,https://casher36.win,Е*** С.,Уралсиб,2026-07-13T21:02:37.137803+00:00
gsheets-p2p-drops-fevral-2026,Карты,2026-07-11,card,220019******9095,220019,МИР,,Casher,https://casher36.win,https://casher36.win,Е*** А.,Уралсиб,2026-07-13T21:02:37.144022+00:00
gsheets-p2p-drops-fevral-2026,Карты,2026-07-11,card,220030******1596,220030,МИР,,Casher,https://casher36.win,https://casher36.win,Р*** А.,Райффайзен,2026-07-13T21:02:37.146083+00:00
gsheets-p2p-drops-fevral-2026,Карты,2026-07-11,card,220033******1899,220033,МИР,,Casher,https://casher36.win,https://casher36.win,Д*** Г.,Сбербанк,2026-07-13T21:02:37.148082+00:00
gsheets-p2p-drops-fevral-2026,Карты,2026-07-11,card,220033******1322,220033,МИР,,Casher,https://casher36.win,https://casher36.win,В*** Д.,,2026-07-13T21:02:37.151085+00:00
gsheets-p2p-drops-fevral-2026,Карты,2026-07-11,card,220070******8194,220070,МИР,,Casher,https://casher36.win,https://casher36.win,Н*** О.,Т-Банк,2026-07-13T21:02:37.153329+00:00
gsheets-p2p-drops-fevral-2026,Карты,2026-07-11,card,220070******9291,220070,МИР,,Casher,https://casher36.win,https://casher36.win,А***,Т-Банк,2026-07-13T21:02:37.155416+00:00
gsheets-p2p-drops-fevral-2026,Карты,2026-07-11,card,220220******1325,220220,МИР,,Casher,https://casher36.win,https://casher36.win,А*** Я.,Сбербанк,2026-07-13T21:02:37.157501+00:00
gsheets-p2p-drops-fevral-2026,Карты,2026-07-11,card,220220******6759,220220,МИР,,Casher,https://casher36.win,https://casher36.win,Г*** П.,Сбербанк,2026-07-13T21:02:37.159596+00:00
gsheets-p2p-drops-fevral-2026,Карты,2026-07-11,card,220220******3317,220220,МИР,,Casher,https://casher36.win,https://casher36.win,Х*** О.,Сбербанк,2026-07-13T21:02:37.161667+00:00
gsheets-p2p-drops-fevral-2026,Карты,2026-07-11,card,220220******4553,220220,МИР,,Casher,https://casher36.win,https://casher36.win,К*** Б.,Сбербанк,2026-07-13T21:02:37.164319+00:00
gsheets-p2p-drops-fevral-2026,Карты,2026-07-11,card,220220******9048,220220,МИР,,Casher,https://casher36.win,https://casher36.win,Х*** О.,Сбербанк,2026-07-13T21:02:37.165832+00:00
gsheets-p2p-drops-fevral-2026,Карты,2026-07-11,card,220220******0919,220220,МИР,,Casher,https://casher36.win,https://casher36.win,Ш*** В.,Сбербанк,2026-07-13T21:02:37.168839+00:00
gsheets-p2p-drops-fevral-2026,Карты,2026-07-11,card,220220******8480,220220,МИР,,Casher,https://casher36.win,https://casher36.win,А*** м.,Сбербанк,2026-07-13T21:02:37.169838+00:00
gsheets-p2p-drops-fevral-2026,Карты,2026-07-11,card,220220******3608,220220,МИР,,Casher,https://casher36.win,https://casher36.win,М*** А.,Сбербанк,2026-07-13T21:02:37.172838+00:00
gsheets-p2p-drops-fevral-2026,Карты,2026-07-11,card,220220******6550,220220,МИР,,Casher,https://casher36.win,https://casher36.win,Ю*** Д.,Сбербанк,2026-07-13T21:02:37.174294+00:00
gsheets-p2p-drops-fevral-2026,Карты,2026-07-11,card,220220******1661,220220,МИР,,Casher,https://casher36.win,https://casher36.win,ш*** Ч.,Сбербанк,2026-07-13T21:02:37.176801+00:00
gsheets-p2p-drops-fevral-2026,Карты,2026-07-11,card,220220******2312,220220,МИР,,Casher,https://casher36.win,https://casher36.win,К*** Г.,Сбербанк,2026-07-13T21:02:37.178802+00:00
gsheets-p2p-drops-fevral-2026,Карты,2026-07-11,card,220220******6351,220220,МИР,,Casher,https://casher36.win,https://casher36.win,Х*** А.,Сбербанк,2026-07-13T21:02:37.180802+00:00
gsheets-p2p-drops-fevral-2026,Карты,2026-07-11,card,220220******7384,220220,МИР,,Casher,https://casher36.win,https://casher36.win,Д*** Т.,Сбербанк,2026-07-13T21:02:37.183304+00:00
gsheets-p2p-drops-fevral-2026,Карты,2026-07-11,card,220423******3405,220423,МИР,,Casher,https://casher36.win,https://casher36.win,Г*** В.,Вайлдберриз,2026-07-13T21:02:37.185812+00:00
gsheets-p2p-drops-fevral-2026,Карты,2026-07-11,card,220423******9884,220423,МИР,,Casher,https://casher36.win,https://casher36.win,А*** Д.,Вайлдберриз,2026-07-13T21:02:37.187817+00:00
gsheets-p2p-drops-fevral-2026,Карты,2026-07-11,card,220423******7250,220423,МИР,,Casher,https://casher36.win,https://casher36.win,К*** М.,Вайлдберриз,2026-07-13T21:02:37.189816+00:00
gsheets-p2p-drops-fevral-2026,Карты,2026-07-11,card,220423******1622,220423,МИР,,Casher,https://casher36.win,https://casher36.win,И*** К.,Вайлдберриз,2026-07-13T21:02:37.191816+00:00
gsheets-p2p-drops-fevral-2026,Карты,2026-07-11,card,220423******1785,220423,МИР,,Casher,https://casher36.win,https://casher36.win,Ш*** Д.,Вайлдберриз,2026-07-13T21:02:37.194325+00:00
gsheets-p2p-drops-fevral-2026,Карты,2026-07-11,card,220431******6035,220431,МИР,,Casher,https://casher36.win,https://casher36.win,В*** Л.,"(скрыто: похоже на ФИО, не банк)",2026-07-13T21:02:37.195828+00:00
gsheets-p2p-drops-fevral-2026,Карты,2026-07-11,card,220432******9202,220432,МИР,,friends,https://friends-casino244.com,https://fastpropay247.com,М*** М.,Озон-Банк,2026-07-13T21:02:37.197833+00:00
gsheets-p2p-drops-fevral-2026,Карты,2026-07-11,card,220027******6690,220027,МИР,,Friends,https://friends-casino244.com,https://fastpropay247.com,А*** О.,Рокетбанк,2026-07-13T21:02:37.199833+00:00
gsheets-p2p-drops-fevral-2026,Карты,2026-07-11,card,220027******5451,220027,МИР,,Friends,https://friends-casino244.com,https://fastpropay247.com,Т*** С.,Рокетбанк,2026-07-13T21:02:37.201832+00:00
gsheets-p2p-drops-fevral-2026,Карты,2026-07-11,card,220220******6552,220220,МИР,,Friends,https://friends-casino244.com,https://payment.trustme.gg,,,2026-07-13T21:02:37.204340+00:00
gsheets-p2p-drops-fevral-2026,Карты,2026-07-11,card,220436******7798,220436,МИР,,Friends,https://friends-casino244.com,https://fastpropay247.com,П*** А.,ВТБ,2026-07-13T21:02:37.206849+00:00
gsheets-p2p-drops-fevral-2026,Карты,2026-07-11,card,220431******0395,220431,МИР,,selector,https://selector498.gg,https://fastpropay247.com,Р*** Д.,"(скрыто: похоже на ФИО, не банк)",2026-07-13T21:02:37.209354+00:00
gsheets-p2p-drops-fevral-2026,Карты,2026-07-11,card,220027******6690,220027,МИР,,Selector,https://selector498.gg,https://fastpropay247.com,А*** О.,Рокетбанк,2026-07-13T21:02:37.211358+00:00
gsheets-p2p-drops-fevral-2026,Карты,2026-07-11,card,220027******6690,220027,МИР,,Selector,https://selector498.gg,https://fastpropay247.com,А*** О.,Рокетбанк,2026-07-13T21:02:37.213358+00:00
gsheets-p2p-drops-fevral-2026,Карты,2026-07-11,card,220027******5451,220027,МИР,,Selector,https://selector498.gg,https://fastpropay247.com,Т*** С.,Рокетбанк,2026-07-13T21:02:37.215431+00:00
gsheets-p2p-drops-fevral-2026,Карты,2026-07-11,card,220027******5451,220027,МИР,,Selector,https://selector498.gg,https://fastpropay247.com,Т*** С.,Рокетбанк,2026-07-13T21:02:37.217430+00:00
gsheets-p2p-drops-fevral-2026,Карты,2026-07-11,card,220001******3170,220001,МИР,,turbo,https://turbo-casino116.gg,https://fastpropay247.com,Р*** Р.,Газпромбанк,2026-07-13T21:02:37.220431+00:00
gsheets-p2p-drops-fevral-2026,Карты,2026-07-11,card,220431******0395,220431,МИР,,turbo,https://turbo-casino116.gg,https://fastpropay247.com,Р*** Д.,"(скрыто: похоже на ФИО, не банк)",2026-07-13T21:02:37.221431+00:00
gsheets-p2p-drops-fevral-2026,Карты,2026-07-11,card,220436******7798,220436,МИР,,turbo,https://turbo-casino116.gg,https://fastpropay247.com,П*** А.,Tinkoff,2026-07-13T21:02:37.223939+00:00
gsheets-p2p-drops-fevral-2026,Карты,2026-07-11,card,220436******7798,220436,МИР,,turbo,https://turbo-casino116.gg,https://fastpropay247.com,П*** А.,Tinkoff,2026-07-13T21:02:37.226448+00:00
gsheets-p2p-drops-fevral-2026,Карты,2026-07-11,card,220024******9052,220024,МИР,,Turbo,https://turbo-casino116.gg,https://payment.trustme.gg,,,2026-07-13T21:02:37.229448+00:00
gsheets-p2p-drops-fevral-2026,Карты,2026-07-11,card,220024******4318,220024,МИР,,Turbo,https://turbo-casino116.gg,https://payment.trustme.gg,,,2026-07-13T21:02:37.231448+00:00
gsheets-p2p-drops-fevral-2026,Карты,2026-07-11,card,220027******6690,220027,МИР,,Turbo,https://turbo-casino116.gg,https://fastpropay247.com,А*** О.,Рокетбанк,2026-07-13T21:02:37.233317+00:00
gsheets-p2p-drops-fevral-2026,Карты,2026-07-11,card,220027******5451,220027,МИР,,Turbo,https://turbo-casino116.gg,https://fastpropay247.com,Т*** С.,Рокетбанк,2026-07-13T21:02:37.235826+00:00
gsheets-p2p-drops-fevral-2026,Карты,2026-07-11,card,220027******7077,220027,МИР,,Turbo,https://turbo-casino116.gg,https://fastpropay247.com,Д*** О.,Рокетбанк,2026-07-13T21:02:37.237832+00:00
gsheets-p2p-drops-fevral-2026,Карты,2026-07-11,card,220220******6552,220220,МИР,,Turbo,https://turbo-casino116.gg,https://payment.trustme.gg,,,2026-07-13T21:02:37.239861+00:00
gsheets-p2p-drops-fevral-2026,Карты,2026-07-11,card,220383******1564,220383,МИР,,Turbo,https://turbo-casino116.gg,https://payment.trustme.gg,,,2026-07-13T21:02:37.241833+00:00
gsheets-p2p-drops-fevral-2026,Карты,2026-07-11,card,220432******0763,220432,МИР,,Turbo,https://turbo-casino116.gg,https://payment.trustme.gg,,,2026-07-13T21:02:37.244342+00:00
gsheets-p2p-drops-fevral-2026,Карты,2026-07-11,card,220436******7798,220436,МИР,,Turbo,https://turbo-casino116.gg,https://fastpropay247.com,П*** А.,ВТБ,2026-07-13T21:02:37.246850+00:00
gsheets-p2p-drops-fevral-2026,Карты,2026-07-12,card,220003******3964,220003,МИР,,Bitzamo,https://bitzamo26.com,https://payment.trustme.gg,,,2026-07-13T21:02:37.248850+00:00
gsheets-p2p-drops-fevral-2026,Карты,2026-07-12,card,220003******6610,220003,МИР,,Bitzamo,https://bitzamo26.com,https://payment.trustme.gg,,,2026-07-13T21:02:37.250850+00:00
gsheets-p2p-drops-fevral-2026,Карты,2026-07-12,card,220024******4540,220024,МИР,,Bitzamo,https://bitzamo26.com,https://payment.trustme.gg,,,2026-07-13T21:02:37.253354+00:00
gsheets-p2p-drops-fevral-2026,Карты,2026-07-12,card,220070******8515,220070,МИР,,Bitzamo,https://bitzamo26.com,https://payment.trustme.gg,,,2026-07-13T21:02:37.255357+00:00
gsheets-p2p-drops-fevral-2026,Карты,2026-07-12,card,220220******8752,220220,МИР,,Bitzamo,https://bitzamo26.com,https://payment.trustme.gg,,,2026-07-13T21:02:37.257357+00:00
gsheets-p2p-drops-fevral-2026,Карты,2026-07-12,card,220220******5918,220220,МИР,,Bitzamo,https://bitzamo26.com,https://payment.trustme.gg,,,2026-07-13T21:02:37.260358+00:00
gsheets-p2p-drops-fevral-2026,Карты,2026-07-12,card,220432******3324,220432,МИР,,Bitzamo,https://bitzamo26.com,https://payment.trustme.gg,,,2026-07-13T21:02:37.261358+00:00
gsheets-p2p-drops-fevral-2026,Карты,2026-07-12,card,220220******3354,220220,МИР,,blitz,https://blitz19.red,https://fastpropay247.com,Ш*** М.,Сбербанк,2026-07-13T21:02:37.263865+00:00
gsheets-p2p-drops-fevral-2026,Карты,2026-07-12,card,220220******5918,220220,МИР,,Blitz,https://blitz19.red,https://payment.trustme.gg,,,2026-07-13T21:02:37.266373+00:00
gsheets-p2p-drops-fevral-2026,Карты,2026-07-12,card,220431******0395,220431,МИР,,blitz,https://blitz19.red,https://fastpropay247.com,Р*** Д.,"(скрыто: похоже на ФИО, не банк)",2026-07-13T21:02:37.268372+00:00
gsheets-p2p-drops-fevral-2026,Карты,2026-07-12,card,220003******3964,220003,МИР,,Bounty,https://bounty-casino71.com,https://payment.trustme.gg,,,2026-07-13T21:02:37.271373+00:00
gsheets-p2p-drops-fevral-2026,Карты,2026-07-12,card,220003******6610,220003,МИР,,Bounty,https://bounty-casino71.com,https://payment.trustme.gg,,,2026-07-13T21:02:37.272876+00:00
gsheets-p2p-drops-fevral-2026,Карты,2026-07-12,card,220070******0275,220070,МИР,,Bounty,https://bounty-casino71.com,https://payment.trustme.gg,,,2026-07-13T21:02:37.276019+00:00
gsheets-p2p-drops-fevral-2026,Карты,2026-07-12,card,220220******6118,220220,МИР,,Bounty,https://bounty-casino71.com,https://payment.trustme.gg,,,2026-07-13T21:02:37.278127+00:00
gsheets-p2p-drops-fevral-2026,Карты,2026-07-12,card,220220******2516,220220,МИР,,Bounty,https://bounty-casino71.com,https://payment.trustme.gg,,,2026-07-13T21:02:37.280739+00:00
gsheets-p2p-drops-fevral-2026,Карты,2026-07-12,card,220431******0395,220431,МИР,,bounty,https://bounty-casino71.com,https://fastpropay247.com,Р*** Д.,"(скрыто: похоже на ФИО, не банк)",2026-07-13T21:02:37.282814+00:00
gsheets-p2p-drops-fevral-2026,Карты,2026-07-12,card,220432******3324,220432,МИР,,Bounty,https://bounty-casino71.com,https://payment.trustme.gg,,,2026-07-13T21:02:37.285072+00:00
gsheets-p2p-drops-fevral-2026,Карты,2026-07-12,card,220003******6610,220003,МИР,,Brillx,https://brillx100.gg,https://payment.trustme.gg,,,2026-07-13T21:02:37.287126+00:00
gsheets-p2p-drops-fevral-2026,Карты,2026-07-12,card,220024******7274,220024,МИР,,Brillx,https://brillx100.gg,https://payment.trustme.gg,,,2026-07-13T21:02:37.289126+00:00
gsheets-p2p-drops-fevral-2026,Карты,2026-07-12,card,220045******2656,220045,МИР,,brillx,https://brillx100.gg,https://fastpropay247.com,С*** А.,"(скрыто: похоже на ФИО, не банк)",2026-07-13T21:02:37.291126+00:00
gsheets-p2p-drops-fevral-2026,Карты,2026-07-12,card,220070******7441,220070,МИР,,brillx,https://brillx100.gg,https://fastpropay247.com,Т*** М.,Тинькофф,2026-07-13T21:02:37.294625+00:00
gsheets-p2p-drops-fevral-2026,Карты,2026-07-12,card,220070******0275,220070,МИР,,Brillx,https://brillx100.gg,https://payment.trustme.gg,,,2026-07-13T21:02:37.296624+00:00
gsheets-p2p-drops-fevral-2026,Карты,2026-07-12,card,220070******0852,220070,МИР,,Brillx,https://brillx100.gg,https://payment.trustme.gg,,,2026-07-13T21:02:37.298626+00:00
gsheets-p2p-drops-fevral-2026,Карты,2026-07-12,card,220070******3693,220070,МИР,,Brillx,https://brillx100.gg,https://payment.trustme.gg,И*** Ц.,Тинькофф,2026-07-13T21:02:37.301626+00:00
gsheets-p2p-drops-fevral-2026,Карты,2026-07-12,card,220220******6118,220220,МИР,,Brillx,https://brillx100.gg,https://payment.trustme.gg,,,2026-07-13T21:02:37.303130+00:00
gsheets-p2p-drops-fevral-2026,Карты,2026-07-12,card,220431******0395,220431,МИР,,brillx,https://brillx100.gg,https://fastpropay247.com,Р*** Д.,"(скрыто: похоже на ФИО, не банк)",2026-07-13T21:02:37.305639+00:00
gsheets-p2p-drops-fevral-2026,Карты,2026-07-12,card,220431******0395,220431,МИР,,brillx,https://brillx100.gg,https://fastpropay247.com,Р*** Д.,"(скрыто: похоже на ФИО, не банк)",2026-07-13T21:02:37.307647+00:00
gsheets-p2p-drops-fevral-2026,Карты,2026-07-12,card,220015******1879,220015,МИР,,Casher,https://casher36.win,https://casher36.win,С***,Альфа-Банк,2026-07-13T21:02:37.310692+00:00
gsheets-p2p-drops-fevral-2026,Карты,2026-07-12,card,220018******1649,220018,МИР,,Casher,https://casher36.win,https://casher36.win,Е*** К.,СеверГазБанк,2026-07-13T21:02:37.311693+00:00
gsheets-p2p-drops-fevral-2026,Карты,2026-07-12,card,220019******1244,220019,МИР,,Casher,https://casher36.win,https://casher36.win,В*** Д.,Уралсиб,2026-07-13T21:02:37.314202+00:00
gsheets-p2p-drops-fevral-2026,Карты,2026-07-12,card,220070******7253,220070,МИР,,Casher,https://casher36.win,https://casher36.win,М*** О.,Т-Банк,2026-07-13T21:02:37.316709+00:00
gsheets-p2p-drops-fevral-2026,Карты,2026-07-12,card,220070******6167,220070,МИР,,Casher,https://casher36.win,https://casher36.win,К*** З.,Т-Банк,2026-07-13T21:02:37.319709+00:00
gsheets-p2p-drops-fevral-2026,Карты,2026-07-12,card,220070******1348,220070,МИР,,Casher,https://casher36.win,https://casher36.win,М*** Х.,Т-Банк,2026-07-13T21:02:37.321709+00:00
gsheets-p2p-drops-fevral-2026,Карты,2026-07-12,card,220070******5900,220070,МИР,,Casher,https://casher36.win,https://casher36.win,М*** Ф.,Т-Банк,2026-07-13T21:02:37.324218+00:00
gsheets-p2p-drops-fevral-2026,Карты,2026-07-12,card,220196******2696,220196,МИР,,Casher,https://casher36.win,https://casher36.win,Л*** И.,"(скрыто: похоже на ФИО, не банк)",2026-07-13T21:02:37.325722+00:00
gsheets-p2p-drops-fevral-2026,Карты,2026-07-12,card,220220******4385,220220,МИР,,Casher,https://casher35.win,https://casher36.win,Н*** Х.,Сбербанк,2026-07-13T21:02:37.327726+00:00
gsheets-p2p-drops-fevral-2026,Карты,2026-07-12,card,220220******4833,220220,МИР,,Casher,https://casher36.win,https://casher36.win,К*** Б.,Сбербанк,2026-07-13T21:02:37.329726+00:00
gsheets-p2p-drops-fevral-2026,Карты,2026-07-12,card,220220******4833,220220,МИР,,Casher,https://casher35.win,https://casher36.win,К*** Б.,Сбербанк,2026-07-13T21:02:37.331727+00:00
gsheets-p2p-drops-fevral-2026,Карты,2026-07-12,card,220220******5818,220220,МИР,,Casher,https://casher36.win,https://casher36.win,Г*** Х.,Сбербанк,2026-07-13T21:02:37.334234+00:00
gsheets-p2p-drops-fevral-2026,Карты,2026-07-12,card,220220******9883,220220,МИР,,Casher,https://casher36.win,https://casher36.win,А*** Г.,Сбербанк,2026-07-13T21:02:37.336741+00:00
gsheets-p2p-drops-fevral-2026,Карты,2026-07-12,card,220220******1661,220220,МИР,,Casher,https://casher36.win,https://casher36.win,Ш*** Ч.,Сбербанк,2026-07-13T21:02:37.339741+00:00
gsheets-p2p-drops-fevral-2026,Карты,2026-07-12,card,220220******3345,220220,МИР,,Casher,https://casher36.win,https://casher36.win,Ч*** Ш.,Сбербанк,2026-07-13T21:02:37.341742+00:00
gsheets-p2p-drops-fevral-2026,Карты,2026-07-12,card,220423******6794,220423,МИР,,Casher,https://casher36.win,https://casher36.win,П***,"(скрыто: похоже на ФИО, не банк)",2026-07-13T21:02:37.344250+00:00
gsheets-p2p-drops-fevral-2026,Карты,2026-07-12,card,220423******4255,220423,МИР,,Casher,https://casher36.win,https://casher36.win,К*** В.,"(скрыто: похоже на ФИО, не банк)",2026-07-13T21:02:37.346758+00:00
gsheets-p2p-drops-fevral-2026,Карты,2026-07-12,card,220423******9750,220423,МИР,,Casher,https://casher36.win,https://casher36.win,А*** Ю.,"(скрыто: похоже на ФИО, не банк)",2026-07-13T21:02:37.348761+00:00
gsheets-p2p-drops-fevral-2026,Карты,2026-07-12,card,220423******8138,220423,МИР,,Casher,https://casher35.win,https://casher36.win,Г*** М.,"(скрыто: похоже на ФИО, не банк)",2026-07-13T21:02:37.350759+00:00
gsheets-p2p-drops-fevral-2026,Карты,2026-07-12,card,220423******1537,220423,МИР,,Casher,https://casher36.win,https://casher36.win,Ф*** В.,"(скрыто: похоже на ФИО, не банк)",2026-07-13T21:02:37.353264+00:00
gsheets-p2p-drops-fevral-2026,Карты,2026-07-12,card,220423******8671,220423,МИР,,Casher,https://casher36.win,https://casher36.win,К*** О.,"(скрыто: похоже на ФИО, не банк)",2026-07-13T21:02:37.354268+00:00
gsheets-p2p-drops-fevral-2026,Карты,2026-07-12,card,220423******6945,220423,МИР,,Casher,https://casher36.win,https://casher36.win,М*** К.,"(скрыто: похоже на ФИО, не банк)",2026-07-13T21:02:37.357780+00:00
gsheets-p2p-drops-fevral-2026,Карты,2026-07-12,card,220423******3187,220423,МИР,,Casher,https://casher36.win,https://casher36.win,Л*** А.,"(скрыто: похоже на ФИО, не банк)",2026-07-13T21:02:37.359778+00:00
gsheets-p2p-drops-fevral-2026,Карты,2026-07-12,card,220423******6149,220423,МИР,,Casher,https://casher36.win,https://casher36.win,А*** Б.,"(скрыто: похоже на ФИО, не банк)",2026-07-13T21:02:37.361778+00:00
gsheets-p2p-drops-fevral-2026,Карты,2026-07-12,card,220423******6255,220423,МИР,,Casher,https://casher36.win,https://casher36.win,В*** Ш.,"(скрыто: похоже на ФИО, не банк)",2026-07-13T21:02:37.364288+00:00
gsheets-p2p-drops-fevral-2026,Карты,2026-07-12,card,220431******0720,220431,МИР,,Casher,https://casher35.win,https://casher36.win,Д*** Б.,"(скрыто: похоже на ФИО, не банк)",2026-07-13T21:02:37.366796+00:00
gsheets-p2p-drops-fevral-2026,Карты,2026-07-12,card,220431******4219,220431,МИР,,Casher,https://casher35.win,https://casher36.win,К*** В.,"(скрыто: похоже на ФИО, не банк)",2026-07-13T21:02:37.368798+00:00
gsheets-p2p-drops-fevral-2026,Карты,2026-07-12,card,220003******6610,220003,МИР,,Friends,https://friends-casino245.com,https://payment.trustme.gg,,,2026-07-13T21:02:37.370795+00:00
gsheets-p2p-drops-fevral-2026,Карты,2026-07-12,card,220015******1194,220015,МИР,,Friends,https://friends-casino245.com,https://payment.trustme.gg,,,2026-07-13T21:02:37.373300+00:00
gsheets-p2p-drops-fevral-2026,Карты,2026-07-12,card,220024******7274,220024,МИР,,Friends,https://friends-casino245.com,https://payment.trustme.gg,,,2026-07-13T21:02:37.375807+00:00
gsheets-p2p-drops-fevral-2026,Карты,2026-07-12,card,220024******4540,220024,МИР,,Friends,https://friends-casino245.com,https://payment.trustme.gg,,,2026-07-13T21:02:37.377811+00:00
gsheets-p2p-drops-fevral-2026,Карты,2026-07-12,card,220070******0915,220070,МИР,,Friends,https://friends-casino245.com,https://payment.trustme.gg,,,2026-07-13T21:02:37.379812+00:00
gsheets-p2p-drops-fevral-2026,Карты,2026-07-12,card,220070******7298,220070,МИР,,Friends,https://friends-casino245.com,https://payment.trustme.gg,,,2026-07-13T21:02:37.381812+00:00
gsheets-p2p-drops-fevral-2026,Карты,2026-07-12,card,220070******8515,220070,МИР,,Friends,https://friends-casino245.com,https://payment.trustme.gg,,,2026-07-13T21:02:37.384322+00:00
gsheets-p2p-drops-fevral-2026,Карты,2026-07-12,card,220220******2516,220220,МИР,,Friends,https://friends-casino245.com,https://payment.trustme.gg,,,2026-07-13T21:02:37.386830+00:00
gsheets-p2p-drops-fevral-2026,Карты,2026-07-12,card,220220******8996,220220,МИР,,Friends,https://friends-casino245.com,https://payment.trustme.gg,,,2026-07-13T21:02:37.388831+00:00
gsheets-p2p-drops-fevral-2026,Карты,2026-07-12,card,220220******5918,220220,МИР,,Friends,https://friends-casino245.com,https://payment.trustme.gg,,,2026-07-13T21:02:37.390830+00:00
gsheets-p2p-drops-fevral-2026,Карты,2026-07-12,card,220003******3964,220003,МИР,,Selector,https://selector498.gg,https://payment.trustme.gg,,,2026-07-13T21:02:37.393334+00:00
gsheets-p2p-drops-fevral-2026,Карты,2026-07-12,card,220015******1194,220015,МИР,,Selector,https://selector498.gg,https://payment.trustme.gg,,,2026-07-13T21:02:37.395882+00:00
gsheets-p2p-drops-fevral-2026,Карты,2026-07-12,card,220024******7274,220024,МИР,,Selector,https://selector498.gg,https://payment.trustme.gg,,,2026-07-13T21:02:37.397974+00:00
gsheets-p2p-drops-fevral-2026,Карты,2026-07-12,card,220070******0915,220070,МИР,,Selector,https://selector498.gg,https://payment.trustme.gg,,,2026-07-13T21:02:37.400116+00:00
gsheets-p2p-drops-fevral-2026,Карты,2026-07-12,card,220070******7298,220070,МИР,,Selector,https://selector498.gg,https://payment.trustme.gg,,,2026-07-13T21:02:37.402204+00:00
gsheets-p2p-drops-fevral-2026,Карты,2026-07-12,card,220070******6806,220070,МИР,,selector,https://selector498.gg,https://fastpropay247.com,П*** Е.,Тинькофф,2026-07-13T21:02:37.404788+00:00
gsheets-p2p-drops-fevral-2026,Карты,2026-07-12,card,220070******2071,220070,МИР,,selector,https://selector498.gg,https://fastpropay247.com,З*** А.,Тинькофф,2026-07-13T21:02:37.406488+00:00
gsheets-p2p-drops-fevral-2026,Карты,2026-07-12,card,220070******8515,220070,МИР,,Selector,https://selector498.gg,https://payment.trustme.gg,,,2026-07-13T21:02:37.408492+00:00
gsheets-p2p-drops-fevral-2026,Карты,2026-07-12,card,220220******8996,220220,МИР,,Selector,https://selector498.gg,https://payment.trustme.gg,,,2026-07-13T21:02:37.410823+00:00
gsheets-p2p-drops-fevral-2026,Карты,2026-07-12,card,220220******5918,220220,МИР,,Selector,https://selector498.gg,https://payment.trustme.gg,,,2026-07-13T21:02:37.413327+00:00
gsheets-p2p-drops-fevral-2026,Карты,2026-07-12,card,220412******3608,220412,МИР,,selector,https://selector498.gg,https://fastpropay247.com,Ю*** Ю.,Юмани,2026-07-13T21:02:37.415838+00:00
gsheets-p2p-drops-fevral-2026,Карты,2026-07-12,card,220412******3608,220412,МИР,,selector,https://selector498.gg,https://fastpropay247.com,Ю*** Ю.,Юмани,2026-07-13T21:02:37.417842+00:00
gsheets-p2p-drops-fevral-2026,Карты,2026-07-12,card,220432******3324,220432,МИР,,Selector,https://selector498.gg,https://payment.trustme.gg,,,2026-07-13T21:02:37.419841+00:00
gsheets-p2p-drops-fevral-2026,Карты,2026-07-12,card,220045******2656,220045,МИР,,turbo,https://turbo-casino116.gg,https://fastpropay247.com,С*** А.,"(скрыто: похоже на ФИО, не банк)",2026-07-13T21:02:37.421848+00:00
gsheets-p2p-drops-fevral-2026,Карты,2026-07-12,card,220423******1350,220423,МИР,,turbo,https://turbo-casino116.gg,https://fastpropay247.com,А*** Л.,"(скрыто: похоже на ФИО, не банк)",2026-07-13T21:02:37.424350+00:00
gsheets-p2p-drops-fevral-2026,Карты,2026-07-12,card,220431******0395,220431,МИР,,turbo,https://turbo-casino116.gg,https://fastpropay247.com,Р*** Д.,"(скрыто: похоже на ФИО, не банк)",2026-07-13T21:02:37.426857+00:00
gsheets-p2p-drops-fevral-2026,Карты,2026-07-12,card,220056******9841,220056,МИР,,Vodka,https://vodka71c2.com,https://vodka71c2.com,Ю*** М.,"(скрыто: похоже на ФИО, не банк)",2026-07-13T21:02:37.428857+00:00
gsheets-p2p-drops-fevral-2026,Карты,2026-07-13,card,220003******3964,220003,МИР,,Bitzamo,https://bitzamo26.com,https://payment.trustme.gg,,,2026-07-13T21:02:37.430858+00:00
gsheets-p2p-drops-fevral-2026,Карты,2026-07-13,card,220003******6610,220003,МИР,,Bitzamo,https://bitzamo26.com,https://payment.trustme.gg,,,2026-07-13T21:02:37.432858+00:00
gsheets-p2p-drops-fevral-2026,Карты,2026-07-13,card,220015******2133,220015,МИР,,Bitzamo,https://bitzamo26.com,https://payment.trustme.gg,,,2026-07-13T21:02:37.435435+00:00
gsheets-p2p-drops-fevral-2026,Карты,2026-07-13,card,220015******0141,220015,МИР,,Bitzamo,https://bitzamo26.com,https://payment.trustme.gg,,,2026-07-13T21:02:37.437439+00:00
gsheets-p2p-drops-fevral-2026,Карты,2026-07-13,card,220015******2208,220015,МИР,,Bitzamo,https://bitzamo26.com,https://payment.trustme.gg,,,2026-07-13T21:02:37.439557+00:00
gsheets-p2p-drops-fevral-2026,Карты,2026-07-13,card,220027******1083,220027,МИР,,Bitzamo,https://bitzamo26.com,https://fastpropay247.com,И*** П.,Рокетбанк,2026-07-13T21:02:37.441554+00:00
gsheets-p2p-drops-fevral-2026,Карты,2026-07-13,card,220027******6745,220027,МИР,,Bitzamo,https://bitzamo26.com,https://fastpropay247.com,К*** К.,Рокетбанк,2026-07-13T21:02:37.443058+00:00
gsheets-p2p-drops-fevral-2026,Карты,2026-07-13,card,220030******4629,220030,МИР,,Bitzamo,https://bitzamo26.com,https://payment.trustme.gg,,,2026-07-13T21:02:37.445567+00:00
gsheets-p2p-drops-fevral-2026,Карты,2026-07-13,card,220196******9936,220196,МИР,,Bitzamo,https://bitzamo26.com,https://payment.trustme.gg,,,2026-07-13T21:02:37.447571+00:00
gsheets-p2p-drops-fevral-2026,Карты,2026-07-13,card,220220******5901,220220,МИР,,Bitzamo,https://bitzamo26.com,https://payment.trustme.gg,,,2026-07-13T21:02:37.449573+00:00
gsheets-p2p-drops-fevral-2026,Карты,2026-07-13,card,220220******2516,220220,МИР,,Bitzamo,https://bitzamo26.com,https://payment.trustme.gg,,,2026-07-13T21:02:37.451572+00:00
gsheets-p2p-drops-fevral-2026,Карты,2026-07-13,card,220220******3703,220220,МИР,,Bitzamo,https://bitzamo26.com,https://payment.trustme.gg,,,2026-07-13T21:02:37.454081+00:00
gsheets-p2p-drops-fevral-2026,Карты,2026-07-13,card,220412******7794,220412,МИР,,Bitzamo,https://bitzamo26.com,https://payment.trustme.gg,,,2026-07-13T21:02:37.456590+00:00
gsheets-p2p-drops-fevral-2026,Карты,2026-07-13,card,220003******3964,220003,МИР,,Blitz,https://blitz19.red,https://payment.trustme.gg,,,2026-07-13T21:02:37.458591+00:00
gsheets-p2p-drops-fevral-2026,Карты,2026-07-13,card,220015******0141,220015,МИР,,Blitz,https://blitz19.red,https://payment.trustme.gg,,,2026-07-13T21:02:37.460590+00:00
gsheets-p2p-drops-fevral-2026,Карты,2026-07-13,card,220027******1083,220027,МИР,,Blitz,https://blitz19.red,https://fastpropay247.com,И*** П.,Рокетбанк,2026-07-13T21:02:37.463094+00:00
gsheets-p2p-drops-fevral-2026,Карты,2026-07-13,card,220027******6745,220027,МИР,,Blitz,https://blitz19.red,https://fastpropay247.com,К*** К.,Рокетбанк,2026-07-13T21:02:37.464099+00:00
gsheets-p2p-drops-fevral-2026,Карты,2026-07-13,card,220030******4629,220030,МИР,,Blitz,https://blitz19.red,https://payment.trustme.gg,,,2026-07-13T21:02:37.467610+00:00
gsheets-p2p-drops-fevral-2026,Карты,2026-07-13,card,220070******7524,220070,МИР,,blitz,https://blitz19.red,https://fastpropay247.com,М*** М.,Тинькофф,2026-07-13T21:02:37.469609+00:00
gsheets-p2p-drops-fevral-2026,Карты,2026-07-13,card,220196******9936,220196,МИР,,Blitz,https://blitz19.red,https://payment.trustme.gg,,,2026-07-13T21:02:37.471610+00:00
gsheets-p2p-drops-fevral-2026,Карты,2026-07-13,card,220412******7794,220412,МИР,,Blitz,https://blitz19.red,https://payment.trustme.gg,,,2026-07-13T21:02:37.473112+00:00
gsheets-p2p-drops-fevral-2026,Карты,2026-07-13,card,220432******7480,220432,МИР,,blitz,https://blitz19.red,https://fastpropay247.com,Е*** П.,Озон-Банк,2026-07-13T21:02:37.475621+00:00
gsheets-p2p-drops-fevral-2026,Карты,2026-07-13,card,220432******7480,220432,МИР,,blitz,https://blitz19.red,https://fastpropay247.com,Е*** П.,Озон-Банк,2026-07-13T21:02:37.477625+00:00
gsheets-p2p-drops-fevral-2026,Карты,2026-07-13,card,220027******1083,220027,МИР,,Bounty,https://bounty-casino71.com,https://fastpropay247.com,И*** П.,Рокетбанк,2026-07-13T21:02:37.479625+00:00
gsheets-p2p-drops-fevral-2026,Карты,2026-07-13,card,220027******6745,220027,МИР,,Bounty,https://bounty-casino71.com,https://fastpropay247.com,К*** К.,Рокетбанк,2026-07-13T21:02:37.481626+00:00
gsheets-p2p-drops-fevral-2026,Карты,2026-07-13,card,220220******8683,220220,МИР,,bounty,https://bounty-casino71.com,https://fastpropay247.com,З*** Л.,Сбербанк,2026-07-13T21:02:37.484134+00:00
gsheets-p2p-drops-fevral-2026,Карты,2026-07-13,card,220412******3608,220412,МИР,,bounty,https://bounty-casino71.com,https://fastpropay247.com,Ю*** Ю.,Юмани,2026-07-13T21:02:37.486717+00:00
gsheets-p2p-drops-fevral-2026,Карты,2026-07-13,card,220432******6553,220432,МИР,,Bounty,https://bounty-casino71.com,https://payment.trustme.gg,,,2026-07-13T21:02:37.488702+00:00
gsheets-p2p-drops-fevral-2026,Карты,2026-07-13,card,220432******7480,220432,МИР,,bounty,https://bounty-casino71.com,https://fastpropay247.com,Е*** П.,Озон-Банк,2026-07-13T21:02:37.490706+00:00
gsheets-p2p-drops-fevral-2026,Карты,2026-07-13,card,220003******6610,220003,МИР,,Brillx,https://brillx100.gg,https://payment.trustme.gg,,,2026-07-13T21:02:37.491705+00:00
gsheets-p2p-drops-fevral-2026,Карты,2026-07-13,card,220015******2133,220015,МИР,,Brillx,https://brillx100.gg,https://payment.trustme.gg,,,2026-07-13T21:02:37.494214+00:00
gsheets-p2p-drops-fevral-2026,Карты,2026-07-13,card,220027******1083,220027,МИР,,Brillx,https://brillx100.gg,https://fastpropay247.com,И*** П.,Рокетбанк,2026-07-13T21:02:37.496725+00:00
gsheets-p2p-drops-fevral-2026,Карты,2026-07-13,card,220027******6745,220027,МИР,,Brillx,https://brillx100.gg,https://fastpropay247.com,К*** К.,Рокетбанк,2026-07-13T21:02:37.499725+00:00
gsheets-p2p-drops-fevral-2026,Карты,2026-07-13,card,220220******8683,220220,МИР,,brillx,https://brillx100.gg,https://fastpropay247.com,З*** Л.,Сбербанк,2026-07-13T21:02:37.501725+00:00
gsheets-p2p-drops-fevral-2026,Карты,2026-07-13,card,220220******8683,220220,МИР,,brillx,https://brillx100.gg,https://fastpropay247.com,З*** Л.,Сбербанк,2026-07-13T21:02:37.504236+00:00
gsheets-p2p-drops-fevral-2026,Карты,2026-07-13,card,220432******7480,220432,МИР,,brillx,https://brillx100.gg,https://fastpropay247.com,Е*** П.,Озон-Банк,2026-07-13T21:02:37.505739+00:00
gsheets-p2p-drops-fevral-2026,Карты,2026-07-13,card,220015******3243,220015,МИР,,Casher,https://aff.casher.ink,https://casher.win,Б*** Е.,AlfaBank,2026-07-13T21:02:37.507742+00:00
gsheets-p2p-drops-fevral-2026,Карты,2026-07-13,card,220015******5243,220015,МИР,,Casher,https://aff.casher.ink,https://casher.win,М*** С.,Alfabank,2026-07-13T21:02:37.510818+00:00
gsheets-p2p-drops-fevral-2026,Карты,2026-07-13,card,220018******1649,220018,МИР,,Casher,https://casher36.win,https://casher36.win,Е*** К.,СеверГазБанк,2026-07-13T21:02:37.511817+00:00
gsheets-p2p-drops-fevral-2026,Карты,2026-07-13,card,220053******2954,220053,МИР,,Casher,https://casher36.win,https://casher36.win,Г*** А.,"(скрыто: похоже на ФИО, не банк)",2026-07-13T21:02:37.514325+00:00
gsheets-p2p-drops-fevral-2026,Карты,2026-07-13,card,220053******7689,220053,МИР,,Casher,https://casher36.win,https://casher36.win,Г*** Д.,"(скрыто: похоже на ФИО, не банк)",2026-07-13T21:02:37.516835+00:00
gsheets-p2p-drops-fevral-2026,Карты,2026-07-13,card,220070******6943,220070,МИР,,Casher,https://casher36.win,https://casher36.win,М*** К.,Т-Банк,2026-07-13T21:02:37.518834+00:00
gsheets-p2p-drops-fevral-2026,Карты,2026-07-13,card,220070******5176,220070,МИР,,Casher,https://aff.casher.ink,https://casher.win,А*** Ё.,,2026-07-13T21:02:37.520835+00:00
gsheets-p2p-drops-fevral-2026,Карты,2026-07-13,card,220070******4125,220070,МИР,,Casher,https://aff.casher.ink,https://casher.win,Е*** Д.,,2026-07-13T21:02:37.523338+00:00
gsheets-p2p-drops-fevral-2026,Карты,2026-07-13,card,220070******5295,220070,МИР,,Casher,https://aff.casher.ink,https://casher.win,Ш***,,2026-07-13T21:02:37.524342+00:00
gsheets-p2p-drops-fevral-2026,Карты,2026-07-13,card,220070******5051,220070,МИР,,Casher,https://aff.casher.ink,https://casher.win,П*** М.,,2026-07-13T21:02:37.526852+00:00
gsheets-p2p-drops-fevral-2026,Карты,2026-07-13,card,220070******5051,220070,МИР,,Casher,https://casher36.win,https://casher36.win,П*** М.,Т-Банк,2026-07-13T21:02:37.529851+00:00
gsheets-p2p-drops-fevral-2026,Карты,2026-07-13,card,220070******7154,220070,МИР,,Casher,https://aff.casher.ink,https://casher.win,Д*** О.,,2026-07-13T21:02:37.531852+00:00
gsheets-p2p-drops-fevral-2026,Карты,2026-07-13,card,220070******4550,220070,МИР,,Casher,https://casher36.win,https://casher36.win,Р*** П.,Т-Банк,2026-07-13T21:02:37.533966+00:00
gsheets-p2p-drops-fevral-2026,Карты,2026-07-13,card,220196******2696,220196,МИР,,Casher,https://aff.casher.ink,https://casher.win,Л*** И.,OTP,2026-07-13T21:02:37.536473+00:00
gsheets-p2p-drops-fevral-2026,Карты,2026-07-13,card,220196******2696,220196,МИР,,Casher,https://casher36.win,https://casher36.win,Л*** И.,"(скрыто: похоже на ФИО, не банк)",2026-07-13T21:02:37.538472+00:00
gsheets-p2p-drops-fevral-2026,Карты,2026-07-13,card,220196******8668,220196,МИР,,Casher,https://casher36.win,https://casher36.win,Д*** Л.,"(скрыто: похоже на ФИО, не банк)",2026-07-13T21:02:37.540473+00:00
gsheets-p2p-drops-fevral-2026,Карты,2026-07-13,card,220220******6366,220220,МИР,,Casher,https://casher36.win,https://casher36.win,Б*** Г.,Сбербанк,2026-07-13T21:02:37.542976+00:00
gsheets-p2p-drops-fevral-2026,Карты,2026-07-13,card,220220******6556,220220,МИР,,Casher,https://aff.casher.ink,https://casher.win,Ж*** Т.,,2026-07-13T21:02:37.543981+00:00
gsheets-p2p-drops-fevral-2026,Карты,2026-07-13,card,220220******0259,220220,МИР,,Casher,https://aff.casher.ink,https://casher.win,Г*** Х.,Sberbank,2026-07-13T21:02:37.547491+00:00
gsheets-p2p-drops-fevral-2026,Карты,2026-07-13,card,220220******2259,220220,МИР,,Casher,https://casher36.win,https://casher36.win,А*** М.,Сбербанк,2026-07-13T21:02:37.549127+00:00
gsheets-p2p-drops-fevral-2026,Карты,2026-07-13,card,220220******4779,220220,МИР,,Casher,https://aff.casher.ink,https://casher.win,Ч*** И.,Sberbank,2026-07-13T21:02:37.551133+00:00
gsheets-p2p-drops-fevral-2026,Карты,2026-07-13,card,220220******4779,220220,МИР,,Casher,https://casher36.win,https://casher36.win,Ч*** И.,Сбербанк,2026-07-13T21:02:37.553134+00:00
gsheets-p2p-drops-fevral-2026,Карты,2026-07-13,card,220220******8460,220220,МИР,,Casher,https://aff.casher.ink,https://casher.win,Х*** О.,Sberbank,2026-07-13T21:02:37.555785+00:00
gsheets-p2p-drops-fevral-2026,Карты,2026-07-13,card,220220******8676,220220,МИР,,Casher,https://aff.casher.ink,https://casher.win,О*** О.,Sberbank,2026-07-13T21:02:37.558394+00:00
gsheets-p2p-drops-fevral-2026,Карты,2026-07-13,card,220220******4283,220220,МИР,,Casher,https://casher36.win,https://casher36.win,И*** Е.,Сбербанк,2026-07-13T21:02:37.560476+00:00
gsheets-p2p-drops-fevral-2026,Карты,2026-07-13,card,220220******9478,220220,МИР,,Casher,https://casher36.win,https://casher36.win,Г*** Х.,Сбербанк,2026-07-13T21:02:37.562605+00:00
gsheets-p2p-drops-fevral-2026,Карты,2026-07-13,card,220423******6913,220423,МИР,,Casher,https://casher36.win,https://casher36.win,А*** Г.,"(скрыто: похоже на ФИО, не банк)",2026-07-13T21:02:37.564677+00:00
gsheets-p2p-drops-fevral-2026,Карты,2026-07-13,card,220423******6794,220423,МИР,,Casher,https://casher36.win,https://casher36.win,П***,"(скрыто: похоже на ФИО, не банк)",2026-07-13T21:02:37.566755+00:00
gsheets-p2p-drops-fevral-2026,Карты,2026-07-13,card,220423******8129,220423,МИР,,Casher,https://aff.casher.ink,https://casher.win,Р*** Д.,Wildberries,2026-07-13T21:02:37.568760+00:00
gsheets-p2p-drops-fevral-2026,Карты,2026-07-13,card,220423******2058,220423,МИР,,Casher,https://aff.casher.ink,https://casher.win,А*** В.,Wildberries,2026-07-13T21:02:37.571055+00:00
gsheets-p2p-drops-fevral-2026,Карты,2026-07-13,card,220423******1723,220423,МИР,,Casher,https://casher36.win,https://casher36.win,Е*** В.,"(скрыто: похоже на ФИО, не банк)",2026-07-13T21:02:37.573059+00:00
gsheets-p2p-drops-fevral-2026,Карты,2026-07-13,card,220423******9540,220423,МИР,,Casher,https://casher36.win,https://casher36.win,Д*** М.,"(скрыто: похоже на ФИО, не банк)",2026-07-13T21:02:37.574136+00:00
gsheets-p2p-drops-fevral-2026,Карты,2026-07-13,card,220423******3857,220423,МИР,,Casher,https://aff.casher.ink,https://casher.win,А*** М.,Wildberries,2026-07-13T21:02:37.576644+00:00
gsheets-p2p-drops-fevral-2026,Карты,2026-07-13,card,220423******1256,220423,МИР,,Casher,https://casher36.win,https://casher36.win,Р*** И.,"(скрыто: похоже на ФИО, не банк)",2026-07-13T21:02:37.579645+00:00
gsheets-p2p-drops-fevral-2026,Карты,2026-07-13,card,220423******0343,220423,МИР,,Casher,https://casher36.win,https://casher36.win,М*** П.,"(скрыто: похоже на ФИО, не банк)",2026-07-13T21:02:37.581550+00:00
gsheets-p2p-drops-fevral-2026,Карты,2026-07-13,card,220423******8710,220423,МИР,,Casher,https://casher36.win,https://casher36.win,С*** К.,"(скрыто: похоже на ФИО, не банк)",2026-07-13T21:02:37.584059+00:00
gsheets-p2p-drops-fevral-2026,Карты,2026-07-13,card,220423******8818,220423,МИР,,Casher,https://casher36.win,https://casher36.win,М*** Н.,"(скрыто: похоже на ФИО, не банк)",2026-07-13T21:02:37.585563+00:00
gsheets-p2p-drops-fevral-2026,Карты,2026-07-13,card,220423******7191,220423,МИР,,Casher,https://casher36.win,https://casher36.win,А*** К.,"(скрыто: похоже на ФИО, не банк)",2026-07-13T21:02:37.587568+00:00
gsheets-p2p-drops-fevral-2026,Карты,2026-07-13,card,220423******2639,220423,МИР,,Casher,https://aff.casher.ink,https://casher.win,А*** С.,Wildberries,2026-07-13T21:02:37.589569+00:00
gsheets-p2p-drops-fevral-2026,Карты,2026-07-13,card,220423******2711,220423,МИР,,Casher,https://casher36.win,https://casher36.win,А*** Б.,"(скрыто: похоже на ФИО, не банк)",2026-07-13T21:02:37.591569+00:00
gsheets-p2p-drops-fevral-2026,Карты,2026-07-13,card,220423******8379,220423,МИР,,Casher,https://aff.casher.ink,https://casher.win,И*** К.,Wildberries,2026-07-13T21:02:37.594076+00:00
gsheets-p2p-drops-fevral-2026,Карты,2026-07-13,card,220027******1083,220027,МИР,,Friends,https://friends-casino245.com,https://fastpropay247.com,И*** П.,Рокетбанк,2026-07-13T21:02:37.596583+00:00
gsheets-p2p-drops-fevral-2026,Карты,2026-07-13,card,220027******6745,220027,МИР,,Friends,https://friends-casino245.com,https://fastpropay247.com,К*** К.,Рокетбанк,2026-07-13T21:02:37.598585+00:00
gsheets-p2p-drops-fevral-2026,Карты,2026-07-13,card,220070******3114,220070,МИР,,friends,https://friends-casino244.com,https://fastpropay247.com,К*** Д.,Тинькофф,2026-07-13T21:02:37.601361+00:00
gsheets-p2p-drops-fevral-2026,Карты,2026-07-13,card,220070******7524,220070,МИР,,friends,https://friends-casino244.com,https://fastpropay247.com,М*** М.,Тинькофф,2026-07-13T21:02:37.603428+00:00
gsheets-p2p-drops-fevral-2026,Карты,2026-07-13,card,220070******1331,220070,МИР,,friends,https://friends-casino244.com,https://fastpropay247.com,М*** А.,Тинькофф,2026-07-13T21:02:37.605510+00:00
gsheets-p2p-drops-fevral-2026,Карты,2026-07-13,card,220220******5901,220220,МИР,,Friends,https://friends-casino245.com,https://payment.trustme.gg,,,2026-07-13T21:02:37.608124+00:00
gsheets-p2p-drops-fevral-2026,Карты,2026-07-13,card,220423******1888,220423,МИР,,Friends,https://friends-casino245.com,https://payment.trustme.gg,,,2026-07-13T21:02:37.610196+00:00
gsheets-p2p-drops-fevral-2026,Карты,2026-07-13,card,220432******7480,220432,МИР,,friends,https://friends-casino244.com,https://fastpropay247.com,Е*** П.,Озон-Банк,2026-07-13T21:02:37.611761+00:00
gsheets-p2p-drops-fevral-2026,Карты,2026-07-13,card,220015******0141,220015,МИР,,Selector,https://selector498.gg,https://payment.trustme.gg,,,2026-07-13T21:02:37.614276+00:00
gsheets-p2p-drops-fevral-2026,Карты,2026-07-13,card,220027******1083,220027,МИР,,Selector,https://selector498.gg,https://fastpropay247.com,И*** П.,Рокетбанк,2026-07-13T21:02:37.616786+00:00
gsheets-p2p-drops-fevral-2026,Карты,2026-07-13,card,220030******4629,220030,МИР,,Selector,https://selector498.gg,https://payment.trustme.gg,,,2026-07-13T21:02:37.618783+00:00
gsheets-p2p-drops-fevral-2026,Карты,2026-07-13,card,220070******2071,220070,МИР,,selector,https://selector498.gg,https://fastpropay247.com,З*** А.,Тинькофф,2026-07-13T21:02:37.620784+00:00
gsheets-p2p-drops-fevral-2026,Карты,2026-07-13,card,220070******7524,220070,МИР,,selector,https://selector498.gg,https://fastpropay247.com,М*** М.,Тинькофф,2026-07-13T21:02:37.623264+00:00
gsheets-p2p-drops-fevral-2026,Карты,2026-07-13,card,220070******7524,220070,МИР,,selector,https://selector498.gg,https://fastpropay247.com,М*** М.,Тинькофф,2026-07-13T21:02:37.624268+00:00
gsheets-p2p-drops-fevral-2026,Карты,2026-07-13,card,220070******4458,220070,МИР,,selector,https://selector498.gg,https://fastpropay247.com,А*** А.,Тинькофф,2026-07-13T21:02:37.627779+00:00
gsheets-p2p-drops-fevral-2026,Карты,2026-07-13,card,220196******9936,220196,МИР,,Selector,https://selector498.gg,https://payment.trustme.gg,,,2026-07-13T21:02:37.629779+00:00
gsheets-p2p-drops-fevral-2026,Карты,2026-07-13,card,220220******8683,220220,МИР,,selector,https://selector498.gg,https://fastpropay247.com,З*** Л.,Сбербанк,2026-07-13T21:02:37.631780+00:00
gsheets-p2p-drops-fevral-2026,Карты,2026-07-13,card,220412******3608,220412,МИР,,selector,https://selector498.gg,https://fastpropay247.com,Ю*** Ю.,Юмани,2026-07-13T21:02:37.634287+00:00
gsheets-p2p-drops-fevral-2026,Карты,2026-07-13,card,220027******6745,220027,МИР,,Turbo,https://turbo-casino116.gg,https://fastpropay247.com,К*** К.,Рокетбанк,2026-07-13T21:02:37.635790+00:00
gsheets-p2p-drops-fevral-2026,Карты,2026-07-13,card,220070******4091,220070,МИР,,Turbo,https://turbo-casino116.gg,https://payment.trustme.gg,,,2026-07-13T21:02:37.638794+00:00
gsheets-p2p-drops-fevral-2026,Карты,2026-07-13,card,220220******5901,220220,МИР,,Turbo,https://turbo-casino116.gg,https://payment.trustme.gg,,,2026-07-13T21:02:37.640744+00:00
gsheets-p2p-drops-fevral-2026,Карты,2026-07-13,card,220423******1888,220423,МИР,,Turbo,https://turbo-casino116.gg,https://payment.trustme.gg,,,2026-07-13T21:02:37.641747+00:00
gsheets-p2p-drops-fevral-2026,Карты,2026-07-13,card,220015******2454,220015,МИР,,Vodka,https://vodka71c2.com,https://vodka71c2.com,Е*** В.,Альфа ,2026-07-13T21:02:37.644728+00:00
gsheets-p2p-drops-fevral-2026,Карты,2026-07-13,card,220015******2454,220015,МИР,,Vodka,https://vodka71c2.com,https://vodka71c2.com,Е*** В.,Альфа ,2026-07-13T21:02:37.646731+00:00
gsheets-p2p-drops-fevral-2026,Карты,2026-07-13,card,220019******7801,220019,МИР,,Vodka,https://vodka71c2.com,https://vodka71c2.com,Р*** В.,УРАЛСИБ,2026-07-13T21:02:37.649732+00:00
gsheets-p2p-drops-fevral-2026,Карты,2026-07-13,card,220056******1707,220056,МИР,,Vodka,https://vodka71c2.com,https://vodka71c2.com,К*** А.,"(скрыто: похоже на ФИО, не банк)",2026-07-13T21:02:37.651731+00:00
gsheets-p2p-drops-fevral-2026,Карты,2026-07-13,card,220220******1548,220220,МИР,,Vodka,https://vodka71c2.com,https://vodka71c2.com,А*** Д.,Сбербанк,2026-07-13T21:02:37.653235+00:00
gsheets-p2p-drops-fevral-2026,Карты,2026-07-13,card,220070******1749,220070,МИР,,Vostok,https://www.vostokcasino21.com,https://cscd.p-q8gx3m.xyz,И***,Т-Банк,2026-07-13T21:02:37.655744+00:00
gsheets-p2p-drops-fevral-2026,Карты,2026-07-13,card,220070******0081,220070,МИР,,Vostok,https://www.vostokcasino21.com,https://cscd.p-q8gx3m.xyz,М***,Т-Банк,2026-07-13T21:02:37.657747+00:00
