0.0000 0.0000 0.0000 0.0000 0.0000 0.0000 0.0000 1.0000
1.0000 0.0204 0.0637 0.0024 -0.0000 -0.0001 0.0020 1.0000
2.0000 0.0116 0.1418 0.0059 0.0001 -0.0001 0.0041 1.0000
3.0000 -0.0035 0.2160 0.0072 0.0002 -0.0001 0.0057 1.0000
4.0000 0.0031 0.3085 0.0095 0.0003 0.0000 0.0073 1.0000
5.0000 0.0012 0.4081 0.0086 0.0004 0.0000 0.0091 1.0000
6.0000 -0.0140 0.4934 0.0071 0.0006 0.0001 0.0103 0.9999
7.0000 -0.0377 0.5994 0.0081 0.0007 0.0001 0.0111 0.9999
8.0000 -0.0674 0.7179 0.0118 0.0009 -0.0001 0.0117 0.9999
9.0000 -0.0869 0.8267 0.0084 0.0011 0.0001 0.0126 0.9999
10.0000 -0.0871 0.9348 0.0134 0.0013 0.0001 0.0137 0.9999
11.0000 -0.0913 1.0652 0.0084 0.0017 0.0001 0.0137 0.9999
12.0000 -0.0771 1.2002 0.0152 0.0017 0.0001 0.0143 0.9999
13.0000 -0.0648 1.3298 0.0218 0.0015 0.0001 0.0153 0.9999
14.0000 -0.0534 1.4749 0.0317 0.0014 0.0002 0.0154 0.9999
15.0000 -0.0415 1.6130 0.0393 0.0013 0.0003 0.0153 0.9999
16.0000 -0.0421 1.7266 0.0495 0.0014 0.0003 0.0158 0.9999
17.0000 -0.0585 1.8720 0.0485 0.0016 0.0003 0.0158 0.9999
18.0000 -0.0680 2.0019 0.0441 0.0018 0.0005 0.0150 0.9999
19.0000 -0.0580 2.1427 0.0389 0.0021 0.0007 0.0147 0.9999
20.0000 -0.0481 2.2683 0.0477 0.0021 0.0007 0.0146 0.9999
21.0000 -0.0367 2.4240 0.0607 0.0022 0.0010 0.0139 0.9999
22.0000 -0.0332 2.5813 0.0652 0.0024 0.0011 0.0131 0.9999
23.0000 -0.0306 2.7274 0.0696 0.0024 0.0024 0.0126 0.9999
24.0000 -0.0196 2.8721 0.0735 0.0025 0.0022 0.0116 0.9999
25.0000 -0.0251 3.0440 0.0799 0.0026 0.0026 0.0097 0.9999
26.0000 -0.0400 3.2003 0.0734 0.0026 0.0027 0.0079 1.0000
27.0000 -0.0535 3.3731 0.0775 0.0025 0.0020 0.0064 1.0000
28.0000 -0.0593 3.5378 0.0793 0.0027 0.0021 0.0047 1.0000
29.0000 -0.0757 3.6944 0.0890 0.0029 0.0014 0.0021 1.0000
30.0000 -0.0704 3.8687 0.0918 0.0030 0.0011 0.0002 1.0000
31.0000 -0.0598 4.0326 0.0987 0.0030 0.0013 -0.0016 1.0000
32.0000 -0.0574 4.1906 0.1151 0.0028 0.0015 -0.0038 1.0000
33.0000 -0.0479 4.3765 0.1175 0.0027 0.0015 -0.0058 1.0000
34.0000 -0.0537 4.5572 0.1111 0.0030 0.0012 -0.0076 1.0000
35.0000 -0.0480 4.7234 0.1102 0.0028 0.0010 -0.0090 1.0000
36.0000 -0.0493 4.9197 0.1244 0.0026 0.0003 -0.0110 0.9999
37.0000 -0.0320 5.1129 0.1452 0.0022 0.0010 -0.0130 0.9999
38.0000 -0.0053 5.2959 0.1440 0.0022 0.0021 -0.0147 0.9999
39.0000 0.0197 5.4664 0.1473 0.0023 0.0026 -0.0160 0.9999
40.0000 0.0241 5.6553 0.1554 0.0023 0.0028 -0.0179 0.9998
41.0000 0.0102 5.8577 0.1511 0.0022 0.0021 -0.0198 0.9998
42.0000 0.0096 6.0540 0.1561 0.0024 0.0008 -0.0212 0.9998
43.0000 0.0148 6.2548 0.1683 0.0022 0.0001 -0.0218 0.9998
44.0000 0.0257 6.4478 0.1712 0.0021 0.0005 -0.0232 0.9997
45.0000 0.0466 6.6355 0.1782 0.0022 0.0009 -0.0253 0.9997
46.0000 0.0673 6.8280 0.1829 0.0023 0.0017 -0.0261 0.9997
47.0000 0.0876 7.0362 0.1898 0.0022 0.0015 -0.0272 0.9996
48.0000 0.0846 7.2419 0.1950 0.0022 0.0011 -0.0283 0.9996
49.0000 0.0930 7.4404 0.2048 0.0023 0.0009 -0.0289 0.9996
50.0000 0.0936 7.6424 0.2136 0.0025 0.0007 -0.0294 0.9996
51.0000 0.1238 7.8439 0.2124 0.0027 0.0012 -0.0298 0.9996
52.0000 0.1494 8.0619 0.2327 0.0025 0.0017 -0.0305 0.9995
53.0000 0.1867 8.2765 0.2278 0.0024 0.0033 -0.0308 0.9995
54.0000 0.2031 8.4754 0.2343 0.0027 0.0031 -0.0317 0.9995
55.0000 0.1893 8.6887 0.2160 0.0030 0.0031 -0.0322 0.9995
56.0000 0.1829 8.9030 0.2281 0.0029 0.0031 -0.0319 0.9995
57.0000 0.1979 9.1212 0.2382 0.0028 0.0023 -0.0314 0.9995
58.0000 0.2047 9.3298 0.2539 0.0024 0.0017 -0.0309 0.9995
59.0000 0.2180 9.5529 0.2653 0.0021 0.0009 -0.0305 0.9995
60.0000 0.2206 9.7399 0.2746 0.0021 0.0009 -0.0304 0.9995
61.0000 0.2530 9.9420 0.2761 0.0023 0.0013 -0.0303 0.9995
62.0000 0.2847 10.1292 0.2697 0.0026 0.0022 -0.0299 0.9995
63.0000 0.3010 10.3215 0.2878 0.0025 0.0027 -0.0296 0.9996
64.0000 0.3120 10.5185 0.2885 0.0026 0.0033 -0.0292 0.9996
65.0000 0.3230 10.7164 0.2898 0.0025 0.0032 -0.0292 0.9996
66.0000 0.3345 10.9161 0.2993 0.0026 0.0032 -0.0292 0.9996
67.0000 0.3493 11.1120 0.2991 0.0024 0.0044 -0.0292 0.9996
68.0000 0.3713 11.3060 0.3008 0.0027 0.0048 -0.0296 0.9995
69.0000 0.3856 11.4942 0.2935 0.0033 0.0045 -0.0302 0.9995
70.0000 0.3884 11.6887 0.3104 0.0037 0.0036 -0.0309 0.9995
71.0000 0.3945 11.9024 0.3069 0.0036 0.0043 -0.0318 0.9995
72.0000 0.3960 12.1108 0.3282 0.0036 0.0031 -0.0330 0.9994
73.0000 0.4053 12.3029 0.3244 0.0038 0.0031 -0.0333 0.9994
74.0000 0.4565 12.5284 0.3327 0.0035 0.0038 -0.0335 0.9994
75.0000 0.5213 12.7561 0.3534 0.0024 0.0062 -0.0353 0.9994
76.0000 0.5461 12.9676 0.3701 0.0014 0.0093 -0.0365 0.9993
77.0000 0.5479 13.1703 0.3585 0.0018 0.0098 -0.0370 0.9993
78.0000 0.5445 13.3862 0.3469 0.0031 0.0074 -0.0381 0.9992
79.0000 0.5446 13.6027 0.3497 0.0036 0.0064 -0.0395 0.9992
80.0000 0.5627 13.8298 0.3419 0.0035 0.0057 -0.0408 0.9991
81.0000 0.5942 14.0593 0.3718 0.0027 0.0056 -0.0420 0.9991
82.0000 0.6250 14.2828 0.4027 0.0017 0.0071 -0.0427 0.9991
83.0000 0.6496 14.4987 0.4220 0.0018 0.0083 -0.0432 0.9990
84.0000 0.6790 14.7147 0.4042 0.0030 0.0089 -0.0438 0.9990
85.0000 0.6911 14.9321 0.3868 0.0033 0.0084 -0.0439 0.9990
86.0000 0.7208 15.1629 0.4003 0.0043 0.0080 -0.0433 0.9990
87.0000 0.7533 15.3931 0.3715 0.0063 0.0087 -0.0433 0.9990
88.0000 0.7569 15.6185 0.3816 0.0069 0.0080 -0.0435 0.9990
89.0000 0.7570 15.8599 0.4022 0.0061 0.0069 -0.0429 0.9990
90.0000 0.7473 16.0833 0.4130 0.0042 0.0027 -0.0421 0.9991
91.0000 0.7536 16.3184 0.4372 0.0043 0.0011 -0.0421 0.9991
92.0000 0.7861 16.5566 0.4370 0.0065 0.0007 -0.0417 0.9991
93.0000 0.8355 16.7801 0.4349 0.0069 0.0049 -0.0406 0.9991
94.0000 0.8615 17.0321 0.4366 0.0066 0.0070 -0.0402 0.9991
95.0000 0.8747 17.2745 0.4695 0.0057 0.0069 -0.0401 0.9992
96.0000 0.9004 17.5018 0.4702 0.0057 0.0068 -0.0395 0.9992
97.0000 0.8834 17.7472 0.4765 0.0056 0.0050 -0.0399 0.9992
98.0000 0.9180 17.9869 0.4854 0.0041 0.0001 -0.0398 0.9992
99.0000 0.9253 18.2213 0.4917 0.0031 0.0002 -0.0401 0.9992
100.0000 0.9410 18.4516 0.4998 0.0030 -0.0003 -0.0407 0.9992
101.0000 0.9597 18.6804 0.5013 0.0030 -0.0005 -0.0415 0.9991
102.0000 0.9344 18.8736 0.5039 0.0031 -0.0016 -0.0419 0.9991
103.0000 0.9685 19.1120 0.5328 0.0026 -0.0025 -0.0410 0.9992
104.0000 0.9838 19.3438 0.5315 0.0017 -0.0021 -0.0415 0.9991
105.0000 1.0006 19.5590 0.5205 0.0014 -0.0027 -0.0422 0.9991
106.0000 1.0269 19.7674 0.5226 0.0013 -0.0023 -0.0415 0.9991
107.0000 1.0538 19.9944 0.5472 0.0012 -0.0026 -0.0412 0.9991
108.0000 1.0644 20.2238 0.5657 0.0005 -0.0034 -0.0418 0.9991
109.0000 1.0645 20.4253 0.5654 -0.0001 -0.0087 -0.0424 0.9991
110.0000 1.0682 20.6506 0.5771 -0.0003 -0.0122 -0.0418 0.9991
111.0000 1.0945 20.8620 0.5911 -0.0014 -0.0125 -0.0413 0.9991
112.0000 1.1208 21.0714 0.5874 -0.0031 -0.0114 -0.0417 0.9991
113.0000 1.1377 21.2819 0.5891 -0.0049 -0.0054 -0.0411 0.9991
114.0000 1.1725 21.4934 0.5892 -0.0053 -0.0041 -0.0397 0.9992
115.0000 1.1770 21.7030 0.5945 -0.0056 -0.0051 -0.0379 0.9993
116.0000 1.1624 21.9003 0.5994 -0.0052 -0.0085 -0.0362 0.9993
117.0000 1.1801 22.1105 0.5980 -0.0056 -0.0107 -0.0346 0.9993
118.0000 1.2004 22.3178 0.6163 -0.0061 -0.0098 -0.0338 0.9994
119.0000 1.2145 22.5255 0.6147 -0.0068 -0.0093 -0.0322 0.9994
120.0000 1.2266 22.7596 0.6068 -0.0086 -0.0075 -0.0303 0.9995
121.0000 1.2219 22.9509 0.5866 -0.0102 -0.0131 -0.0291 0.9994
122.0000 1.2155 23.1764 0.6072 -0.0130 -0.0165 -0.0279 0.9994
123.0000 1.1929 23.3694 0.5975 -0.0139 -0.0199 -0.0259 0.9994
124.0000 1.2017 23.5655 0.6119 -0.0128 -0.0183 -0.0233 0.9995
125.0000 1.2203 23.7643 0.6164 -0.0095 -0.0163 -0.0218 0.9996
126.0000 1.2402 23.9863 0.5955 -0.0096 -0.0159 -0.0206 0.9996
127.0000 1.2437 24.1874 0.6076 -0.0116 -0.0167 -0.0185 0.9996
128.0000 1.2435 24.3921 0.5896 -0.0132 -0.0171 -0.0170 0.9996
129.0000 1.2346 24.5879 0.6091 -0.0135 -0.0198 -0.0149 0.9996
130.0000 1.2477 24.7860 0.6320 -0.0125 -0.0182 -0.0132 0.9997
131.0000 1.2851 24.9796 0.6248 -0.0102 -0.0095 -0.0120 0.9998
132.0000 1.3221 25.1592 0.6258 -0.0061 -0.0036 -0.0113 0.9999
133.0000 1.3395 25.3447 0.6249 -0.0053 -0.0000 -0.0101 0.9999
134.0000 1.3350 25.5511 0.5918 -0.0052 -0.0049 -0.0089 0.9999
135.0000 1.3167 25.7573 0.6013 -0.0048 -0.0097 -0.0081 0.9999
136.0000 1.2822 25.9396 0.5952 -0.0044 -0.0134 -0.0082 0.9999
137.0000 1.2846 26.1363 0.6127 -0.0039 -0.0148 -0.0082 0.9998
138.0000 1.3039 26.3451 0.6243 -0.0040 -0.0138 -0.0085 0.9999
139.0000 1.3026 26.5490 0.6137 -0.0044 -0.0133 -0.0094 0.9999
140.0000 1.3015 26.7323 0.6148 -0.0041 -0.0129 -0.0102 0.9999
141.0000 1.3005 26.9319 0.6029 -0.0033 -0.0142 -0.0096 0.9998
142.0000 1.2932 27.1198 0.5805 -0.0020 -0.0152 -0.0100 0.9998
143.0000 1.2961 27.3021 0.6068 -0.0013 -0.0159 -0.0114 0.9998
144.0000 1.3149 27.4998 0.6372 -0.0021 -0.0143 -0.0109 0.9998
145.0000 1.3628 27.7131 0.6810 -0.0049 -0.0081 -0.0099 0.9999
146.0000 1.3748 27.9086 0.6347 -0.0066 -0.0040 -0.0114 0.9999
147.0000 1.3691 28.0785 0.6182 -0.0059 -0.0046 -0.0128 0.9999
148.0000 1.3644 28.2720 0.6198 -0.0042 -0.0078 -0.0126 0.9999
149.0000 1.3520 28.4484 0.6197 -0.0032 -0.0109 -0.0125 0.9999
150.0000 1.3642 28.6330 0.6395 -0.0032 -0.0133 -0.0139 0.9998
151.0000 1.3702 28.7956 0.6462 -0.0027 -0.0120 -0.0155 0.9998
152.0000 1.3987 28.9828 0.6369 -0.0015 -0.0084 -0.0160 0.9998
153.0000 1.4043 29.1808 0.6192 -0.0006 -0.0074 -0.0165 0.9998
154.0000 1.4001 29.3672 0.6512 -0.0022 -0.0102 -0.0172 0.9998
155.0000 1.3851 29.5642 0.6551 -0.0035 -0.0132 -0.0178 0.9997
156.0000 1.3818 29.7564 0.6569 -0.0046 -0.0163 -0.0183 0.9997
157.0000 1.3892 29.9437 0.6593 -0.0043 -0.0166 -0.0181 0.9997
158.0000 1.4054 30.1341 0.6779 -0.0030 -0.0124 -0.0187 0.9997
159.0000 1.4333 30.3145 0.6675 -0.0004 -0.0079 -0.0199 0.9998
160.0000 1.4616 30.5006 0.6647 0.0012 -0.0041 -0.0202 0.9998
161.0000 1.4747 30.6971 0.6592 0.0007 -0.0061 -0.0207 0.9998
162.0000 1.4540 30.8940 0.6701 -0.0016 -0.0129 -0.0217 0.9997
163.0000 1.4269 31.1273 0.6535 -0.0017 -0.0156 -0.0225 0.9996
164.0000 1.4143 31.3140 0.6381 -0.0006 -0.0170 -0.0228 0.9996
165.0000 1.4468 31.5069 0.7159 0.0033 -0.0225 -0.0239 0.9995
166.0000 1.4862 31.6941 0.7192 0.0046 -0.0179 -0.0257 0.9995
167.0000 1.5067 31.9022 0.7302 0.0049 -0.0169 -0.0277 0.9995
168.0000 1.5126 32.1402 0.7053 0.0043 -0.0181 -0.0291 0.9994
169.0000 1.5176 32.3490 0.6874 0.0039 -0.0205 -0.0309 0.9993
170.0000 1.5133 32.5425 0.6810 0.0053 -0.0211 -0.0326 0.9992
171.0000 1.5528 32.7454 0.7144 0.0056 -0.0200 -0.0326 0.9993
172.0000 1.6043 32.9496 0.7848 0.0045 -0.0162 -0.0345 0.9993
173.0000 1.6203 33.1544 0.7304 0.0012 -0.0087 -0.0374 0.9993
174.0000 1.6659 33.3496 0.7445 0.0010 -0.0078 -0.0397 0.9992
175.0000 1.6535 33.5542 0.7038 0.0008 -0.0110 -0.0401 0.9991
176.0000 1.6553 33.7581 0.7217 -0.0021 -0.0185 -0.0425 0.9989
177.0000 1.6617 33.9715 0.7511 -0.0049 -0.0224 -0.0452 0.9987
178.0000 1.6670 34.1445 0.8009 -0.0059 -0.0215 -0.0458 0.9987
179.0000 1.6926 34.3366 0.7889 -0.0049 -0.0192 -0.0462 0.9987
180.0000 1.7165 34.5411 0.7818 -0.0034 -0.0170 -0.0480 0.9987
181.0000 1.7292 34.7068 0.7618 -0.0027 -0.0181 -0.0505 0.9986
182.0000 1.7589 34.8887 0.7470 -0.0025 -0.0185 -0.0506 0.9985
183.0000 1.7809 35.1006 0.7633 -0.0035 -0.0206 -0.0505 0.9985
184.0000 1.8020 35.2806 0.8492 -0.0049 -0.0200 -0.0513 0.9985
185.0000 1.8394 35.4361 0.8812 -0.0050 -0.0186 -0.0515 0.9985
186.0000 1.8816 35.5768 0.8739 -0.0044 -0.0171 -0.0507 0.9986
187.0000 1.8898 35.7469 0.8603 -0.0041 -0.0175 -0.0505 0.9986
188.0000 1.8838 35.9057 0.8360 -0.0037 -0.0178 -0.0505 0.9986
189.0000 1.8818 36.0787 0.8011 -0.0036 -0.0191 -0.0502 0.9985
190.0000 1.8829 36.2402 0.7699 -0.0027 -0.0198 -0.0489 0.9986
191.0000 1.8934 36.4205 0.7737 -0.0023 -0.0201 -0.0477 0.9987
192.0000 1.9238 36.5876 0.8013 -0.0022 -0.0190 -0.0478 0.9987
193.0000 1.9576 36.7470 0.8419 -0.0030 -0.0188 -0.0478 0.9987
194.0000 1.9975 36.9167 0.8594 -0.0034 -0.0180 -0.0465 0.9987
195.0000 2.0160 37.0940 0.8643 -0.0038 -0.0182 -0.0454 0.9988
196.0000 2.0146 37.2773 0.8708 -0.0039 -0.0190 -0.0454 0.9988
197.0000 2.0206 37.4190 0.8592 -0.0038 -0.0191 -0.0445 0.9988
198.0000 2.0218 37.5823 0.8574 -0.0040 -0.0199 -0.0435 0.9988
199.0000 2.0617 37.7640 0.8857 -0.0047 -0.0201 -0.0431 0.9989
200.0000 2.1012 37.9379 0.9549 -0.0067 -0.0189 -0.0417 0.9989
201.0000 2.1006 38.1080 0.8857 -0.0089 -0.0110 -0.0407 0.9991
202.0000 2.1122 38.2514 0.8772 -0.0089 -0.0112 -0.0408 0.9991
203.0000 2.1271 38.4200 0.8760 -0.0093 -0.0119 -0.0402 0.9991
204.0000 2.1159 38.5863 0.8984 -0.0103 -0.0130 -0.0385 0.9991
205.0000 2.1590 38.7745 0.9055 -0.0109 -0.0130 -0.0378 0.9991
206.0000 2.1807 38.9528 0.9301 -0.0113 -0.0124 -0.0376 0.9992
207.0000 2.2295 39.1265 0.9532 -0.0126 -0.0100 -0.0364 0.9992
208.0000 2.2229 39.2976 0.8630 -0.0155 -0.0034 -0.0349 0.9993
209.0000 2.2205 39.4695 0.8800 -0.0154 -0.0040 -0.0354 0.9992
210.0000 2.2205 39.6329 0.8559 -0.0157 -0.0045 -0.0362 0.9992
211.0000 2.2205 39.7857 0.8349 -0.0169 -0.0098 -0.0362 0.9992
212.0000 2.1831 39.9750 0.7979 -0.0179 -0.0146 -0.0361 0.9991
213.0000 2.1778 40.1610 0.8470 -0.0178 -0.0254 -0.0370 0.9988
214.0000 2.1599 40.3368 0.8547 -0.0184 -0.0267 -0.0379 0.9988
215.0000 2.1976 40.4902 0.9127 -0.0178 -0.0234 -0.0388 0.9988
216.0000 2.2448 40.6578 0.9201 -0.0157 -0.0161 -0.0404 0.9989
217.0000 2.3015 40.7972 0.8765 -0.0150 -0.0066 -0.0426 0.9990
218.0000 2.3392 40.9530 0.8737 -0.0150 -0.0062 -0.0447 0.9989
219.0000 2.3476 41.1184 0.8632 -0.0154 -0.0060 -0.0460 0.9988
220.0000 2.3437 41.2873 0.8537 -0.0148 -0.0061 -0.0480 0.9987
221.0000 2.3555 41.4342 0.8563 -0.0132 -0.0053 -0.0506 0.9986
222.0000 2.4077 41.6065 0.8754 -0.0080 -0.0008 -0.0527 0.9986
223.0000 2.4627 41.7626 0.8995 -0.0081 0.0002 -0.0561 0.9984
224.0000 2.5095 41.9082 0.9004 -0.0093 0.0006 -0.0602 0.9981
225.0000 2.4984 42.0584 0.8967 -0.0105 -0.0001 -0.0624 0.9980
226.0000 2.5177 42.2266 0.8686 -0.0109 -0.0025 -0.0646 0.9978
227.0000 2.4940 42.3852 0.8543 -0.0094 -0.0031 -0.0685 0.9976
228.0000 2.5181 42.5286 0.8367 -0.0084 -0.0031 -0.0727 0.9973
229.0000 2.5445 42.6566 0.8418 -0.0083 -0.0030 -0.0763 0.9970
230.0000 2.5404 42.8142 0.8072 -0.0080 -0.0044 -0.0803 0.9967
231.0000 2.5601 42.9463 0.7919 -0.0077 -0.0053 -0.0837 0.9964
232.0000 2.5944 43.1216 0.8183 -0.0082 -0.0050 -0.0861 0.9962
233.0000 2.6493 43.2715 0.8457 -0.0084 -0.0048 -0.0901 0.9959
234.0000 2.6841 43.3894 0.8593 -0.0082 -0.0041 -0.0949 0.9954
235.0000 2.7628 43.5134 0.8807 -0.0080 -0.0037 -0.0983 0.9951
236.0000 2.8091 43.6618 0.8941 -0.0078 -0.0030 -0.1006 0.9949
237.0000 2.8679 43.8189 0.8891 -0.0074 -0.0024 -0.1046 0.9945
238.0000 2.8946 43.9640 0.9000 -0.0077 -0.0029 -0.1095 0.9940
239.0000 2.9375 44.0916 0.9114 -0.0086 -0.0029 -0.1120 0.9937
240.0000 2.9854 44.2554 0.9350 -0.0086 -0.0027 -0.1137 0.9935
241.0000 3.0137 44.4062 0.9238 -0.0082 -0.0029 -0.1177 0.9930
242.0000 3.0358 44.5262 0.8959 -0.0076 -0.0033 -0.1214 0.9926
243.0000 3.1023 44.6722 0.9178 -0.0077 -0.0028 -0.1225 0.9924
244.0000 3.1748 44.8631 0.9368 -0.0080 -0.0027 -0.1241 0.9922
245.0000 3.2069 45.0279 0.9542 -0.0074 -0.0018 -0.1272 0.9918
246.0000 3.2569 45.1561 0.9570 -0.0073 -0.0019 -0.1306 0.9914
247.0000 3.3087 45.3227 0.9260 -0.0075 -0.0027 -0.1327 0.9911
248.0000 3.3360 45.5309 0.8692 -0.0089 -0.0043 -0.1345 0.9909
249.0000 3.3596 45.7116 0.8746 -0.0146 -0.0065 -0.1373 0.9904
250.0000 3.4108 45.8831 0.8855 -0.0146 -0.0064 -0.1402 0.9900
251.0000 3.4933 46.0477 0.9196 -0.0153 -0.0060 -0.1423 0.9897
252.0000 3.5652 46.2388 0.9260 -0.0156 -0.0059 -0.1439 0.9895
253.0000 3.6036 46.4272 0.9225 -0.0155 -0.0061 -0.1465 0.9891
254.0000 3.6244 46.6097 0.9110 -0.0154 -0.0063 -0.1494 0.9886
255.0000 3.6702 46.7881 0.8775 -0.0149 -0.0068 -0.1516 0.9883
256.0000 3.7140 46.9687 0.8767 -0.0137 -0.0071 -0.1535 0.9880
257.0000 3.7835 47.1254 0.8560 -0.0119 -0.0068 -0.1564 0.9876
258.0000 3.8626 47.2872 0.9251 -0.0052 -0.0037 -0.1593 0.9872
259.0000 3.9585 47.4472 0.9209 -0.0048 -0.0034 -0.1616 0.9868
260.0000 4.0554 47.6298 0.9362 -0.0045 -0.0034 -0.1640 0.9864
261.0000 4.0760 47.8018 0.8934 -0.0030 -0.0036 -0.1676 0.9858
262.0000 4.1399 47.9618 0.8529 0.0002 -0.0039 -0.1700 0.9854
263.0000 4.2157 48.1555 0.8897 0.0063 -0.0018 -0.1718 0.9851
264.0000 4.2786 48.3473 0.8463 0.0096 -0.0020 -0.1751 0.9845
265.0000 4.3333 48.5125 0.8312 0.0124 -0.0022 -0.1788 0.9838
266.0000 4.3987 48.7018 0.8253 0.0152 -0.0039 -0.1812 0.9833
267.0000 4.4687 48.9196 0.8453 0.0157 -0.0044 -0.1836 0.9829
268.0000 4.5285 49.1183 0.8631 0.0157 -0.0050 -0.1875 0.9821
269.0000 4.6147 49.3060 0.8846 0.0156 -0.0050 -0.1905 0.9816
270.0000 4.7176 49.5073 0.9288 0.0150 -0.0045 -0.1923 0.9812
271.0000 4.8564 49.7132 0.9760 0.0147 -0.0039 -0.1962 0.9805
272.0000 4.9566 49.8868 0.9918 0.0142 -0.0034 -0.2003 0.9796
273.0000 5.0498 50.0701 0.9990 0.0143 -0.0034 -0.2036 0.9789
274.0000 5.1565 50.2689 1.0395 0.0140 -0.0031 -0.2071 0.9782
275.0000 5.2781 50.4728 1.0353 0.0138 -0.0030 -0.2115 0.9773
276.0000 5.3654 50.6624 1.0675 0.0132 -0.0027 -0.2162 0.9763
277.0000 5.4699 50.8541 1.0793 0.0130 -0.0027 -0.2207 0.9752
278.0000 5.5741 51.0639 1.0847 0.0129 -0.0026 -0.2259 0.9741
279.0000 5.6533 51.2844 1.0992 0.0125 -0.0025 -0.2318 0.9727
280.0000 5.7532 51.4917 1.0988 0.0124 -0.0025 -0.2381 0.9712
281.0000 5.8772 51.6968 1.1018 0.0120 -0.0025 -0.2448 0.9695
282.0000 5.9648 51.9088 1.0904 0.0116 -0.0025 -0.2522 0.9676
283.0000 6.0810 52.0826 1.0902 0.0051 -0.0009 -0.2600 0.9656
284.0000 6.1833 52.3081 1.0894 0.0035 -0.0009 -0.2678 0.9635
285.0000 6.3312 52.5174 1.0888 0.0028 -0.0009 -0.2761 0.9611
286.0000 6.5379 52.6719 1.1985 0.0024 0.0003 -0.2850 0.9585
287.0000 6.7455 52.8105 1.2460 0.0025 0.0020 -0.2950 0.9555
288.0000 6.9063 52.9347 1.2477 0.0035 0.0026 -0.3055 0.9522
289.0000 7.0085 53.0956 1.2327 0.0040 0.0024 -0.3157 0.9489
290.0000 7.1373 53.3000 1.2206 0.0043 0.0020 -0.3264 0.9452
291.0000 7.2587 53.4748 1.1918 0.0052 0.0015 -0.3380 0.9411
292.0000 7.3995 53.6259 1.1889 0.0059 0.0014 -0.3501 0.9367
293.0000 7.5749 53.7692 1.2126 0.0062 0.0016 -0.3625 0.9320
294.0000 7.7353 53.9148 1.2013 0.0067 0.0015 -0.3753 0.9269
295.0000 7.8565 54.0595 1.1749 0.0073 0.0011 -0.3887 0.9213
296.0000 8.0055 54.2158 1.1440 0.0101 -0.0010 -0.4012 0.9159
297.0000 8.1648 54.3467 1.1656 0.0106 -0.0008 -0.4137 0.9104
298.0000 8.3761 54.4445 1.2023 0.0104 -0.0002 -0.4260 0.9047
299.0000 8.5879 54.5397 1.2369 0.0116 0.0007 -0.4393 0.8983
300.0000 8.7660 54.6072 1.1779 0.0191 0.0028 -0.4509 0.8924
301.0000 8.9863 54.7317 1.2957 0.0245 0.0044 -0.4634 0.8858
302.0000 9.1752 54.8128 1.2938 0.0246 0.0046 -0.4775 0.8783
303.0000 9.3345 54.9082 1.3138 0.0246 0.0049 -0.4904 0.8711
304.0000 9.5058 55.0098 1.3169 0.0246 0.0051 -0.5021 0.8644
305.0000 9.7169 55.1026 1.3213 0.0248 0.0053 -0.5149 0.8569
306.0000 9.9253 55.1678 1.3268 0.0250 0.0056 -0.5287 0.8484
307.0000 10.1249 55.2493 1.3189 0.0254 0.0058 -0.5423 0.8398
308.0000 10.3567 55.2989 1.3309 0.0253 0.0061 -0.5553 0.8313
309.0000 10.6069 55.3687 1.3360 0.0254 0.0064 -0.5688 0.8221
310.0000 10.8576 55.4405 1.3596 0.0253 0.0067 -0.5817 0.8129
311.0000 11.1265 55.4907 1.3645 0.0251 0.0070 -0.5942 0.8039
312.0000 11.4000 55.5475 1.4036 0.0247 0.0075 -0.6061 0.7950
313.0000 11.6862 55.5875 1.4143 0.0242 0.0077 -0.6179 0.7858
314.0000 11.9755 55.6154 1.4469 0.0240 0.0080 -0.6296 0.7765
315.0000 12.2563 55.6591 1.4674 0.0239 0.0083 -0.6411 0.7671
316.0000 12.5561 55.6726 1.4879 0.0236 0.0085 -0.6526 0.7573
317.0000 12.8704 55.6685 1.4894 0.0236 0.0087 -0.6641 0.7472
318.0000 13.1473 55.6841 1.5035 0.0235 0.0091 -0.6755 0.7369
319.0000 13.4279 55.6767 1.5109 0.0235 0.0092 -0.6863 0.7269
320.0000 13.7193 55.6774 1.5042 0.0238 0.0094 -0.6965 0.7171
321.0000 14.0009 55.6620 1.5203 0.0237 0.0097 -0.7060 0.7077
322.0000 14.3148 55.6369 1.5247 -0.0237 -0.0097 0.7149 -0.6988
323.0000 14.6597 55.5976 1.5353 -0.0238 -0.0098 0.7233 -0.6900
324.0000 14.9831 55.5555 1.5488 -0.0237 -0.0100 0.7309 -0.6820
325.0000 15.3349 55.5170 1.5465 -0.0237 -0.0099 0.7379 -0.6744
326.0000 15.6883 55.4631 1.5669 -0.0236 -0.0100 0.7443 -0.6673
327.0000 16.0268 55.3910 1.5750 -0.0235 -0.0099 0.7502 -0.6607
328.0000 16.4004 55.3465 1.5922 -0.0236 -0.0099 0.7558 -0.6544
329.0000 16.7748 55.2678 1.6037 -0.0234 -0.0100 0.7610 -0.6483
330.0000 17.1450 55.2077 1.6157 -0.0234 -0.0098 0.7656 -0.6429
331.0000 17.5377 55.1327 1.6338 -0.0230 -0.0096 0.7698 -0.6378
332.0000 17.9386 55.0666 1.6470 -0.0230 -0.0093 0.7737 -0.6330
333.0000 18.3472 54.9907 1.7054 -0.0214 -0.0090 0.7776 -0.6284
334.0000 18.7630 54.8996 1.7163 -0.0211 -0.0088 0.7813 -0.6237
335.0000 19.1455 54.7598 1.7164 -0.0216 -0.0088 0.7846 -0.6196
336.0000 19.5279 54.6222 1.7025 -0.0224 -0.0088 0.7873 -0.6161
337.0000 19.9441 54.4819 1.7414 -0.0235 -0.0094 0.7894 -0.6134
338.0000 20.3907 54.3828 1.7580 -0.0229 -0.0090 0.7916 -0.6105
339.0000 20.8396 54.2971 1.7579 -0.0216 -0.0082 0.7940 -0.6074
340.0000 21.2706 54.1963 1.7692 -0.0206 -0.0076 0.7962 -0.6046
341.0000 21.6706 54.0629 1.7947 -0.0208 -0.0075 0.7977 -0.6027
342.0000 22.1269 53.8984 1.7998 -0.0212 -0.0073 0.7990 -0.6009
343.0000 22.5421 53.7218 1.8105 -0.0221 -0.0075 0.8008 -0.5984
344.0000 22.9834 53.5705 1.8297 -0.0227 -0.0077 0.8021 -0.5966
345.0000 23.4414 53.4352 1.8424 -0.0226 -0.0073 0.8033 -0.5951
346.0000 23.8954 53.3156 1.8602 -0.0221 -0.0069 0.8046 -0.5934
347.0000 24.3445 53.1798 1.8687 -0.0221 -0.0066 0.8058 -0.5918
348.0000 24.8041 53.0281 1.9004 -0.0217 -0.0067 0.8070 -0.5902
349.0000 25.2605 52.8440 1.9343 -0.0223 -0.0073 0.8082 -0.5885
350.0000 25.7030 52.6885 1.9356 -0.0225 -0.0072 0.8089 -0.5874
351.0000 26.1564 52.5208 1.9482 -0.0225 -0.0070 0.8097 -0.5863
352.0000 26.5998 52.3793 1.9489 -0.0227 -0.0068 0.8102 -0.5857
353.0000 27.0561 52.2290 1.9630 -0.0229 -0.0065 0.8107 -0.5850
354.0000 27.5162 52.0712 1.9759 -0.0234 -0.0063 0.8110 -0.5846
355.0000 27.9948 51.9159 1.9988 -0.0241 -0.0063 0.8111 -0.5844
356.0000 28.4499 51.7324 2.0053 -0.0239 -0.0058 0.8109 -0.5847
357.0000 28.9430 51.5707 2.0516 -0.0240 -0.0058 0.8108 -0.5848
358.0000 29.4371 51.3956 2.0666 -0.0245 -0.0059 0.8108 -0.5848
359.0000 29.9232 51.2260 2.0873 -0.0247 -0.0061 0.8107 -0.5849
360.0000 30.4066 51.0618 2.1111 -0.0250 -0.0062 0.8106 -0.5851
361.0000 30.8963 50.9024 2.1250 -0.0249 -0.0059 0.8105 -0.5852
362.0000 31.3758 50.7540 2.1439 -0.0250 -0.0057 0.8103 -0.5855
363.0000 31.8624 50.5887 2.1517 -0.0256 -0.0053 0.8099 -0.5859
364.0000 32.3547 50.4238 2.1662 -0.0258 -0.0048 0.8098 -0.5862
365.0000 32.8721 50.2531 2.1735 -0.0259 -0.0045 0.8096 -0.5863
366.0000 33.3794 50.0619 2.2206 -0.0255 -0.0047 0.8094 -0.5867
367.0000 33.9045 49.9022 2.2408 -0.0256 -0.0047 0.8092 -0.5870
368.0000 34.4407 49.7255 2.2698 -0.0254 -0.0048 0.8090 -0.5873
369.0000 34.9461 49.5602 2.2889 -0.0252 -0.0048 0.8086 -0.5877
370.0000 35.4378 49.3685 2.2953 -0.0257 -0.0047 0.8081 -0.5884
371.0000 35.9791 49.2150 2.3116 -0.0253 -0.0044 0.8080 -0.5887
372.0000 36.4829 49.0435 2.3555 -0.0250 -0.0047 0.8073 -0.5895
373.0000 37.0460 48.8866 2.3884 -0.0233 -0.0050 0.8070 -0.5901
374.0000 37.5741 48.7175 2.3915 -0.0230 -0.0046 0.8067 -0.5906
375.0000 38.0843 48.5494 2.4011 -0.0235 -0.0048 0.8062 -0.5912
376.0000 38.6039 48.3710 2.4039 -0.0238 -0.0045 0.8057 -0.5919
377.0000 39.1219 48.2313 2.4190 -0.0242 -0.0039 0.8054 -0.5922
378.0000 39.6467 48.1037 2.4416 -0.0244 -0.0033 0.8051 -0.5927
379.0000 40.1487 47.9548 2.4823 -0.0239 -0.0026 0.8046 -0.5934
380.0000 40.6755 47.7823 2.5056 -0.0242 -0.0027 0.8040 -0.5941
381.0000 41.2078 47.6153 2.5177 -0.0241 -0.0027 0.8038 -0.5945
382.0000 41.7201 47.4330 2.5371 -0.0241 -0.0027 0.8033 -0.5951
383.0000 42.2409 47.2872 2.5565 -0.0243 -0.0025 0.8030 -0.5954
384.0000 42.7459 47.1338 2.5896 -0.0244 -0.0024 0.8029 -0.5956
385.0000 43.2623 46.9826 2.6288 -0.0242 -0.0023 0.8027 -0.5959
386.0000 43.7647 46.8063 2.6641 -0.0243 -0.0025 0.8024 -0.5962
387.0000 44.2742 46.6626 2.6682 -0.0249 -0.0020 0.8023 -0.5964
388.0000 44.7728 46.5008 2.6903 -0.0251 -0.0017 0.8023 -0.5964
389.0000 45.2916 46.3616 2.7187 -0.0249 -0.0019 0.8025 -0.5961
390.0000 45.7808 46.2074 2.7405 -0.0250 -0.0019 0.8025 -0.5961
391.0000 46.3005 46.0671 2.7574 -0.0251 -0.0018 0.8027 -0.5959
392.0000 46.7925 45.9064 2.8022 -0.0252 -0.0018 0.8029 -0.5956
393.0000 47.2875 45.7575 2.8336 -0.0254 -0.0018 0.8031 -0.5953
394.0000 47.8017 45.5804 2.8470 -0.0256 -0.0016 0.8030 -0.5954
395.0000 48.3047 45.4375 2.8640 -0.0253 -0.0017 0.8030 -0.5955
396.0000 48.8157 45.3027 2.8811 -0.0253 -0.0016 0.8030 -0.5954
397.0000 49.3195 45.1515 2.9167 -0.0253 -0.0015 0.8028 -0.5957
398.0000 49.8309 44.9680 2.9492 -0.0255 -0.0017 0.8026 -0.5959
399.0000 50.3385 44.8057 2.9648 -0.0254 -0.0018 0.8024 -0.5962
400.0000 50.8649 44.6645 2.9856 -0.0256 -0.0017 0.8019 -0.5969
401.0000 51.3800 44.5243 3.0136 -0.0255 -0.0016 0.8012 -0.5979
402.0000 51.9169 44.3630 3.0488 -0.0254 -0.0015 0.8006 -0.5986
403.0000 52.4580 44.1918 3.0843 -0.0253 -0.0018 0.8002 -0.5992
404.0000 52.9971 44.0372 3.1036 -0.0252 -0.0022 0.7996 -0.6001
405.0000 53.5411 43.8630 3.1212 -0.0252 -0.0022 0.7992 -0.6005
406.0000 54.0689 43.7215 3.1298 -0.0254 -0.0020 0.7987 -0.6012
407.0000 54.6080 43.5782 3.1562 -0.0257 -0.0015 0.7982 -0.6019
408.0000 55.1571 43.4361 3.2084 -0.0257 -0.0013 0.7978 -0.6024
409.0000 55.6992 43.2843 3.2306 -0.0258 -0.0012 0.7972 -0.6032
410.0000 56.2576 43.1148 3.2641 -0.0260 -0.0012 0.7967 -0.6038
411.0000 56.8191 42.9477 3.2840 -0.0260 -0.0017 0.7961 -0.6046
412.0000 57.3779 42.7770 3.3002 -0.0259 -0.0024 0.7956 -0.6053
413.0000 57.9297 42.6302 3.3130 -0.0260 -0.0021 0.7950 -0.6061
414.0000 58.4874 42.4852 3.3282 -0.0259 -0.0016 0.7942 -0.6071
415.0000 59.0645 42.3423 3.3661 -0.0264 -0.0016 0.7936 -0.6079
416.0000 59.6370 42.1694 3.4081 -0.0271 -0.0014 0.7930 -0.6086
417.0000 60.2211 41.9964 3.4347 -0.0280 -0.0015 0.7926 -0.6091
418.0000 60.7986 41.8309 3.4888 -0.0284 -0.0024 0.7922 -0.6096
419.0000 61.3695 41.6709 3.4946 -0.0282 -0.0017 0.7917 -0.6103
420.0000 61.9617 41.5290 3.4980 -0.0279 -0.0014 0.7913 -0.6108
421.0000 62.5382 41.3898 3.5212 -0.0279 -0.0010 0.7912 -0.6109
422.0000 63.1212 41.2456 3.5738 -0.0281 -0.0001 0.7913 -0.6107
423.0000 63.7128 41.0682 3.6119 -0.0286 0.0004 0.7916 -0.6103
424.0000 64.2998 40.9253 3.6340 -0.0287 0.0008 0.7920 -0.6099
425.0000 64.8926 40.7844 3.6750 -0.0286 0.0012 0.7923 -0.6094
426.0000 65.4920 40.6397 3.7096 -0.0288 0.0016 0.7927 -0.6089
427.0000 66.0930 40.4919 3.7587 -0.0289 0.0016 0.7932 -0.6083
428.0000 66.7050 40.2984 3.7781 -0.0291 0.0016 0.7935 -0.6078
429.0000 67.2734 40.1569 3.8234 -0.0292 0.0014 0.7938 -0.6075
430.0000 67.8917 40.0121 3.8423 -0.0294 0.0022 0.7941 -0.6070
431.0000 68.4864 39.8524 3.8880 -0.0298 0.0029 0.7943 -0.6067
432.0000 69.0623 39.6838 3.9127 -0.0301 0.0035 0.7945 -0.6065
433.0000 69.6680 39.5313 3.9406 -0.0304 0.0037 0.7949 -0.6060
434.0000 70.2892 39.3679 3.9929 -0.0303 0.0036 0.7953 -0.6055
435.0000 70.8929 39.2013 4.0373 -0.0304 0.0036 0.7955 -0.6052
436.0000 71.4844 39.0282 4.0693 -0.0306 0.0037 0.7957 -0.6049
437.0000 72.1048 38.8645 4.1154 -0.0308 0.0038 0.7962 -0.6043
438.0000 72.7064 38.6858 4.1598 -0.0311 0.0041 0.7965 -0.6039
439.0000 73.3044 38.5236 4.1921 -0.0315 0.0045 0.7967 -0.6035
440.0000 73.9226 38.3555 4.2221 -0.0318 0.0053 0.7970 -0.6031
441.0000 74.5294 38.1734 4.2520 -0.0320 0.0060 0.7971 -0.6029
442.0000 75.1300 38.0125 4.2862 -0.0323 0.0066 0.7974 -0.6026
443.0000 75.7490 37.8170 4.3436 -0.0325 0.0067 0.7973 -0.6026
444.0000 76.3784 37.6536 4.4121 -0.0326 0.0059 0.7972 -0.6029
445.0000 77.0122 37.4647 4.4593 -0.0325 0.0058 0.7967 -0.6034
446.0000 77.6425 37.2947 4.5038 -0.0326 0.0060 0.7963 -0.6040
447.0000 78.2459 37.1295 4.5493 -0.0329 0.0058 0.7958 -0.6047
448.0000 78.8588 36.9359 4.5730 -0.0334 0.0060 0.7953 -0.6053
449.0000 79.4791 36.7585 4.6155 -0.0339 0.0060 0.7949 -0.6058
450.0000 80.1131 36.5887 4.6801 -0.0343 0.0060 0.7944 -0.6064
451.0000 80.7206 36.4219 4.7231 -0.0348 0.0061 0.7938 -0.6071
452.0000 81.3510 36.2485 4.7799 -0.0357 0.0057 0.7933 -0.6077
453.0000 81.9678 36.0853 4.8428 -0.0361 0.0060 0.7929 -0.6083
454.0000 82.5889 35.9024 4.8809 -0.0361 0.0068 0.7925 -0.6088
455.0000 83.2006 35.7468 4.9403 -0.0363 0.0072 0.7924 -0.6089
456.0000 83.8374 35.5873 4.9862 -0.0366 0.0076 0.7924 -0.6088
457.0000 84.4633 35.4196 5.0400 -0.0369 0.0077 0.7922 -0.6091
458.0000 85.0996 35.2489 5.0951 -0.0371 0.0074 0.7919 -0.6095
459.0000 85.7471 35.0740 5.1475 -0.0377 0.0070 0.7913 -0.6103
460.0000 86.3624 34.9215 5.2054 -0.0379 0.0071 0.7905 -0.6113
461.0000 86.9777 34.7598 5.2647 -0.0382 0.0072 0.7898 -0.6121
462.0000 87.6043 34.6011 5.3240 -0.0383 0.0076 0.7891 -0.6130
463.0000 88.2356 34.4429 5.3674 -0.0384 0.0083 0.7885 -0.6138
464.0000 88.8757 34.2778 5.4225 -0.0380 0.0088 0.7878 -0.6146
465.0000 89.4916 34.1290 5.4966 -0.0382 0.0087 0.7873 -0.6153
466.0000 90.1297 33.9754 5.5605 -0.0384 0.0086 0.7872 -0.6155
467.0000 90.7419 33.8149 5.5892 -0.0381 0.0096 0.7875 -0.6151
468.0000 91.3661 33.6631 5.6328 -0.0377 0.0103 0.7879 -0.6146
469.0000 91.9992 33.5019 5.6856 -0.0377 0.0107 0.7888 -0.6135
470.0000 92.6161 33.3331 5.7408 -0.0376 0.0108 0.7899 -0.6120
471.0000 93.2238 33.1801 5.8232 -0.0374 0.0104 0.7913 -0.6101
472.0000 93.8526 33.0138 5.8636 -0.0384 0.0094 0.7926 -0.6084
473.0000 94.4628 32.8457 5.9260 -0.0395 0.0082 0.7940 -0.6066
474.0000 95.0696 32.6810 5.9794 -0.0401 0.0077 0.7953 -0.6049
475.0000 95.6762 32.4876 6.0327 -0.0409 0.0070 0.7962 -0.6037
476.0000 96.2731 32.3347 6.0930 -0.0415 0.0065 0.7974 -0.6020
477.0000 96.8761 32.1602 6.1275 -0.0420 0.0064 0.7983 -0.6007
478.0000 97.4667 31.9649 6.1724 -0.0425 0.0064 0.7991 -0.5997
479.0000 98.0627 31.7752 6.2191 -0.0429 0.0066 0.7998 -0.5988
480.0000 98.6616 31.6057 6.2731 -0.0432 0.0063 0.8002 -0.5981
481.0000 99.2396 31.4370 6.3302 -0.0434 0.0058 0.8003 -0.5980
482.0000 99.8457 31.2558 6.3804 -0.0438 0.0055 0.8003 -0.5980
483.0000 100.4485 31.0956 6.4313 -0.0437 0.0060 0.8004 -0.5978
484.0000 101.0308 30.9323 6.4761 -0.0435 0.0062 0.8003 -0.5980
485.0000 101.6459 30.7444 6.5255 -0.0430 0.0065 0.8002 -0.5982
486.0000 102.2381 30.5923 6.5659 -0.0418 0.0075 0.8003 -0.5981
487.0000 102.8115 30.4092 6.6238 -0.0406 0.0085 0.8001 -0.5984
488.0000 103.4058 30.2485 6.6731 -0.0398 0.0092 0.8003 -0.5982
489.0000 103.9915 30.0737 6.7293 -0.0401 0.0093 0.8004 -0.5980
490.0000 104.5529 29.8917 6.7909 -0.0400 0.0097 0.8005 -0.5979
491.0000 105.1137 29.7228 6.8536 -0.0399 0.0107 0.8007 -0.5976
492.0000 105.6690 29.5574 6.8969 -0.0400 0.0116 0.8007 -0.5976
493.0000 106.2364 29.3849 6.9255 -0.0407 0.0127 0.8006 -0.5977
494.0000 106.8092 29.1996 6.9764 -0.0415 0.0129 0.8005 -0.5978
495.0000 107.3701 29.0114 7.0255 -0.0414 0.0131 0.8005 -0.5978
496.0000 107.9477 28.8119 7.0711 -0.0415 0.0126 0.8004 -0.5979
497.0000 108.5318 28.6213 7.1246 -0.0420 0.0121 0.8003 -0.5980
498.0000 109.0931 28.4476 7.1477 -0.0426 0.0114 0.8003 -0.5979
499.0000 109.6952 28.2919 7.1618 -0.0423 0.0099 0.8004 -0.5978
500.0000 110.2602 28.1102 7.2168 -0.0410 0.0091 0.8004 -0.5980
501.0000 110.8321 27.9325 7.2725 -0.0412 0.0088 0.8000 -0.5985
502.0000 111.3780 27.7488 7.3172 -0.0419 0.0091 0.7997 -0.5989
503.0000 111.9297 27.5890 7.3774 -0.0423 0.0095 0.7996 -0.5989
504.0000 112.4879 27.4222 7.4411 -0.0432 0.0106 0.7995 -0.5990
505.0000 113.0616 27.2607 7.4819 -0.0436 0.0112 0.7993 -0.5992
506.0000 113.6374 27.0932 7.5384 -0.0435 0.0116 0.7994 -0.5991
507.0000 114.2109 26.9144 7.5895 -0.0432 0.0114 0.7994 -0.5991
508.0000 114.7704 26.7558 7.6336 -0.0429 0.0115 0.7993 -0.5993
509.0000 115.3373 26.6025 7.6908 -0.0426 0.0118 0.7993 -0.5994
510.0000 115.9067 26.4326 7.7291 -0.0427 0.0118 0.7992 -0.5995
511.0000 116.4779 26.2567 7.7744 -0.0424 0.0121 0.7990 -0.5997
512.0000 117.0437 26.1029 7.8468 -0.0420 0.0126 0.7988 -0.6000
513.0000 117.5920 25.9362 7.8869 -0.0420 0.0129 0.7988 -0.6000
514.0000 118.1561 25.7740 7.9487 -0.0420 0.0133 0.7986 -0.6003
515.0000 118.7141 25.6111 7.9917 -0.0420 0.0134 0.7986 -0.6002
516.0000 119.2781 25.4347 8.0410 -0.0420 0.0138 0.7985 -0.6004
517.0000 119.8372 25.2633 8.0841 -0.0420 0.0141 0.7984 -0.6005
518.0000 120.3924 25.1194 8.1516 -0.0419 0.0143 0.7984 -0.6005
519.0000 120.9587 24.9464 8.2007 -0.0419 0.0147 0.7982 -0.6007
520.0000 121.5044 24.7845 8.2565 -0.0417 0.0148 0.7980 -0.6010
521.0000 122.0744 24.6265 8.2871 -0.0411 0.0147 0.7980 -0.6010
522.0000 122.6313 24.4651 8.3860 -0.0404 0.0145 0.7980 -0.6012
523.0000 123.1753 24.2897 8.4320 -0.0402 0.0146 0.7978 -0.6014
524.0000 123.7240 24.1285 8.4807 -0.0401 0.0147 0.7978 -0.6014
525.0000 124.2520 23.9977 8.5271 -0.0401 0.0149 0.7982 -0.6008
526.0000 124.8019 23.8290 8.5341 -0.0409 0.0155 0.7981 -0.6009
527.0000 125.3403 23.6748 8.5951 -0.0412 0.0162 0.7983 -0.6006
528.0000 125.8827 23.5264 8.6902 -0.0403 0.0164 0.7987 -0.6001
529.0000 126.4158 23.3587 8.7735 -0.0399 0.0162 0.7991 -0.5997
530.0000 126.9603 23.1940 8.8398 -0.0409 0.0148 0.7996 -0.5989
531.0000 127.4851 23.0248 8.8783 -0.0411 0.0147 0.7999 -0.5986
532.0000 128.0230 22.8700 8.9168 -0.0409 0.0145 0.8004 -0.5979
533.0000 128.5535 22.7015 8.9787 -0.0405 0.0146 0.8007 -0.5975
534.0000 129.0769 22.5498 9.0428 -0.0410 0.0141 0.8010 -0.5971
535.0000 129.6060 22.3788 9.1000 -0.0410 0.0139 0.8012 -0.5968
536.0000 130.1149 22.2185 9.1550 -0.0413 0.0133 0.8017 -0.5961
537.0000 130.6469 22.0619 9.2164 -0.0419 0.0126 0.8020 -0.5957
538.0000 131.1680 21.9026 9.2627 -0.0420 0.0128 0.8024 -0.5952
539.0000 131.6719 21.7513 9.2966 -0.0420 0.0129 0.8028 -0.5946
540.0000 132.2038 21.5865 9.3436 -0.0419 0.0128 0.8031 -0.5942
541.0000 132.7447 21.4163 9.3970 -0.0420 0.0130 0.8033 -0.5939
542.0000 133.2387 21.2796 9.4472 -0.0422 0.0128 0.8037 -0.5934
543.0000 133.7591 21.1164 9.4697 -0.0410 0.0139 0.8039 -0.5931
544.0000 134.2798 20.9467 9.5412 -0.0407 0.0146 0.8044 -0.5925
545.0000 134.7820 20.7879 9.6054 -0.0408 0.0142 0.8049 -0.5919
546.0000 135.2832 20.6224 9.6494 -0.0411 0.0142 0.8052 -0.5915
547.0000 135.7932 20.4632 9.6920 -0.0410 0.0142 0.8054 -0.5912
548.0000 136.3126 20.2995 9.7340 -0.0403 0.0145 0.8061 -0.5903
549.0000 136.7976 20.1494 9.7713 -0.0403 0.0145 0.8062 -0.5900
550.0000 137.3086 19.9707 9.8412 -0.0402 0.0146 0.8064 -0.5898
551.0000 137.7753 19.8174 9.9016 -0.0404 0.0139 0.8069 -0.5892
552.0000 138.2622 19.6558 9.9479 -0.0406 0.0139 0.8074 -0.5885
553.0000 138.7360 19.4990 9.9733 -0.0406 0.0140 0.8078 -0.5879
554.0000 139.1874 19.3481 10.0173 -0.0406 0.0140 0.8081 -0.5875
555.0000 139.6322 19.1987 10.0664 -0.0406 0.0140 0.8083 -0.5872
556.0000 140.0700 19.0474 10.1120 -0.0404 0.0142 0.8086 -0.5869
557.0000 140.5089 18.9085 10.1548 -0.0407 0.0144 0.8090 -0.5862
558.0000 140.9317 18.7690 10.1860 -0.0406 0.0148 0.8094 -0.5857
559.0000 141.3466 18.6424 10.2417 -0.0403 0.0148 0.8097 -0.5853
560.0000 141.7439 18.5168 10.2763 -0.0398 0.0152 0.8100 -0.5849
561.0000 142.1308 18.3845 10.3193 -0.0393 0.0155 0.8101 -0.5847
562.0000 142.5014 18.2585 10.3462 -0.0392 0.0157 0.8103 -0.5844
563.0000 142.8926 18.1350 10.3810 -0.0395 0.0157 0.8105 -0.5842
564.0000 143.2391 17.9982 10.4298 -0.0394 0.0156 0.8106 -0.5841
565.0000 143.5777 17.8790 10.4539 -0.0401 0.0156 0.8106 -0.5840
566.0000 143.9139 17.7611 10.4866 -0.0401 0.0159 0.8101 -0.5847
567.0000 144.2536 17.6502 10.5254 -0.0398 0.0163 0.8094 -0.5857
568.0000 144.5843 17.5510 10.5704 -0.0394 0.0165 0.8087 -0.5867
569.0000 144.9327 17.4417 10.5929 -0.0393 0.0169 0.8077 -0.5880
570.0000 145.2650 17.3291 10.6260 -0.0394 0.0172 0.8067 -0.5893
571.0000 145.5896 17.2409 10.6631 -0.0395 0.0174 0.8057 -0.5907
572.0000 145.8971 17.1470 10.7057 -0.0396 0.0175 0.8045 -0.5924
573.0000 146.2214 17.0304 10.7208 -0.0400 0.0177 0.8031 -0.5943
574.0000 146.5391 16.9349 10.7544 -0.0400 0.0179 0.8017 -0.5961
575.0000 146.8580 16.8429 10.7967 -0.0399 0.0181 0.8001 -0.5983
576.0000 147.1706 16.7593 10.8229 -0.0401 0.0182 0.7985 -0.6004
577.0000 147.4800 16.6563 10.8528 -0.0400 0.0185 0.7969 -0.6025
578.0000 147.7990 16.5657 10.8966 -0.0399 0.0188 0.7952 -0.6047
579.0000 148.1214 16.4867 10.9215 -0.0403 0.0192 0.7935 -0.6070
580.0000 148.4489 16.4149 10.9398 -0.0405 0.0199 0.7917 -0.6092
581.0000 148.7832 16.3130 10.9895 -0.0404 0.0205 0.7899 -0.6116
582.0000 149.1483 16.2492 11.0204 -0.0404 0.0210 0.7881 -0.6139
583.0000 149.4932 16.1754 11.0669 -0.0403 0.0214 0.7862 -0.6162
584.0000 149.8572 16.0918 11.1055 -0.0406 0.0217 0.7843 -0.6187
585.0000 150.2195 15.9907 11.1420 -0.0405 0.0223 0.7822 -0.6213
586.0000 150.5983 15.9175 11.1627 -0.0405 0.0230 0.7805 -0.6234
587.0000 150.9851 15.8520 11.2169 -0.0394 0.0237 0.7792 -0.6251
588.0000 151.3566 15.7773 11.2743 -0.0384 0.0243 0.7782 -0.6263
589.0000 151.7429 15.6982 11.3238 -0.0377 0.0247 0.7777 -0.6270
590.0000 152.1345 15.6077 11.3688 -0.0376 0.0249 0.7775 -0.6273
591.0000 152.5205 15.4999 11.4068 -0.0377 0.0248 0.7773 -0.6275
592.0000 152.8791 15.4100 11.4598 -0.0384 0.0244 0.7771 -0.6277
593.0000 153.2469 15.3065 11.4853 -0.0392 0.0245 0.7770 -0.6278
594.0000 153.6154 15.2384 11.5103 -0.0397 0.0249 0.7771 -0.6276
595.0000 153.9708 15.1808 11.5485 -0.0394 0.0255 0.7773 -0.6273
596.0000 154.3484 15.1099 11.5884 -0.0393 0.0259 0.7776 -0.6270
597.0000 154.7195 15.0238 11.6244 -0.0395 0.0261 0.7783 -0.6261
598.0000 155.0832 14.9356 11.6551 -0.0397 0.0264 0.7794 -0.6248
599.0000 155.4495 14.8371 11.7105 -0.0401 0.0263 0.7806 -0.6232
600.0000 155.8272 14.7275 11.7689 -0.0401 0.0261 0.7818 -0.6217
601.0000 156.1959 14.6257 11.8099 -0.0406 0.0255 0.7833 -0.6198
602.0000 156.5571 14.5350 11.8366 -0.0409 0.0254 0.7853 -0.6172
603.0000 156.9290 14.4536 11.8817 -0.0411 0.0254 0.7873 -0.6146
604.0000 157.3091 14.3437 11.9294 -0.0411 0.0252 0.7896 -0.6117
605.0000 157.6769 14.2169 11.9628 -0.0412 0.0252 0.7922 -0.6084
606.0000 158.0440 14.1256 12.0103 -0.0415 0.0251 0.7948 -0.6049
607.0000 158.4160 14.0075 12.0628 -0.0418 0.0247 0.7975 -0.6013
608.0000 158.7866 13.9027 12.1021 -0.0419 0.0247 0.8002 -0.5977
609.0000 159.1386 13.7834 12.1395 -0.0421 0.0246 0.8033 -0.5936
610.0000 159.4986 13.6764 12.1666 -0.0427 0.0246 0.8066 -0.5891
611.0000 159.8624 13.5325 12.2109 -0.0432 0.0244 0.8098 -0.5846
612.0000 160.1954 13.3899 12.2551 -0.0436 0.0242 0.8133 -0.5797
613.0000 160.5331 13.2620 12.2891 -0.0440 0.0240 0.8166 -0.5751
614.0000 160.8842 13.1353 12.3234 -0.0446 0.0237 0.8197 -0.5705
615.0000 161.2205 13.0016 12.3617 -0.0448 0.0237 0.8229 -0.5659
616.0000 161.5443 12.8740 12.4002 -0.0451 0.0235 0.8261 -0.5612
617.0000 161.8722 12.7365 12.4397 -0.0453 0.0234 0.8291 -0.5567
618.0000 162.2005 12.6014 12.4789 -0.0457 0.0232 0.8319 -0.5525
619.0000 162.5247 12.4421 12.5129 -0.0461 0.0232 0.8346 -0.5484
620.0000 162.8318 12.2940 12.5491 -0.0464 0.0230 0.8371 -0.5446
621.0000 163.1597 12.1394 12.5877 -0.0468 0.0227 0.8394 -0.5410
622.0000 163.4723 11.9820 12.6271 -0.0469 0.0226 0.8415 -0.5377
623.0000 163.7971 11.8337 12.6613 -0.0471 0.0224 0.8436 -0.5345
624.0000 164.0987 11.6725 12.6957 -0.0472 0.0224 0.8454 -0.5315
625.0000 164.4184 11.5301 12.7358 -0.0470 0.0224 0.8472 -0.5287
626.0000 164.7189 11.3639 12.7699 -0.0468 0.0222 0.8487 -0.5264
627.0000 165.0242 11.2151 12.8159 -0.0469 0.0220 0.8499 -0.5244
628.0000 165.3181 11.0288 12.8678 -0.0472 0.0215 0.8511 -0.5224
629.0000 165.6014 10.8546 12.9143 -0.0479 0.0211 0.8523 -0.5204
630.0000 165.8779 10.6977 12.9342 -0.0487 0.0206 0.8535 -0.5184
631.0000 166.1807 10.5422 12.9591 -0.0487 0.0210 0.8545 -0.5167
632.0000 166.4677 10.4373 12.9813 -0.0486 0.0215 0.8557 -0.5148
633.0000 166.7578 10.2969 13.0446 -0.0482 0.0218 0.8567 -0.5131
634.0000 167.0317 10.1570 13.0979 -0.0479 0.0222 0.8575 -0.5117
635.0000 167.3093 10.0009 13.1424 -0.0479 0.0221 0.8582 -0.5105
636.0000 167.5895 9.8335 13.1791 -0.0481 0.0219 0.8588 -0.5095
637.0000 167.8580 9.6596 13.1994 -0.0486 0.0219 0.8596 -0.5081
638.0000 168.1311 9.5120 13.2146 -0.0489 0.0217 0.8604 -0.5067
639.0000 168.3794 9.3579 13.2190 -0.0488 0.0220 0.8611 -0.5056
640.0000 168.6821 9.2086 13.2837 -0.0481 0.0219 0.8620 -0.5042
641.0000 168.9314 9.0736 13.3348 -0.0481 0.0219 0.8625 -0.5032
642.0000 169.1861 8.9416 13.3818 -0.0479 0.0220 0.8633 -0.5019
643.0000 169.4349 8.7939 13.4098 -0.0480 0.0221 0.8643 -0.5002
644.0000 169.7000 8.6739 13.4436 -0.0480 0.0222 0.8652 -0.4986
645.0000 169.9329 8.5198 13.4685 -0.0481 0.0223 0.8659 -0.4974
646.0000 170.1764 8.3586 13.4908 -0.0482 0.0223 0.8666 -0.4962
647.0000 170.4196 8.1998 13.5283 -0.0483 0.0222 0.8676 -0.4943
648.0000 170.6603 8.0605 13.5665 -0.0483 0.0221 0.8689 -0.4921
649.0000 170.8926 7.9052 13.5994 -0.0484 0.0221 0.8701 -0.4900
650.0000 171.1442 7.7529 13.6374 -0.0485 0.0221 0.8715 -0.4874
651.0000 171.3842 7.6258 13.6695 -0.0486 0.0220 0.8733 -0.4843
652.0000 171.5914 7.4802 13.7048 -0.0487 0.0221 0.8746 -0.4818
653.0000 171.8252 7.3415 13.7157 -0.0490 0.0225 0.8761 -0.4790
654.0000 172.0474 7.1993 13.7502 -0.0491 0.0226 0.8777 -0.4762
655.0000 172.2542 7.0418 13.7609 -0.0493 0.0228 0.8790 -0.4737
656.0000 172.4704 6.8740 13.7812 -0.0496 0.0229 0.8804 -0.4711
657.0000 172.7216 6.6884 13.8120 -0.0499 0.0232 0.8823 -0.4674
658.0000 172.9202 6.5329 13.8211 -0.0503 0.0235 0.8843 -0.4637
659.0000 173.1512 6.3723 13.8194 -0.0508 0.0243 0.8863 -0.4598
660.0000 173.4012 6.2019 13.8133 -0.0515 0.0255 0.8884 -0.4554
661.0000 173.6561 6.0384 13.8421 -0.0519 0.0257 0.8909 -0.4506
662.0000 173.9095 5.8490 13.8777 -0.0521 0.0257 0.8932 -0.4459
663.0000 174.1591 5.6433 13.9043 -0.0524 0.0255 0.8956 -0.4410
664.0000 174.4122 5.3923 13.9539 -0.0526 0.0252 0.8980 -0.4362
665.0000 174.6764 5.1488 13.9958 -0.0529 0.0249 0.9006 -0.4308
666.0000 174.9282 4.9056 14.0416 -0.0530 0.0246 0.9032 -0.4252
667.0000 175.2155 4.6737 14.0891 -0.0529 0.0242 0.9060 -0.4194
668.0000 175.4829 4.4162 14.1399 -0.0527 0.0237 0.9089 -0.4129
669.0000 175.7327 4.2018 14.1918 -0.0527 0.0232 0.9115 -0.4072
670.0000 175.9909 3.9290 14.2382 -0.0528 0.0230 0.9139 -0.4018
671.0000 176.2343 3.6648 14.2717 -0.0531 0.0228 0.9167 -0.3955
672.0000 176.4569 3.4232 14.3034 -0.0534 0.0226 0.9195 -0.3887
673.0000 176.7101 3.1641 14.3351 -0.0537 0.0225 0.9224 -0.3817
674.0000 176.9616 2.9090 14.3688 -0.0538 0.0223 0.9255 -0.3743
675.0000 177.2209 2.6375 14.3885 -0.0540 0.0219 0.9285 -0.3668
676.0000 177.4661 2.3406 14.4532 -0.0539 0.0215 0.9318 -0.3583
677.0000 177.6802 2.0267 14.4683 -0.0543 0.0209 0.9353 -0.3491
678.0000 177.8759 1.7240 14.5157 -0.0544 0.0203 0.9389 -0.3393
679.0000 178.1160 1.4239 14.5430 -0.0546 0.0199 0.9428 -0.3282
680.0000 178.3318 1.1247 14.5597 -0.0551 0.0197 0.9468 -0.3165
681.0000 178.5420 0.8083 14.5779 -0.0554 0.0192 0.9508 -0.3042
682.0000 178.7457 0.4987 14.6158 -0.0554 0.0185 0.9548 -0.2916
683.0000 178.9342 0.1913 14.6577 -0.0558 0.0184 0.9585 -0.2790
684.0000 179.0980 -0.1027 14.6850 -0.0566 0.0189 0.9622 -0.2657
685.0000 179.2603 -0.4334 14.6480 -0.0576 0.0190 0.9658 -0.2521
686.0000 179.4294 -0.7882 14.6784 -0.0578 0.0183 0.9696 -0.2373
687.0000 179.6076 -1.1465 14.7159 -0.0577 0.0172 0.9726 -0.2244
688.0000 179.7516 -1.5112 14.7554 -0.0575 0.0165 0.9755 -0.2119
689.0000 179.8944 -1.8446 14.7939 -0.0577 0.0159 0.9781 -0.1992
690.0000 180.0336 -2.2215 14.8261 -0.0579 0.0155 0.9805 -0.1870
691.0000 180.1485 -2.6000 14.8382 -0.0584 0.0146 0.9824 -0.1767
692.0000 180.2659 -3.0035 14.8536 -0.0587 0.0142 0.9842 -0.1667
693.0000 180.3718 -3.3994 14.8626 -0.0590 0.0140 0.9858 -0.1569
694.0000 180.5063 -3.7919 14.8738 -0.0593 0.0138 0.9872 -0.1476
695.0000 180.6188 -4.1765 14.9178 -0.0591 0.0141 0.9884 -0.1391
696.0000 180.7301 -4.5790 14.9411 -0.0591 0.0139 0.9895 -0.1314
697.0000 180.8220 -5.0134 14.9626 -0.0592 0.0137 0.9905 -0.1232
698.0000 180.9274 -5.4636 14.9691 -0.0595 0.0134 0.9915 -0.1152
699.0000 181.0082 -5.9050 14.9884 -0.0597 0.0133 0.9924 -0.1072
700.0000 181.0581 -6.3351 15.0006 -0.0599 0.0134 0.9932 -0.0990
701.0000 181.1340 -6.8165 15.0312 -0.0602 0.0134 0.9940 -0.0905
702.0000 181.2097 -7.2877 15.0404 -0.0605 0.0134 0.9947 -0.0820
703.0000 181.2979 -7.7472 15.0541 -0.0609 0.0137 0.9953 -0.0735
704.0000 181.3573 -8.2297 15.1278 -0.0597 0.0147 0.9959 -0.0659
705.0000 181.4050 -8.7242 15.1494 -0.0595 0.0150 0.9964 -0.0591
706.0000 181.4438 -9.2312 15.1698 -0.0602 0.0153 0.9966 -0.0534
707.0000 181.4716 -9.7542 15.1674 -0.0612 0.0156 0.9968 -0.0484
708.0000 181.4923 -10.2825 15.1669 -0.0614 0.0159 0.9970 -0.0436
709.0000 181.5772 -10.8352 15.1791 -0.0614 0.0158 0.9972 -0.0392
710.0000 181.6287 -11.3737 15.2251 -0.0610 0.0156 0.9974 -0.0349
711.0000 181.6699 -11.9199 15.2574 -0.0610 0.0156 0.9975 -0.0316
712.0000 181.6871 -12.4871 15.2854 -0.0609 0.0159 0.9976 -0.0288
713.0000 181.6898 -13.0598 15.2879 -0.0614 0.0158 0.9976 -0.0270
714.0000 181.7127 -13.6582 15.3166 -0.0612 0.0161 0.9977 -0.0258
715.0000 181.7536 -14.2412 15.3331 -0.0613 0.0160 0.9977 -0.0251
716.0000 181.7862 -14.8301 15.3669 -0.0613 0.0160 0.9977 -0.0249
717.0000 181.8293 -15.4542 15.4007 -0.0614 0.0161 0.9977 -0.0252
718.0000 181.8352 -16.0510 15.4447 -0.0608 0.0163 0.9977 -0.0260
719.0000 181.8792 -16.6886 15.4782 -0.0610 0.0165 0.9976 -0.0271
720.0000 181.9012 -17.3273 15.5099 -0.0612 0.0166 0.9976 -0.0284
721.0000 181.9379 -17.9966 15.5406 -0.0612 0.0168 0.9975 -0.0298
722.0000 181.9749 -18.6364 15.5715 -0.0616 0.0168 0.9975 -0.0308
723.0000 181.9995 -19.3115 15.6063 -0.0623 0.0170 0.9974 -0.0323
724.0000 182.0417 -19.9649 15.6379 -0.0622 0.0175 0.9973 -0.0337
725.0000 182.0767 -20.6479 15.6756 -0.0623 0.0180 0.9973 -0.0350
726.0000 182.1210 -21.3179 15.7163 -0.0624 0.0184 0.9972 -0.0366
727.0000 182.1524 -21.9937 15.7561 -0.0626 0.0188 0.9971 -0.0382
728.0000 182.2129 -22.6874 15.8174 -0.0637 0.0191 0.9970 -0.0398
729.0000 182.2398 -23.3769 15.8471 -0.0639 0.0195 0.9969 -0.0414
730.0000 182.3211 -24.0790 15.8654 -0.0647 0.0196 0.9968 -0.0430
731.0000 182.3814 -24.7863 15.8979 -0.0657 0.0189 0.9967 -0.0447
732.0000 182.4224 -25.5127 15.9297 -0.0659 0.0188 0.9966 -0.0466
733.0000 182.4845 -26.2114 15.9817 -0.0665 0.0190 0.9964 -0.0484
734.0000 182.5450 -26.9038 16.0381 -0.0670 0.0191 0.9963 -0.0500
735.0000 182.6288 -27.6163 16.0750 -0.0676 0.0191 0.9962 -0.0517
736.0000 182.6809 -28.3400 16.1108 -0.0680 0.0188 0.9961 -0.0534
737.0000 182.7425 -29.0555 16.1342 -0.0684 0.0188 0.9960 -0.0550
738.0000 182.8165 -29.7830 16.2034 -0.0701 0.0178 0.9958 -0.0569
739.0000 182.8895 -30.4910 16.2452 -0.0704 0.0177 0.9957 -0.0579
740.0000 182.9682 -31.2137 16.2986 -0.0704 0.0179 0.9956 -0.0588
741.0000 183.0533 -31.9424 16.3533 -0.0710 0.0169 0.9956 -0.0592
742.0000 183.1286 -32.6547 16.3984 -0.0720 0.0157 0.9955 -0.0596
743.0000 183.1909 -33.3766 16.4082 -0.0725 0.0159 0.9954 -0.0599
744.0000 183.2844 -34.1016 16.4505 -0.0727 0.0154 0.9954 -0.0600
745.0000 183.3782 -34.8399 16.4872 -0.0724 0.0148 0.9955 -0.0601
746.0000 183.4577 -35.5431 16.5476 -0.0720 0.0136 0.9955 -0.0603
747.0000 183.5292 -36.2753 16.5839 -0.0728 0.0121 0.9954 -0.0606
748.0000 183.6135 -36.9723 16.6107 -0.0734 0.0117 0.9954 -0.0607
749.0000 183.7025 -37.7126 16.6506 -0.0727 0.0125 0.9954 -0.0607
750.0000 183.7893 -38.4217 16.6969 -0.0726 0.0118 0.9954 -0.0610
751.0000 183.8758 -39.1716 16.7355 -0.0726 0.0109 0.9954 -0.0613
752.0000 183.9593 -39.8835 16.7570 -0.0729 0.0092 0.9954 -0.0615
753.0000 184.0436 -40.6027 16.7801 -0.0726 0.0091 0.9954 -0.0616
754.0000 184.1328 -41.3132 16.8139 -0.0723 0.0095 0.9954 -0.0618
755.0000 184.2314 -42.0397 16.8470 -0.0716 0.0099 0.9955 -0.0619
756.0000 184.3196 -42.7406 16.8976 -0.0717 0.0096 0.9954 -0.0620
757.0000 184.4039 -43.4647 16.9233 -0.0714 0.0099 0.9955 -0.0621
758.0000 184.4780 -44.1689 16.9421 -0.0713 0.0107 0.9955 -0.0622
759.0000 184.5706 -44.8762 16.9743 -0.0710 0.0121 0.9955 -0.0619
760.0000 184.6616 -45.5741 17.0104 -0.0711 0.0136 0.9954 -0.0622
761.0000 184.7475 -46.2888 17.0566 -0.0709 0.0142 0.9954 -0.0622
762.0000 184.8337 -46.9948 17.0874 -0.0705 0.0134 0.9955 -0.0625
763.0000 184.9280 -47.7078 17.1140 -0.0699 0.0119 0.9955 -0.0628
764.0000 185.0133 -48.4064 17.1587 -0.0688 0.0109 0.9955 -0.0635
765.0000 185.0895 -49.1097 17.2346 -0.0681 0.0101 0.9955 -0.0645
766.0000 185.1697 -49.7698 17.2751 -0.0675 0.0107 0.9955 -0.0656
767.0000 185.2821 -50.4676 17.3268 -0.0663 0.0117 0.9955 -0.0666
768.0000 185.3773 -51.1462 17.3237 -0.0641 0.0123 0.9956 -0.0678
769.0000 185.4827 -51.8266 17.3475 -0.0633 0.0120 0.9955 -0.0689
770.0000 185.5496 -52.5109 17.3959 -0.0638 0.0107 0.9954 -0.0704
771.0000 185.6557 -53.1919 17.4183 -0.0642 0.0088 0.9953 -0.0715
772.0000 185.7434 -53.8742 17.4964 -0.0650 0.0066 0.9952 -0.0728
773.0000 185.8348 -54.5432 17.5296 -0.0653 0.0054 0.9951 -0.0743
774.0000 185.9212 -55.2084 17.5621 -0.0669 0.0044 0.9949 -0.0756
775.0000 186.0099 -55.8620 17.5714 -0.0685 0.0035 0.9947 -0.0770
776.0000 186.1103 -56.5066 17.5728 -0.0687 0.0044 0.9946 -0.0780
777.0000 186.2233 -57.1690 17.5970 -0.0684 0.0049 0.9945 -0.0788
778.0000 186.3192 -57.8179 17.6272 -0.0686 0.0045 0.9944 -0.0797
779.0000 186.4180 -58.4551 17.6619 -0.0682 0.0044 0.9944 -0.0806
780.0000 186.5207 -59.0866 17.6763 -0.0681 0.0042 0.9944 -0.0811
781.0000 186.6306 -59.7331 17.6951 -0.0678 0.0039 0.9943 -0.0818
782.0000 186.7214 -60.3736 17.7269 -0.0677 0.0039 0.9943 -0.0822
783.0000 186.8245 -61.0094 17.7512 -0.0676 0.0040 0.9943 -0.0828
784.0000 186.9481 -61.6412 17.7688 -0.0672 0.0039 0.9943 -0.0832
785.0000 187.0527 -62.2674 17.8045 -0.0664 0.0033 0.9943 -0.0838
786.0000 187.1588 -62.8908 17.8546 -0.0656 0.0028 0.9942 -0.0846
787.0000 187.2510 -63.5104 17.8743 -0.0655 0.0026 0.9942 -0.0852
788.0000 187.3375 -64.1156 17.8963 -0.0659 0.0025 0.9942 -0.0854
789.0000 187.4556 -64.7433 17.9122 -0.0658 0.0028 0.9941 -0.0857
790.0000 187.5599 -65.3552 17.9252 -0.0657 0.0031 0.9941 -0.0861
791.0000 187.6648 -65.9470 17.9515 -0.0658 0.0034 0.9941 -0.0866
792.0000 187.7657 -66.5554 17.9773 -0.0658 0.0035 0.9940 -0.0872
793.0000 187.8681 -67.1523 17.9959 -0.0657 0.0036 0.9940 -0.0877
794.0000 187.9623 -67.7709 18.0169 -0.0660 0.0038 0.9939 -0.0885
795.0000 188.0632 -68.3559 18.0337 -0.0664 0.0041 0.9938 -0.0889
796.0000 188.1791 -68.9592 18.0530 -0.0663 0.0042 0.9938 -0.0892
797.0000 188.2933 -69.5471 18.0613 -0.0659 0.0043 0.9938 -0.0898
798.0000 188.4089 -70.1459 18.0898 -0.0657 0.0044 0.9938 -0.0901
799.0000 188.5114 -70.7558 18.1385 -0.0661 0.0044 0.9936 -0.0910
800.0000 188.5972 -71.3536 18.1809 -0.0665 0.0047 0.9936 -0.0916
801.0000 188.7212 -71.9769 18.1941 -0.0667 0.0048 0.9935 -0.0917
802.0000 188.8335 -72.5767 18.2031 -0.0664 0.0049 0.9936 -0.0917
803.0000 188.9281 -73.1886 18.2207 -0.0666 0.0049 0.9936 -0.0916
804.0000 189.0539 -73.8278 18.2639 -0.0665 0.0041 0.9936 -0.0916
805.0000 189.1619 -74.4380 18.2802 -0.0661 0.0037 0.9936 -0.0914
806.0000 189.2860 -75.0558 18.3091 -0.0663 0.0035 0.9936 -0.0916
807.0000 189.3874 -75.6665 18.3382 -0.0663 0.0035 0.9936 -0.0916
808.0000 189.5217 -76.2626 18.3612 -0.0661 0.0035 0.9936 -0.0912
809.0000 189.6301 -76.8607 18.3851 -0.0659 0.0034 0.9937 -0.0909
810.0000 189.7473 -77.4679 18.3863 -0.0657 0.0039 0.9937 -0.0909
811.0000 189.8595 -78.0722 18.4021 -0.0650 0.0038 0.9937 -0.0908
812.0000 189.9726 -78.6872 18.4352 -0.0647 0.0037 0.9938 -0.0906
813.0000 190.0703 -79.2799 18.4810 -0.0644 0.0037 0.9938 -0.0906
814.0000 190.1930 -79.8564 18.5125 -0.0644 0.0038 0.9938 -0.0904
815.0000 190.2858 -80.4646 18.5406 -0.0644 0.0038 0.9938 -0.0905
816.0000 190.3851 -81.0595 18.5456 -0.0645 0.0044 0.9938 -0.0901
817.0000 190.4907 -81.6485 18.5793 -0.0646 0.0049 0.9938 -0.0900
818.0000 190.6064 -82.2282 18.5779 -0.0645 0.0053 0.9939 -0.0894
819.0000 190.7539 -82.8061 18.5779 -0.0642 0.0053 0.9940 -0.0887
820.0000 190.8499 -83.3854 18.6092 -0.0640 0.0051 0.9940 -0.0884
821.0000 190.9221 -83.9882 18.6525 -0.0641 0.0050 0.9940 -0.0880
822.0000 191.0133 -84.5725 18.6777 -0.0644 0.0046 0.9941 -0.0876
823.0000 191.0997 -85.1491 18.6856 -0.0646 0.0045 0.9941 -0.0867
824.0000 191.2202 -85.7392 18.7083 -0.0646 0.0035 0.9942 -0.0854
825.0000 191.3634 -86.3305 18.7432 -0.0641 0.0024 0.9943 -0.0846
826.0000 191.4365 -86.9015 18.7503 -0.0643 0.0011 0.9944 -0.0842
827.0000 191.4862 -87.4482 18.7864 -0.0647 0.0013 0.9944 -0.0837
828.0000 191.5179 -88.0070 18.7927 -0.0656 0.0014 0.9944 -0.0829
829.0000 191.5890 -88.5410 18.8312 -0.0661 0.0013 0.9944 -0.0818
830.0000 191.6923 -89.0852 18.8437 -0.0660 0.0016 0.9946 -0.0805
831.0000 191.8071 -89.6336 18.8566 -0.0655 0.0017 0.9947 -0.0790
832.0000 191.8927 -90.1661 18.8932 -0.0653 0.0012 0.9948 -0.0783
833.0000 191.9884 -90.7046 18.8699 -0.0651 0.0005 0.9949 -0.0777
834.0000 192.0526 -91.2335 18.8697 -0.0655 0.0004 0.9949 -0.0767
835.0000 192.1388 -91.7359 18.8815 -0.0654 0.0004 0.9950 -0.0755
836.0000 192.2264 -92.2142 18.8869 -0.0652 0.0003 0.9951 -0.0738
837.0000 192.2838 -92.6813 18.9402 -0.0650 0.0003 0.9953 -0.0723
838.0000 192.3715 -93.1303 18.9648 -0.0646 0.0014 0.9954 -0.0704
839.0000 192.4169 -93.5581 18.9909 -0.0646 0.0033 0.9956 -0.0681
840.0000 192.4732 -93.9865 18.9729 -0.0645 0.0039 0.9957 -0.0659
841.0000 192.5146 -94.3983 18.9976 -0.0647 0.0041 0.9959 -0.0635
842.0000 192.5731 -94.8173 19.0054 -0.0648 0.0045 0.9961 -0.0604
843.0000 192.6171 -95.2337 19.0226 -0.0647 0.0047 0.9963 -0.0572
844.0000 192.6613 -95.6458 19.0389 -0.0648 0.0045 0.9965 -0.0534
845.0000 192.6852 -96.0655 19.0776 -0.0649 0.0039 0.9966 -0.0498
846.0000 192.7216 -96.5070 19.0596 -0.0651 0.0029 0.9968 -0.0461
847.0000 192.7270 -96.9145 19.0465 -0.0653 0.0024 0.9970 -0.0413
848.0000 192.7612 -97.3243 19.0447 -0.0651 0.0022 0.9972 -0.0355
849.0000 192.7951 -97.7191 19.0473 -0.0651 0.0020 0.9975 -0.0293
850.0000 192.8024 -98.0995 19.0627 -0.0650 0.0015 0.9976 -0.0223
851.0000 192.8025 -98.4894 19.0707 -0.0651 0.0009 0.9978 -0.0143
852.0000 192.7782 -98.8648 19.0764 -0.0652 0.0005 0.9979 -0.0052
853.0000 192.7725 -99.2425 19.0800 -0.0652 -0.0002 0.9979 0.0048
854.0000 192.7391 -99.6001 19.0768 -0.0653 -0.0011 0.9978 0.0153
855.0000 192.7019 -99.9890 19.0683 -0.0653 -0.0020 0.9975 0.0267
856.0000 192.6636 -100.3344 19.0741 -0.0652 -0.0028 0.9971 0.0385
857.0000 192.6025 -100.6675 19.0726 -0.0652 -0.0034 0.9966 0.0502
858.0000 192.5434 -101.0182 19.0743 -0.0652 -0.0043 0.9959 0.0626
859.0000 192.4723 -101.3662 19.0693 -0.0651 -0.0050 0.9950 0.0754
860.0000 192.4025 -101.7000 19.0616 -0.0651 -0.0058 0.9939 0.0887
861.0000 192.3384 -102.0266 19.0495 -0.0650 -0.0067 0.9926 0.1027
862.0000 192.2364 -102.3396 19.0470 -0.0650 -0.0077 0.9909 0.1173
863.0000 192.1060 -102.6485 19.0363 -0.0650 -0.0084 0.9891 0.1322
864.0000 191.9940 -102.9295 19.0260 -0.0648 -0.0094 0.9869 0.1477
865.0000 191.8846 -103.2169 19.0270 -0.0648 -0.0103 0.9844 0.1630
866.0000 191.7586 -103.4897 19.0194 -0.0647 -0.0110 0.9819 0.1779
867.0000 191.6408 -103.7805 19.0131 -0.0646 -0.0118 0.9791 0.1925
868.0000 191.4900 -104.0790 19.0012 -0.0645 -0.0125 0.9762 0.2069
869.0000 191.3096 -104.3932 18.9747 -0.0642 -0.0137 0.9732 0.2203
870.0000 191.1290 -104.7241 18.9688 -0.0640 -0.0154 0.9701 0.2335
871.0000 190.9374 -105.0605 18.9486 -0.0638 -0.0170 0.9669 0.2466
872.0000 190.7364 -105.3622 18.9293 -0.0635 -0.0175 0.9634 0.2597
873.0000 190.5483 -105.6501 18.9095 -0.0632 -0.0183 0.9599 0.2726
874.0000 190.3354 -105.9521 18.8868 -0.0629 -0.0190 0.9562 0.2852
875.0000 190.1243 -106.2694 18.8575 -0.0625 -0.0196 0.9524 0.2978
876.0000 189.9017 -106.5597 18.8337 -0.0622 -0.0203 0.9483 0.3107
877.0000 189.6581 -106.8515 18.8092 -0.0618 -0.0209 0.9439 0.3237
878.0000 189.3965 -107.1471 18.7812 -0.0616 -0.0215 0.9392 0.3370
879.0000 189.1036 -107.4363 18.7549 -0.0611 -0.0223 0.9341 0.3510
880.0000 188.8062 -107.7430 18.7161 -0.0607 -0.0231 0.9285 0.3657
881.0000 188.4970 -108.0399 18.6760 -0.0602 -0.0241 0.9222 0.3812
882.0000 188.1863 -108.3277 18.6414 -0.0596 -0.0249 0.9156 0.3969
883.0000 187.8616 -108.6193 18.6057 -0.0589 -0.0258 0.9085 0.4129
884.0000 187.5088 -108.9022 18.5596 -0.0584 -0.0267 0.9008 0.4295
885.0000 187.1334 -109.1726 18.5058 -0.0576 -0.0280 0.8924 0.4467
886.0000 186.7364 -109.4111 18.4733 -0.0571 -0.0291 0.8836 0.4639
887.0000 186.3207 -109.6454 18.4312 -0.0567 -0.0302 0.8743 0.4811
888.0000 185.8903 -109.8630 18.3819 -0.0563 -0.0313 0.8648 0.4980
889.0000 185.4443 -110.0764 18.3348 -0.0557 -0.0324 0.8548 0.5149
890.0000 184.9954 -110.2920 18.2738 -0.0550 -0.0336 0.8445 0.5317
891.0000 184.5456 -110.4911 18.2193 -0.0541 -0.0345 0.8339 0.5481
892.0000 184.0687 -110.6554 18.1692 -0.0534 -0.0355 0.8236 0.5636
893.0000 183.5974 -110.7945 18.1149 -0.0529 -0.0363 0.8139 0.5775
894.0000 183.0904 -110.9224 18.0856 -0.0528 -0.0365 0.8050 0.5897
895.0000 182.5854 -111.0059 18.0438 -0.0526 -0.0367 0.7979 0.5993
896.0000 182.0516 -111.1363 17.9610 -0.0524 -0.0369 0.7924 0.6067
897.0000 181.4696 -111.2970 17.8924 -0.0519 -0.0374 0.7867 0.6140
898.0000 180.8958 -111.4552 17.8279 -0.0512 -0.0380 0.7807 0.6216
899.0000 180.3186 -111.5518 17.7797 -0.0508 -0.0385 0.7754 0.6282
900.0000 179.7358 -111.6300 17.7260 -0.0508 -0.0384 0.7717 0.6327
901.0000 179.1147 -111.7136 17.6595 -0.0506 -0.0381 0.7691 0.6360
902.0000 178.4591 -111.8364 17.5703 -0.0501 -0.0381 0.7666 0.6391
903.0000 177.8277 -111.9770 17.4953 -0.0494 -0.0385 0.7639 0.6423
904.0000 177.1816 -112.0987 17.4029 -0.0490 -0.0386 0.7613 0.6454
905.0000 176.4985 -112.2006 17.3377 -0.0485 -0.0387 0.7591 0.6480
906.0000 175.8178 -112.2942 17.2635 -0.0481 -0.0385 0.7573 0.6501
907.0000 175.1353 -112.3870 17.1765 -0.0477 -0.0385 0.7563 0.6513
908.0000 174.4166 -112.5038 17.0951 -0.0472 -0.0386 0.7557 0.6521
909.0000 173.6948 -112.6115 17.0100 -0.0468 -0.0384 0.7555 0.6524
910.0000 172.9615 -112.7191 16.9448 -0.0464 -0.0383 0.7554 0.6525
911.0000 172.2205 -112.8066 16.8760 -0.0459 -0.0383 0.7555 0.6524
912.0000 171.4511 -112.9276 16.8023 -0.0455 -0.0384 0.7558 0.6521
913.0000 170.6824 -113.0499 16.7169 -0.0450 -0.0384 0.7560 0.6519
914.0000 169.8949 -113.1676 16.6346 -0.0445 -0.0383 0.7562 0.6517
915.0000 169.1145 -113.2770 16.5573 -0.0441 -0.0380 0.7566 0.6513
916.0000 168.3029 -113.3754 16.4635 -0.0436 -0.0377 0.7568 0.6511
917.0000 167.4731 -113.4928 16.3956 -0.0431 -0.0376 0.7568 0.6511
918.0000 166.6568 -113.6220 16.3209 -0.0426 -0.0375 0.7570 0.6509
919.0000 165.8448 -113.7377 16.2381 -0.0422 -0.0373 0.7575 0.6504
920.0000 165.0127 -113.8512 16.1490 -0.0417 -0.0370 0.7580 0.6499
921.0000 164.1512 -113.9870 16.0610 -0.0410 -0.0370 0.7589 0.6488
922.0000 163.2866 -114.1315 15.9899 -0.0404 -0.0370 0.7599 0.6477
923.0000 162.4133 -114.2822 15.9054 -0.0397 -0.0372 0.7611 0.6464
924.0000 161.5357 -114.4396 15.8165 -0.0389 -0.0372 0.7622 0.6451
925.0000 160.6379 -114.5981 15.7427 -0.0381 -0.0375 0.7632 0.6440
926.0000 159.7594 -114.7480 15.6734 -0.0374 -0.0374 0.7642 0.6427
927.0000 158.8603 -114.9185 15.5922 -0.0365 -0.0376 0.7653 0.6415
928.0000 157.9653 -115.0697 15.5075 -0.0358 -0.0377 0.7663 0.6403
929.0000 157.0678 -115.2186 15.4400 -0.0353 -0.0375 0.7673 0.6392
930.0000 156.1838 -115.3837 15.3660 -0.0346 -0.0374 0.7681 0.6383
931.0000 155.2862 -115.5409 15.3012 -0.0340 -0.0371 0.7690 0.6373
932.0000 154.3839 -115.6860 15.2158 -0.0334 -0.0368 0.7700 0.6361
933.0000 153.4871 -115.8682 15.1526 -0.0329 -0.0369 0.7709 0.6350
934.0000 152.5937 -116.0323 15.0987 -0.0326 -0.0366 0.7718 0.6340
935.0000 151.7012 -116.2140 15.0299 -0.0319 -0.0367 0.7727 0.6330
936.0000 150.8172 -116.4002 14.9685 -0.0313 -0.0371 0.7736 0.6319
937.0000 149.9448 -116.5699 14.9122 -0.0306 -0.0371 0.7746 0.6306
938.0000 149.0687 -116.7488 14.8648 -0.0301 -0.0369 0.7757 0.6293
939.0000 148.2157 -116.9138 14.8214 -0.0296 -0.0365 0.7766 0.6282
940.0000 147.3426 -117.0824 14.7529 -0.0290 -0.0357 0.7776 0.6271
941.0000 146.4837 -117.2736 14.7133 -0.0285 -0.0355 0.7783 0.6263
942.0000 145.6015 -117.4422 14.6560 -0.0279 -0.0355 0.7791 0.6253
943.0000 144.7220 -117.6367 14.6102 -0.0276 -0.0350 0.7798 0.6244
944.0000 143.8406 -117.8296 14.5714 -0.0272 -0.0347 0.7805 0.6236
945.0000 142.9490 -118.0262 14.5051 -0.0266 -0.0340 0.7810 0.6230
946.0000 142.0680 -118.2252 14.4571 -0.0260 -0.0337 0.7810 0.6230
947.0000 141.1610 -118.3961 14.4041 -0.0252 -0.0333 0.7811 0.6230
948.0000 140.2497 -118.5855 14.3591 -0.0246 -0.0325 0.7810 0.6232
949.0000 139.3394 -118.7874 14.3064 -0.0243 -0.0321 0.7809 0.6234
950.0000 138.4133 -118.9863 14.2734 -0.0242 -0.0322 0.7808 0.6235
951.0000 137.4738 -119.1813 14.2196 -0.0239 -0.0320 0.7806 0.6238
952.0000 136.5403 -119.3892 14.1692 -0.0234 -0.0316 0.7805 0.6239
953.0000 135.5799 -119.5863 14.0975 -0.0225 -0.0306 0.7801 0.6245
954.0000 134.6318 -119.7976 14.0323 -0.0220 -0.0303 0.7795 0.6253
955.0000 133.6729 -120.0003 13.9893 -0.0215 -0.0308 0.7784 0.6267
956.0000 132.7433 -120.2103 13.9338 -0.0213 -0.0308 0.7773 0.6280
957.0000 131.7674 -120.4039 13.8738 -0.0211 -0.0310 0.7762 0.6294
958.0000 130.7998 -120.5932 13.8071 -0.0210 -0.0309 0.7748 0.6311
959.0000 129.8116 -120.7787 13.7573 -0.0212 -0.0311 0.7735 0.6327
960.0000 128.8569 -120.9805 13.7073 -0.0212 -0.0314 0.7720 0.6345
961.0000 127.8832 -121.1601 13.6511 -0.0210 -0.0313 0.7707 0.6360
962.0000 126.9036 -121.3469 13.5817 -0.0207 -0.0316 0.7692 0.6379
963.0000 125.9165 -121.5318 13.4982 -0.0200 -0.0316 0.7676 0.6398
964.0000 124.9346 -121.7265 13.4247 -0.0198 -0.0316 0.7659 0.6419
965.0000 123.9629 -121.8750 13.4014 -0.0194 -0.0320 0.7642 0.6439
966.0000 122.9874 -122.0351 13.3730 -0.0193 -0.0327 0.7624 0.6460
967.0000 121.9813 -122.1908 13.3086 -0.0191 -0.0330 0.7607 0.6480
968.0000 121.0026 -122.3481 13.2332 -0.0193 -0.0329 0.7590 0.6499
969.0000 120.0131 -122.4917 13.1645 -0.0191 -0.0331 0.7576 0.6515
970.0000 119.0250 -122.6356 13.0877 -0.0189 -0.0329 0.7566 0.6527
971.0000 118.0380 -122.7716 13.0684 -0.0190 -0.0332 0.7557 0.6538
972.0000 117.0271 -122.9149 13.0360 -0.0197 -0.0327 0.7550 0.6546
973.0000 116.0315 -123.0481 12.9716 -0.0198 -0.0324 0.7543 0.6554
974.0000 115.0082 -123.1795 12.8902 -0.0197 -0.0319 0.7537 0.6561
975.0000 114.0226 -123.3092 12.8547 -0.0194 -0.0316 0.7530 0.6570
976.0000 113.0102 -123.4386 12.7816 -0.0192 -0.0308 0.7524 0.6577
977.0000 111.9960 -123.5854 12.7320 -0.0189 -0.0307 0.7515 0.6588
978.0000 110.9787 -123.7193 12.6788 -0.0186 -0.0308 0.7508 0.6595
979.0000 109.9650 -123.8340 12.6214 -0.0186 -0.0308 0.7503 0.6601
980.0000 108.9330 -123.9838 12.5443 -0.0179 -0.0316 0.7497 0.6608
981.0000 107.9034 -124.1178 12.4870 -0.0180 -0.0320 0.7491 0.6614
982.0000 106.8882 -124.2427 12.4262 -0.0179 -0.0324 0.7487 0.6618
983.0000 105.8511 -124.3822 12.3882 -0.0178 -0.0325 0.7484 0.6622
984.0000 104.8179 -124.4999 12.3180 -0.0173 -0.0325 0.7483 0.6624
985.0000 103.7704 -124.6254 12.2793 -0.0170 -0.0328 0.7481 0.6625
986.0000 102.7216 -124.7366 12.2138 -0.0169 -0.0329 0.7479 0.6628
987.0000 101.6572 -124.8737 12.1655 -0.0166 -0.0327 0.7476 0.6631
988.0000 100.5978 -124.9846 12.1096 -0.0168 -0.0322 0.7475 0.6633
989.0000 99.5053 -125.1074 12.0730 -0.0167 -0.0317 0.7475 0.6633
990.0000 98.4504 -125.2213 12.0068 -0.0167 -0.0310 0.7472 0.6636
991.0000 97.3777 -125.3516 11.9464 -0.0167 -0.0309 0.7470 0.6639
992.0000 96.3047 -125.4685 11.8886 -0.0167 -0.0310 0.7468 0.6641
993.0000 95.2028 -125.6024 11.8339 -0.0167 -0.0308 0.7467 0.6642
994.0000 94.1126 -125.7371 11.7699 -0.0166 -0.0310 0.7465 0.6645
995.0000 93.0085 -125.8551 11.7123 -0.0161 -0.0310 0.7463 0.6647
996.0000 91.9210 -125.9810 11.6424 -0.0153 -0.0304 0.7462 0.6649
997.0000 90.8229 -126.1096 11.6036 -0.0149 -0.0302 0.7460 0.6651
998.0000 89.6980 -126.2348 11.5511 -0.0146 -0.0300 0.7457 0.6654
999.0000 88.5932 -126.3599 11.4999 -0.0151 -0.0300 0.7457 0.6654
1000.0000 87.4677 -126.4812 11.4515 -0.0154 -0.0301 0.7462 0.6648
1001.0000 86.3329 -126.5947 11.4118 -0.0161 -0.0297 0.7467 0.6643
1002.0000 85.2185 -126.7291 11.3433 -0.0157 -0.0294 0.7471 0.6639
1003.0000 84.0783 -126.8615 11.2680 -0.0157 -0.0291 0.7475 0.6634
1004.0000 82.9521 -126.9954 11.2019 -0.0159 -0.0292 0.7479 0.6630
1005.0000 81.8359 -127.1345 11.1904 -0.0177 -0.0285 0.7482 0.6626
1006.0000 80.6911 -127.2642 11.1486 -0.0179 -0.0279 0.7484 0.6624
1007.0000 79.5526 -127.4046 11.0871 -0.0178 -0.0276 0.7488 0.6620
1008.0000 78.4307 -127.5575 11.0254 -0.0169 -0.0278 0.7490 0.6618
1009.0000 77.2752 -127.6997 10.9439 -0.0163 -0.0289 0.7494 0.6613
1010.0000 76.1256 -127.8395 10.8749 -0.0158 -0.0297 0.7496 0.6610
1011.0000 74.9903 -127.9902 10.8372 -0.0161 -0.0297 0.7498 0.6609
1012.0000 73.8423 -128.1293 10.8304 -0.0162 -0.0297 0.7500 0.6606
1013.0000 72.6972 -128.2609 10.7940 -0.0169 -0.0295 0.7501 0.6604
1014.0000 71.5843 -128.4131 10.7510 -0.0175 -0.0294 0.7501 0.6604
1015.0000 70.4569 -128.5477 10.6774 -0.0170 -0.0299 0.7503 0.6603
1016.0000 69.3202 -128.6948 10.5874 -0.0165 -0.0302 0.7504 0.6601
1017.0000 68.2005 -128.8395 10.5225 -0.0165 -0.0309 0.7507 0.6597
1018.0000 67.0736 -128.9749 10.4880 -0.0166 -0.0311 0.7508 0.6596
1019.0000 65.9475 -129.1120 10.4613 -0.0165 -0.0315 0.7508 0.6595
1020.0000 64.8295 -129.2694 10.4308 -0.0164 -0.0317 0.7506 0.6598
1021.0000 63.7136 -129.4071 10.3774 -0.0161 -0.0320 0.7501 0.6603
1022.0000 62.6122 -129.5521 10.2993 -0.0158 -0.0321 0.7495 0.6610
1023.0000 61.5150 -129.6876 10.2181 -0.0156 -0.0326 0.7489 0.6616
1024.0000 60.4155 -129.8056 10.1542 -0.0160 -0.0325 0.7488 0.6618
1025.0000 59.3002 -129.9185 10.1261 -0.0164 -0.0319 0.7487 0.6620
1026.0000 58.2192 -130.0569 10.1282 -0.0174 -0.0309 0.7482 0.6625
1027.0000 57.1357 -130.1946 10.0691 -0.0173 -0.0305 0.7479 0.6629
1028.0000 56.0587 -130.3187 9.9966 -0.0170 -0.0306 0.7477 0.6632
1029.0000 54.9733 -130.4422 9.9191 -0.0166 -0.0306 0.7474 0.6635
1030.0000 53.8929 -130.5714 9.8585 -0.0161 -0.0306 0.7470 0.6639
1031.0000 52.8302 -130.6944 9.8283 -0.0159 -0.0308 0.7467 0.6643
1032.0000 51.7638 -130.8187 9.7886 -0.0158 -0.0309 0.7463 0.6647
1033.0000 50.6914 -130.9227 9.7631 -0.0157 -0.0308 0.7462 0.6648
1034.0000 49.6325 -131.0537 9.7174 -0.0156 -0.0308 0.7459 0.6652
1035.0000 48.5651 -131.1724 9.6572 -0.0152 -0.0309 0.7457 0.6654
1036.0000 47.5260 -131.2905 9.5863 -0.0150 -0.0310 0.7455 0.6656
1037.0000 46.4872 -131.3991 9.5275 -0.0149 -0.0309 0.7457 0.6654
1038.0000 45.4249 -131.5122 9.4916 -0.0151 -0.0305 0.7461 0.6649
1039.0000 44.3768 -131.6271 9.4700 -0.0151 -0.0301 0.7466 0.6645
1040.0000 43.3550 -131.7496 9.4385 -0.0154 -0.0297 0.7468 0.6642
1041.0000 42.3182 -131.8596 9.3745 -0.0152 -0.0297 0.7473 0.6637
1042.0000 41.2818 -131.9818 9.3100 -0.0152 -0.0296 0.7477 0.6632
1043.0000 40.2496 -132.1016 9.2579 -0.0150 -0.0294 0.7481 0.6627
1044.0000 39.2207 -132.2196 9.2305 -0.0151 -0.0290 0.7485 0.6623
1045.0000 38.1772 -132.3449 9.1973 -0.0147 -0.0287 0.7487 0.6621
1046.0000 37.1644 -132.4691 9.1658 -0.0147 -0.0281 0.7489 0.6620
1047.0000 36.1163 -132.6007 9.1202 -0.0145 -0.0276 0.7492 0.6616
1048.0000 35.0709 -132.7278 9.0600 -0.0142 -0.0275 0.7494 0.6614
1049.0000 34.0344 -132.8611 9.0129 -0.0141 -0.0273 0.7497 0.6611
1050.0000 32.9800 -132.9852 8.9557 -0.0139 -0.0275 0.7500 0.6607
1051.0000 31.9193 -133.1194 8.9161 -0.0145 -0.0277 0.7501 0.6606
1052.0000 30.8426 -133.2482 8.8967 -0.0152 -0.0276 0.7504 0.6602
1053.0000 29.7826 -133.3790 8.8572 -0.0151 -0.0268 0.7508 0.6598
1054.0000 28.7262 -133.5066 8.8145 -0.0147 -0.0264 0.7508 0.6598
1055.0000 27.6643 -133.6538 8.7573 -0.0143 -0.0264 0.7507 0.6599
1056.0000 26.5949 -133.7986 8.6968 -0.0139 -0.0268 0.7505 0.6602
1057.0000 25.5303 -133.9280 8.6426 -0.0136 -0.0275 0.7503 0.6604
1058.0000 24.4623 -134.0663 8.6077 -0.0134 -0.0277 0.7501 0.6606
1059.0000 23.3725 -134.1965 8.5631 -0.0131 -0.0280 0.7501 0.6606
1060.0000 22.3043 -134.3336 8.5416 -0.0132 -0.0279 0.7499 0.6608
1061.0000 21.2168 -134.4748 8.5040 -0.0129 -0.0280 0.7498 0.6610
1062.0000 20.1274 -134.6098 8.4608 -0.0127 -0.0280 0.7494 0.6614
1063.0000 19.0536 -134.7419 8.3997 -0.0123 -0.0277 0.7491 0.6618
1064.0000 17.9567 -134.8771 8.3619 -0.0121 -0.0278 0.7486 0.6623
1065.0000 16.8665 -135.0091 8.3114 -0.0120 -0.0278 0.7483 0.6627
1066.0000 15.7764 -135.1294 8.2730 -0.0120 -0.0276 0.7478 0.6632
1067.0000 14.6668 -135.2564 8.2332 -0.0120 -0.0274 0.7474 0.6637
1068.0000 13.5675 -135.3851 8.2052 -0.0118 -0.0274 0.7471 0.6640
1069.0000 12.4559 -135.5113 8.1593 -0.0116 -0.0272 0.7467 0.6645
1070.0000 11.3410 -135.6312 8.1182 -0.0116 -0.0268 0.7464 0.6648
1071.0000 10.2395 -135.7612 8.0808 -0.0115 -0.0264 0.7462 0.6651
1072.0000 9.1242 -135.8779 8.0271 -0.0119 -0.0261 0.7462 0.6651
1073.0000 7.9969 -136.0061 7.9769 -0.0120 -0.0256 0.7464 0.6649
1074.0000 6.8556 -136.1335 7.9322 -0.0118 -0.0255 0.7464 0.6649
1075.0000 5.7377 -136.2565 7.9105 -0.0119 -0.0258 0.7465 0.6647
1076.0000 4.6159 -136.4013 7.8618 -0.0121 -0.0257 0.7465 0.6647
1077.0000 3.4728 -136.5112 7.8138 -0.0121 -0.0260 0.7467 0.6645
1078.0000 2.3497 -136.6385 7.7646 -0.0118 -0.0261 0.7470 0.6642
1079.0000 1.2172 -136.7788 7.7308 -0.0119 -0.0265 0.7471 0.6641
1080.0000 0.0988 -136.9086 7.7030 -0.0117 -0.0270 0.7474 0.6637
1081.0000 -1.0400 -137.0343 7.6572 -0.0118 -0.0271 0.7477 0.6634
1082.0000 -2.1543 -137.1675 7.6253 -0.0115 -0.0275 0.7479 0.6632
1083.0000 -3.2622 -137.3134 7.5810 -0.0113 -0.0275 0.7481 0.6630
1084.0000 -4.3854 -137.4480 7.5226 -0.0112 -0.0277 0.7485 0.6625
1085.0000 -5.5210 -137.5770 7.4859 -0.0110 -0.0282 0.7488 0.6621
1086.0000 -6.6209 -137.7191 7.4560 -0.0109 -0.0286 0.7490 0.6618
1087.0000 -7.7322 -137.8475 7.4233 -0.0110 -0.0288 0.7493 0.6615
1088.0000 -8.8560 -137.9816 7.3817 -0.0110 -0.0287 0.7498 0.6610
1089.0000 -9.9363 -138.1169 7.3440 -0.0111 -0.0285 0.7501 0.6607
1090.0000 -11.0273 -138.2517 7.3128 -0.0110 -0.0284 0.7503 0.6604
1091.0000 -12.1106 -138.3959 7.2644 -0.0108 -0.0284 0.7506 0.6601
1092.0000 -13.1980 -138.5347 7.2377 -0.0111 -0.0288 0.7508 0.6598
1093.0000 -14.2978 -138.6680 7.1815 -0.0109 -0.0292 0.7511 0.6595
1094.0000 -15.3670 -138.8030 7.1392 -0.0111 -0.0289 0.7513 0.6592
1095.0000 -16.4226 -138.9403 7.0808 -0.0112 -0.0283 0.7516 0.6590
1096.0000 -17.4907 -139.0685 7.0523 -0.0111 -0.0281 0.7519 0.6586
1097.0000 -18.5512 -139.2166 7.0368 -0.0120 -0.0275 0.7523 0.6582
1098.0000 -19.6312 -139.3500 7.0244 -0.0121 -0.0272 0.7526 0.6578
1099.0000 -20.6875 -139.4915 6.9808 -0.0123 -0.0271 0.7529 0.6575
1100.0000 -21.7439 -139.6310 6.9355 -0.0124 -0.0270 0.7531 0.6572
1101.0000 -22.8220 -139.7660 6.8754 -0.0123 -0.0269 0.7535 0.6568
1102.0000 -23.8709 -139.9140 6.8331 -0.0119 -0.0270 0.7537 0.6565
1103.0000 -24.9331 -140.0529 6.8042 -0.0120 -0.0267 0.7540 0.6562
1104.0000 -26.0098 -140.2043 6.7645 -0.0121 -0.0265 0.7542 0.6560
1105.0000 -27.0793 -140.3550 6.7186 -0.0121 -0.0263 0.7544 0.6558
1106.0000 -28.1492 -140.4906 6.6909 -0.0116 -0.0263 0.7546 0.6556
1107.0000 -29.2253 -140.6430 6.6604 -0.0116 -0.0262 0.7547 0.6555
1108.0000 -30.3064 -140.7953 6.6411 -0.0116 -0.0261 0.7542 0.6560
1109.0000 -31.3732 -140.9375 6.6016 -0.0119 -0.0256 0.7537 0.6566
1110.0000 -32.4452 -141.0865 6.5402 -0.0114 -0.0257 0.7534 0.6569
1111.0000 -33.5193 -141.2226 6.4827 -0.0116 -0.0259 0.7532 0.6571
1112.0000 -34.5760 -141.3720 6.4439 -0.0115 -0.0258 0.7530 0.6575
1113.0000 -35.6589 -141.5103 6.4288 -0.0114 -0.0259 0.7528 0.6577
1114.0000 -36.7176 -141.6511 6.4150 -0.0112 -0.0258 0.7525 0.6580
1115.0000 -37.7681 -141.7938 6.3839 -0.0110 -0.0257 0.7525 0.6580
1116.0000 -38.8283 -141.9311 6.3386 -0.0109 -0.0259 0.7524 0.6581
1117.0000 -39.8808 -142.0619 6.2930 -0.0113 -0.0256 0.7526 0.6578
1118.0000 -40.9425 -142.2065 6.2485 -0.0114 -0.0254 0.7528 0.6577
1119.0000 -41.9820 -142.3368 6.2276 -0.0115 -0.0253 0.7528 0.6576
1120.0000 -43.0352 -142.4762 6.1915 -0.0114 -0.0254 0.7528 0.6576
1121.0000 -44.0850 -142.6032 6.1717 -0.0117 -0.0257 0.7529 0.6575
1122.0000 -45.1433 -142.7506 6.1505 -0.0121 -0.0257 0.7531 0.6573
1123.0000 -46.1534 -142.8927 6.1123 -0.0119 -0.0258 0.7531 0.6573
1124.0000 -47.1703 -143.0387 6.0710 -0.0115 -0.0255 0.7531 0.6574
1125.0000 -48.2069 -143.1624 6.0279 -0.0113 -0.0255 0.7533 0.6571
1126.0000 -49.2124 -143.2996 5.9846 -0.0105 -0.0255 0.7534 0.6570
1127.0000 -50.2382 -143.4537 5.9628 -0.0099 -0.0256 0.7535 0.6568
1128.0000 -51.2594 -143.5907 5.9359 -0.0097 -0.0257 0.7537 0.6566
1129.0000 -52.2672 -143.7267 5.9190 -0.0096 -0.0256 0.7539 0.6564
1130.0000 -53.2825 -143.8651 5.8833 -0.0092 -0.0256 0.7540 0.6563
1131.0000 -54.3128 -143.9994 5.8287 -0.0087 -0.0257 0.7541 0.6563
1132.0000 -55.3360 -144.1468 5.7994 -0.0085 -0.0254 0.7542 0.6561
1133.0000 -56.3735 -144.2832 5.7846 -0.0082 -0.0254 0.7546 0.6557
1134.0000 -57.3991 -144.4251 5.7600 -0.0082 -0.0252 0.7546 0.6557
1135.0000 -58.4332 -144.5676 5.7438 -0.0081 -0.0254 0.7547 0.6556
1136.0000 -59.4547 -144.7097 5.7181 -0.0078 -0.0251 0.7548 0.6555
1137.0000 -60.4834 -144.8558 5.6971 -0.0079 -0.0250 0.7550 0.6552
1138.0000 -61.4981 -144.9943 5.6417 -0.0080 -0.0253 0.7551 0.6550
1139.0000 -62.5418 -145.1438 5.6097 -0.0081 -0.0255 0.7553 0.6549
1140.0000 -63.5611 -145.2818 5.5579 -0.0077 -0.0253 0.7554 0.6547
1141.0000 -64.5947 -145.4269 5.5369 -0.0075 -0.0257 0.7554 0.6547
1142.0000 -65.6243 -145.5751 5.5119 -0.0080 -0.0254 0.7556 0.6545
1143.0000 -66.6588 -145.7170 5.5248 -0.0084 -0.0248 0.7559 0.6542
1144.0000 -67.6674 -145.8665 5.4982 -0.0083 -0.0241 0.7559 0.6542
1145.0000 -68.7002 -146.0064 5.4527 -0.0085 -0.0240 0.7561 0.6540
1146.0000 -69.7150 -146.1580 5.4048 -0.0086 -0.0241 0.7561 0.6540
1147.0000 -70.7377 -146.2919 5.3693 -0.0082 -0.0243 0.7564 0.6536
1148.0000 -71.7610 -146.4411 5.3392 -0.0081 -0.0242 0.7566 0.6534
1149.0000 -72.7798 -146.5832 5.3194 -0.0082 -0.0244 0.7568 0.6531
1150.0000 -73.7811 -146.7302 5.3197 -0.0085 -0.0243 0.7569 0.6530
1151.0000 -74.7762 -146.8803 5.3069 -0.0085 -0.0242 0.7571 0.6528
1152.0000 -75.7889 -147.0297 5.2731 -0.0087 -0.0242 0.7572 0.6527
1153.0000 -76.8002 -147.1742 5.2216 -0.0086 -0.0243 0.7573 0.6525
1154.0000 -77.7984 -147.3161 5.1823 -0.0083 -0.0241 0.7574 0.6524
1155.0000 -78.7696 -147.4575 5.1431 -0.0080 -0.0238 0.7575 0.6523
1156.0000 -79.7582 -147.6075 5.1356 -0.0075 -0.0240 0.7575 0.6523
1157.0000 -80.7485 -147.7447 5.1399 -0.0073 -0.0239 0.7576 0.6522
1158.0000 -81.7344 -147.9004 5.1369 -0.0071 -0.0240 0.7575 0.6524
1159.0000 -82.6956 -148.0465 5.1065 -0.0067 -0.0241 0.7571 0.6528
1160.0000 -83.6844 -148.2035 5.0499 -0.0059 -0.0246 0.7567 0.6533
1161.0000 -84.6593 -148.3385 5.0183 -0.0053 -0.0250 0.7562 0.6538
1162.0000 -85.5878 -148.4709 5.0058 -0.0053 -0.0253 0.7556 0.6545
1163.0000 -86.5318 -148.5872 4.9963 -0.0053 -0.0255 0.7551 0.6551
1164.0000 -87.4626 -148.7162 4.9771 -0.0055 -0.0256 0.7546 0.6557
1165.0000 -88.3780 -148.8418 4.9686 -0.0051 -0.0259 0.7541 0.6562
1166.0000 -89.2609 -148.9611 4.9746 -0.0050 -0.0259 0.7536 0.6568
1167.0000 -90.1178 -149.0790 4.9356 -0.0048 -0.0259 0.7528 0.6577
1168.0000 -90.9799 -149.1887 4.8943 -0.0048 -0.0259 0.7521 0.6585
1169.0000 -91.8010 -149.3023 4.8821 -0.0046 -0.0263 0.7515 0.6591
1170.0000 -92.5950 -149.4013 4.8596 -0.0042 -0.0264 0.7510 0.6598
1171.0000 -93.3657 -149.4756 4.8464 -0.0041 -0.0263 0.7506 0.6603
1172.0000 -94.1034 -149.5721 4.8598 -0.0041 -0.0262 0.7501 0.6608
1173.0000 -94.8018 -149.6550 4.8579 -0.0039 -0.0264 0.7497 0.6612
1174.0000 -95.4800 -149.7376 4.8482 -0.0037 -0.0264 0.7497 0.6613
1175.0000 -96.1346 -149.8054 4.8404 -0.0036 -0.0262 0.7497 0.6612
1176.0000 -96.7806 -149.8870 4.8168 -0.0036 -0.0262 0.7499 0.6610
1177.0000 -97.3520 -149.9558 4.8052 -0.0036 -0.0260 0.7503 0.6606
1178.0000 -97.9193 -150.0276 4.7935 -0.0034 -0.0260 0.7507 0.6601
1179.0000 -98.4797 -150.1079 4.7941 -0.0035 -0.0258 0.7510 0.6597
1180.0000 -99.0026 -150.1621 4.7830 -0.0035 -0.0255 0.7517 0.6590
1181.0000 -99.4954 -150.2254 4.7637 -0.0033 -0.0253 0.7525 0.6581
1182.0000 -99.9689 -150.2946 4.7618 -0.0034 -0.0252 0.7533 0.6572
1183.0000 -100.4195 -150.3573 4.7614 -0.0034 -0.0251 0.7540 0.6564
1184.0000 -100.8499 -150.4170 4.7513 -0.0033 -0.0251 0.7547 0.6556
1185.0000 -101.2500 -150.4755 4.7462 -0.0031 -0.0250 0.7555 0.6546
1186.0000 -101.6206 -150.5326 4.7321 -0.0028 -0.0250 0.7565 0.6535
1187.0000 -101.9842 -150.5797 4.7256 -0.0027 -0.0249 0.7574 0.6525
1188.0000 -102.3219 -150.6365 4.7149 -0.0025 -0.0249 0.7579 0.6518
1189.0000 -102.6513 -150.6816 4.7130 -0.0025 -0.0248 0.7586 0.6511
1190.0000 -102.9639 -150.7244 4.7175 -0.0026 -0.0247 0.7594 0.6501
1191.0000 -103.2647 -150.7748 4.7195 -0.0027 -0.0245 0.7599 0.6496
1192.0000 -103.5413 -150.8183 4.7103 -0.0024 -0.0246 0.7605 0.6489
1193.0000 -103.8217 -150.8708 4.7045 -0.0022 -0.0247 0.7612 0.6481
1194.0000 -104.0744 -150.9179 4.7038 -0.0021 -0.0248 0.7616 0.6476
1195.0000 -104.3258 -150.9702 4.6902 -0.0017 -0.0249 0.7622 0.6468
1196.0000 -104.5483 -150.9928 4.6981 -0.0018 -0.0248 0.7627 0.6463
1197.0000 -104.7662 -151.0361 4.6900 -0.0019 -0.0246 0.7631 0.6458
1198.0000 -104.9756 -151.0655 4.6992 -0.0019 -0.0244 0.7635 0.6454
1199.0000 -105.1823 -151.1059 4.6914 -0.0017 -0.0244 0.7639 0.6449
1200.0000 -105.3615 -151.1376 4.6905 -0.0016 -0.0245 0.7644 0.6443
1201.0000 -105.5688 -151.1653 4.6807 -0.0016 -0.0244 0.7647 0.6439
1202.0000 -105.7588 -151.1987 4.6703 -0.0016 -0.0243 0.7650 0.6436
1203.0000 -105.9248 -151.2363 4.6718 -0.0015 -0.0242 0.7652 0.6433
1204.0000 -106.0996 -151.2666 4.6690 -0.0015 -0.0243 0.7657 0.6427
1205.0000 -106.2581 -151.2953 4.6693 -0.0014 -0.0243 0.7660 0.6424
1206.0000 -106.4171 -151.3207 4.6689 -0.0014 -0.0244 0.7662 0.6422
1207.0000 -106.5762 -151.3495 4.6754 -0.0014 -0.0243 0.7664 0.6419
1208.0000 -106.7186 -151.3806 4.6678 -0.0014 -0.0244 0.7666 0.6417
1209.0000 -106.8526 -151.4091 4.6570 -0.0013 -0.0243 0.7669 0.6413
1210.0000 -106.9671 -151.4283 4.6560 -0.0013 -0.0243 0.7672 0.6410
1211.0000 -107.0996 -151.4497 4.6561 -0.0013 -0.0242 0.7674 0.6407
1212.0000 -107.2210 -151.4710 4.6546 -0.0013 -0.0243 0.7675 0.6406
1213.0000 -107.3213 -151.4862 4.6567 -0.0012 -0.0243 0.7677 0.6403
1214.0000 -107.4280 -151.5140 4.6535 -0.0012 -0.0242 0.7680 0.6400
1215.0000 -107.5240 -151.5348 4.6571 -0.0011 -0.0243 0.7680 0.6399
1216.0000 -107.6186 -151.5469 4.6564 -0.0011 -0.0243 0.7681 0.6398
1217.0000 -107.7070 -151.5577 4.6503 -0.0011 -0.0243 0.7684 0.6395
1218.0000 -107.7774 -151.5642 4.6467 -0.0010 -0.0243 0.7686 0.6392
1219.0000 -107.8333 -151.5797 4.6468 -0.0010 -0.0243 0.7687 0.6392
1220.0000 -107.8869 -151.5832 4.6418 -0.0010 -0.0241 0.7689 0.6389
1221.0000 -107.9418 -151.5872 4.6489 -0.0010 -0.0241 0.7690 0.6388
1222.0000 -107.9750 -151.5978 4.6465 -0.0009 -0.0241 0.7690 0.6388
1223.0000 -108.0168 -151.6105 4.6460 -0.0010 -0.0241 0.7691 0.6387
1224.0000 -108.0400 -151.6172 4.6418 -0.0010 -0.0241 0.7691 0.6387
1225.0000 -108.0653 -151.6198 4.6437 -0.0010 -0.0241 0.7692 0.6386
1226.0000 -108.0822 -151.6263 4.6414 -0.0010 -0.0240 0.7692 0.6385
1227.0000 -108.0972 -151.6259 4.6498 -0.0009 -0.0242 0.7692 0.6385
1228.0000 -108.0901 -151.6270 4.6489 -0.0009 -0.0241 0.7692 0.6386
1229.0000 -108.0791 -151.6196 4.6506 -0.0009 -0.0241 0.7692 0.6385
1230.0000 -108.0809 -151.6168 4.6465 -0.0009 -0.0240 0.7693 0.6385
1231.0000 -108.0842 -151.6199 4.6433 -0.0009 -0.0239 0.7692 0.6385
1232.0000 -108.0854 -151.6231 4.6395 -0.0009 -0.0239 0.7692 0.6385
1233.0000 -108.0905 -151.6215 4.6407 -0.0009 -0.0239 0.7692 0.6385
1234.0000 -108.0835 -151.6260 4.6426 -0.0009 -0.0239 0.7692 0.6386
1235.0000 -108.0795 -151.6247 4.6434 -0.0009 -0.0239 0.7692 0.6385
1236.0000 -108.0879 -151.6251 4.6404 -0.0009 -0.0239 0.7692 0.6386
1237.0000 -108.0873 -151.6267 4.6410 -0.0009 -0.0239 0.7692 0.6385
1238.0000 -108.0886 -151.6274 4.6395 -0.0009 -0.0239 0.7692 0.6385
1239.0000 -108.0886 -151.6236 4.6406 -0.0009 -0.0240 0.7692 0.6385
1240.0000 -108.0845 -151.6263 4.6425 -0.0008 -0.0240 0.7692 0.6386
1241.0000 -108.0940 -151.6229 4.6407 -0.0008 -0.0239 0.7692 0.6385
1242.0000 -108.0870 -151.6262 4.6376 -0.0009 -0.0239 0.7692 0.6385
1243.0000 -108.0847 -151.6269 4.6406 -0.0009 -0.0239 0.7692 0.6385
1244.0000 -108.0865 -151.6239 4.6419 -0.0009 -0.0239 0.7692 0.6385
1245.0000 -108.0859 -151.6203 4.6448 -0.0009 -0.0239 0.7693 0.6385
1246.0000 -108.0860 -151.6265 4.6433 -0.0009 -0.0239 0.7692 0.6385
1247.0000 -108.0882 -151.6240 4.6453 -0.0008 -0.0240 0.7692 0.6385
1248.0000 -108.0864 -151.6250 4.6420 -0.0009 -0.0239 0.7692 0.6385
1249.0000 -108.0851 -151.6236 4.6389 -0.0009 -0.0239 0.7693 0.6385
1250.0000 -108.0899 -151.6239 4.6430 -0.0009 -0.0239 0.7692 0.6385
1251.0000 -108.0866 -151.6255 4.6433 -0.0009 -0.0239 0.7692 0.6385
1252.0000 -108.0848 -151.6228 4.6455 -0.0009 -0.0240 0.7692 0.6385
1253.0000 -108.0887 -151.6237 4.6408 -0.0009 -0.0239 0.7692 0.6385
1254.0000 -108.0857 -151.6256 4.6418 -0.0009 -0.0239 0.7692 0.6385
1255.0000 -108.0821 -151.6245 4.6414 -0.0009 -0.0239 0.7692 0.6385
1256.0000 -108.0851 -151.6267 4.6439 -0.0008 -0.0239 0.7692 0.6385
1257.0000 -108.0870 -151.6274 4.6437 -0.0009 -0.0240 0.7692 0.6385
1258.0000 -108.0843 -151.6240 4.6420 -0.0009 -0.0239 0.7692 0.6385
1259.0000 -108.0851 -151.6250 4.6437 -0.0009 -0.0239 0.7692 0.6385
1260.0000 -108.0852 -151.6259 4.6434 -0.0009 -0.0239 0.7692 0.6385
1261.0000 -108.0855 -151.6259 4.6402 -0.0009 -0.0239 0.7692 0.6385
1262.0000 -108.0855 -151.6251 4.6429 -0.0008 -0.0239 0.7692 0.6385
1263.0000 -108.0897 -151.6250 4.6429 -0.0009 -0.0239 0.7692 0.6385
1264.0000 -108.0899 -151.6249 4.6424 -0.0009 -0.0239 0.7693 0.6385
1265.0000 -108.0862 -151.6228 4.6403 -0.0009 -0.0239 0.7693 0.6385
1266.0000 -108.0892 -151.6248 4.6419 -0.0009 -0.0239 0.7692 0.6385
1267.0000 -108.0841 -151.6264 4.6411 -0.0009 -0.0239 0.7692 0.6385
1268.0000 -108.0838 -151.6239 4.6416 -0.0009 -0.0239 0.7693 0.6385
1269.0000 -108.0836 -151.6258 4.6434 -0.0009 -0.0239 0.7693 0.6385
1270.0000 -108.0881 -151.6214 4.6416 -0.0009 -0.0239 0.7693 0.6385
1271.0000 -108.0892 -151.6227 4.6412 -0.0009 -0.0239 0.7693 0.6385
1272.0000 -108.0888 -151.6234 4.6426 -0.0009 -0.0239 0.7693 0.6385
1273.0000 -108.0912 -151.6208 4.6424 -0.0009 -0.0239 0.7692 0.6385
1274.0000 -108.0935 -151.6252 4.6399 -0.0009 -0.0239 0.7692 0.6385
1275.0000 -108.0897 -151.6197 4.6423 -0.0009 -0.0239 0.7693 0.6385
1276.0000 -108.0895 -151.6224 4.6410 -0.0009 -0.0239 0.7693 0.6385
1277.0000 -108.0886 -151.6242 4.6424 -0.0009 -0.0239 0.7692 0.6385
1278.0000 -108.0926 -151.6241 4.6454 -0.0008 -0.0240 0.7693 0.6385
1279.0000 -108.0849 -151.6216 4.6448 -0.0009 -0.0239 0.7692 0.6385
1280.0000 -108.0884 -151.6221 4.6441 -0.0009 -0.0239 0.7693 0.6385
1281.0000 -108.0859 -151.6254 4.6413 -0.0009 -0.0239 0.7693 0.6385
1282.0000 -108.0906 -151.6194 4.6422 -0.0009 -0.0239 0.7693 0.6385
1283.0000 -108.0914 -151.6232 4.6403 -0.0009 -0.0239 0.7693 0.6385
1284.0000 -108.0872 -151.6232 4.6385 -0.0009 -0.0239 0.7692 0.6385
1285.0000 -108.0913 -151.6269 4.6430 -0.0009 -0.0240 0.7692 0.6385
1286.0000 -108.0928 -151.6225 4.6421 -0.0009 -0.0239 0.7693 0.6385
1287.0000 -108.0900 -151.6232 4.6415 -0.0009 -0.0239 0.7692 0.6385
1288.0000 -108.0900 -151.6225 4.6443 -0.0008 -0.0240 0.7692 0.6385
1289.0000 -108.0888 -151.6231 4.6432 -0.0009 -0.0239 0.7692 0.6385
1290.0000 -108.0882 -151.6242 4.6440 -0.0008 -0.0240 0.7692 0.6385
1291.0000 -108.0866 -151.6263 4.6468 -0.0008 -0.0240 0.7692 0.6385
1292.0000 -108.0918 -151.6252 4.6438 -0.0008 -0.0240 0.7692 0.6385
1293.0000 -108.0882 -151.6271 4.6411 -0.0008 -0.0240 0.7692 0.6385
1294.0000 -108.0863 -151.6283 4.6425 -0.0008 -0.0240 0.7692 0.6385
1295.0000 -108.0844 -151.6230 4.6439 -0.0008 -0.0240 0.7693 0.6385
1296.0000 -108.0842 -151.6236 4.6419 -0.0009 -0.0239 0.7692 0.6385
1297.0000 -108.0856 -151.6233 4.6448 -0.0009 -0.0240 0.7692 0.6385
1298.0000 -108.0861 -151.6233 4.6448 -0.0008 -0.0240 0.7693 0.6385
1299.0000 -108.0851 -151.6239 4.6450 -0.0009 -0.0240 0.7693 0.6385
1300.0000 -108.0847 -151.6251 4.6469 -0.0009 -0.0240 0.7692 0.6385
1301.0000 -108.0863 -151.6260 4.6441 -0.0009 -0.0240 0.7692 0.6385
1302.0000 -108.0891 -151.6210 4.6429 -0.0008 -0.0240 0.7692 0.6385
1303.0000 -108.0904 -151.6253 4.6428 -0.0008 -0.0240 0.7692 0.6385
1304.0000 -108.0870 -151.6215 4.6439 -0.0008 -0.0240 0.7693 0.6385
1305.0000 -108.0886 -151.6246 4.6425 -0.0008 -0.0239 0.7692 0.6385
1306.0000 -108.0884 -151.6259 4.6421 -0.0009 -0.0239 0.7692 0.6385
1307.0000 -108.0863 -151.6229 4.6438 -0.0008 -0.0240 0.7692 0.6385
1308.0000 -108.0840 -151.6231 4.6412 -0.0009 -0.0239 0.7692 0.6385
1309.0000 -108.0886 -151.6234 4.6400 -0.0008 -0.0239 0.7693 0.6385
1310.0000 -108.0906 -151.6227 4.6443 -0.0008 -0.0240 0.7693 0.6385
1311.0000 -108.0888 -151.6217 4.6459 -0.0008 -0.0240 0.7693 0.6385
1312.0000 -108.0922 -151.6250 4.6465 -0.0009 -0.0240 0.7693 0.6385
1313.0000 -108.0928 -151.6254 4.6477 -0.0009 -0.0240 0.7692 0.6385
1314.0000 -108.0851 -151.6231 4.6480 -0.0008 -0.0240 0.7692 0.6385
1315.0000 -108.0852 -151.6244 4.6484 -0.0008 -0.0240 0.7693 0.6385
1316.0000 -108.0881 -151.6279 4.6441 -0.0009 -0.0240 0.7692 0.6385
1317.0000 -108.0876 -151.6221 4.6430 -0.0009 -0.0239 0.7693 0.6385
1318.0000 -108.0915 -151.6213 4.6426 -0.0009 -0.0240 0.7692 0.6385
1319.0000 -108.0896 -151.6230 4.6446 -0.0009 -0.0240 0.7692 0.6385
1320.0000 -108.0883 -151.6214 4.6450 -0.0009 -0.0239 0.7693 0.6385
1321.0000 -108.0866 -151.6208 4.6453 -0.0009 -0.0240 0.7693 0.6385
1322.0000 -108.0882 -151.6253 4.6409 -0.0008 -0.0239 0.7692 0.6385
1323.0000 -108.0873 -151.6255 4.6432 -0.0009 -0.0240 0.7692 0.6385
1324.0000 -108.0811 -151.6250 4.6449 -0.0009 -0.0240 0.7692 0.6385
1325.0000 -108.0872 -151.6230 4.6439 -0.0009 -0.0240 0.7692 0.6385
1326.0000 -108.0891 -151.6253 4.6433 -0.0009 -0.0239 0.7692 0.6385
1327.0000 -108.0865 -151.6221 4.6441 -0.0008 -0.0239 0.7692 0.6385
1328.0000 -108.0813 -151.6212 4.6424 -0.0009 -0.0239 0.7692 0.6385
1329.0000 -108.0844 -151.6229 4.6454 -0.0008 -0.0240 0.7692 0.6385
1330.0000 -108.0857 -151.6226 4.6426 -0.0008 -0.0240 0.7692 0.6385
1331.0000 -108.0857 -151.6191 4.6428 -0.0009 -0.0239 0.7692 0.6385
1332.0000 -108.0855 -151.6171 4.6441 -0.0008 -0.0240 0.7693 0.6385
1333.0000 -108.0851 -151.6231 4.6442 -0.0009 -0.0239 0.7692 0.6385
1334.0000 -108.0855 -151.6286 4.6436 -0.0008 -0.0240 0.7692 0.6385
1335.0000 -108.0861 -151.6246 4.6426 -0.0009 -0.0239 0.7692 0.6385
1336.0000 -108.0861 -151.6254 4.6434 -0.0009 -0.0239 0.7692 0.6385
1337.0000 -108.0833 -151.6236 4.6431 -0.0009 -0.0239 0.7692 0.6385
1338.0000 -108.0841 -151.6218 4.6428 -0.0009 -0.0239 0.7693 0.6385
1339.0000 -108.0853 -151.6217 4.6419 -0.0009 -0.0239 0.7692 0.6385
1340.0000 -108.0867 -151.6273 4.6450 -0.0008 -0.0240 0.7692 0.6385
1341.0000 -108.0883 -151.6220 4.6424 -0.0009 -0.0240 0.7692 0.6385
1342.0000 -108.0937 -151.6235 4.6425 -0.0008 -0.0240 0.7692 0.6385
1343.0000 -108.0929 -151.6218 4.6451 -0.0008 -0.0240 0.7693 0.6385
1344.0000 -108.0881 -151.6200 4.6442 -0.0009 -0.0240 0.7692 0.6385
1345.0000 -108.0933 -151.6222 4.6466 -0.0009 -0.0240 0.7692 0.6385
1346.0000 -108.0881 -151.6256 4.6435 -0.0008 -0.0240 0.7692 0.6386
1347.0000 -108.0885 -151.6280 4.6444 -0.0008 -0.0240 0.7692 0.6386
1348.0000 -108.0906 -151.6240 4.6438 -0.0009 -0.0239 0.7692 0.6385
1349.0000 -108.0889 -151.6199 4.6421 -0.0009 -0.0239 0.7693 0.6385
1350.0000 -108.0872 -151.6215 4.6403 -0.0009 -0.0239 0.7692 0.6385
1351.0000 -108.0882 -151.6223 4.6423 -0.0008 -0.0239 0.7693 0.6385
1352.0000 -108.0854 -151.6238 4.6453 -0.0009 -0.0240 0.7692 0.6385
1353.0000 -108.0849 -151.6227 4.6447 -0.0008 -0.0240 0.7692 0.6385
1354.0000 -108.0882 -151.6228 4.6443 -0.0008 -0.0240 0.7692 0.6385
1355.0000 -108.0841 -151.6233 4.6420 -0.0009 -0.0239 0.7692 0.6385
1356.0000 -108.0839 -151.6201 4.6452 -0.0009 -0.0240 0.7692 0.6385
1357.0000 -108.0874 -151.6215 4.6428 -0.0009 -0.0239 0.7693 0.6385
1358.0000 -108.0848 -151.6219 4.6422 -0.0009 -0.0239 0.7692 0.6385
1359.0000 -108.0907 -151.6191 4.6407 -0.0009 -0.0239 0.7692 0.6385
1360.0000 -108.0894 -151.6220 4.6421 -0.0009 -0.0239 0.7692 0.6385
1361.0000 -108.0868 -151.6230 4.6448 -0.0009 -0.0240 0.7692 0.6385
1362.0000 -108.0876 -151.6192 4.6433 -0.0009 -0.0239 0.7693 0.6385
1363.0000 -108.0930 -151.6223 4.6467 -0.0009 -0.0240 0.7693 0.6385
1364.0000 -108.0916 -151.6220 4.6440 -0.0009 -0.0239 0.7692 0.6385
1365.0000 -108.0915 -151.6172 4.6430 -0.0009 -0.0239 0.7693 0.6385
1366.0000 -108.0894 -151.6209 4.6437 -0.0009 -0.0239 0.7693 0.6385
1367.0000 -108.0837 -151.6247 4.6423 -0.0009 -0.0239 0.7693 0.6385
1368.0000 -108.0808 -151.6214 4.6461 -0.0009 -0.0240 0.7692 0.6385
1369.0000 -108.0840 -151.6210 4.6428 -0.0009 -0.0239 0.7692 0.6385
1370.0000 -108.0804 -151.6214 4.6439 -0.0008 -0.0240 0.7692 0.6385
1371.0000 -108.0826 -151.6240 4.6426 -0.0008 -0.0240 0.7692 0.6385
1372.0000 -108.0854 -151.6234 4.6423 -0.0009 -0.0239 0.7692 0.6385
1373.0000 -108.0825 -151.6189 4.6447 -0.0009 -0.0239 0.7693 0.6385
1374.0000 -108.0870 -151.6167 4.6431 -0.0009 -0.0240 0.7693 0.6385
1375.0000 -108.0880 -151.6223 4.6416 -0.0008 -0.0239 0.7693 0.6385
1376.0000 -108.0856 -151.6218 4.6429 -0.0009 -0.0239 0.7693 0.6385
1377.0000 -108.0860 -151.6208 4.6431 -0.0009 -0.0239 0.7693 0.6385
1378.0000 -108.0856 -151.6231 4.6420 -0.0009 -0.0239 0.7693 0.6385
1379.0000 -108.0859 -151.6193 4.6434 -0.0009 -0.0239 0.7693 0.6385
1380.0000 -108.0900 -151.6219 4.6411 -0.0008 -0.0239 0.7693 0.6385
1381.0000 -108.0832 -151.6259 4.6438 -0.0008 -0.0240 0.7692 0.6385
1382.0000 -108.0870 -151.6177 4.6442 -0.0009 -0.0239 0.7693 0.6385
1383.0000 -108.0862 -151.6149 4.6431 -0.0008 -0.0239 0.7693 0.6384
1384.0000 -108.0848 -151.6193 4.6452 -0.0009 -0.0240 0.7693 0.6385
1385.0000 -108.0860 -151.6212 4.6463 -0.0008 -0.0240 0.7692 0.6385
1386.0000 -108.0859 -151.6219 4.6459 -0.0009 -0.0240 0.7692 0.6385
1387.0000 -108.0952 -151.6258 4.6445 -0.0008 -0.0240 0.7692 0.6385
1388.0000 -108.0856 -151.6234 4.6449 -0.0009 -0.0239 0.7692 0.6385
1389.0000 -108.0862 -151.6245 4.6444 -0.0009 -0.0239 0.7692 0.6385
1390.0000 -108.0822 -151.6192 4.6464 -0.0009 -0.0239 0.7692 0.6385
1391.0000 -108.0859 -151.6199 4.6444 -0.0009 -0.0239 0.7692 0.6385
1392.0000 -108.0858 -151.6192 4.6412 -0.0009 -0.0239 0.7693 0.6385
1393.0000 -108.0836 -151.6206 4.6416 -0.0009 -0.0239 0.7693 0.6385
1394.0000 -108.0797 -151.6212 4.6398 -0.0009 -0.0239 0.7692 0.6385
1395.0000 -108.0802 -151.6202 4.6389 -0.0009 -0.0239 0.7692 0.6385
1396.0000 -108.0845 -151.6185 4.6437 -0.0009 -0.0240 0.7692 0.6385
1397.0000 -108.0860 -151.6207 4.6398 -0.0008 -0.0239 0.7692 0.6385
1398.0000 -108.0883 -151.6238 4.6442 -0.0008 -0.0240 0.7692 0.6385
1399.0000 -108.0837 -151.6212 4.6453 -0.0009 -0.0240 0.7693 0.6385
1400.0000 -108.0855 -151.6222 4.6470 -0.0009 -0.0240 0.7692 0.6385
1401.0000 -108.0878 -151.6220 4.6433 -0.0009 -0.0239 0.7692 0.6385
1402.0000 -108.0933 -151.6241 4.6450 -0.0009 -0.0239 0.7692 0.6385
1403.0000 -108.0883 -151.6222 4.6411 -0.0009 -0.0239 0.7692 0.6385
1404.0000 -108.0831 -151.6207 4.6446 -0.0009 -0.0239 0.7693 0.6385
1405.0000 -108.0871 -151.6175 4.6458 -0.0009 -0.0240 0.7693 0.6385
1406.0000 -108.0864 -151.6206 4.6442 -0.0009 -0.0239 0.7693 0.6385
1407.0000 -108.0832 -151.6214 4.6454 -0.0009 -0.0239 0.7692 0.6385
1408.0000 -108.0798 -151.6212 4.6435 -0.0008 -0.0240 0.7692 0.6385
1409.0000 -108.0834 -151.6227 4.6431 -0.0009 -0.0239 0.7693 0.6385
1410.0000 -108.0862 -151.6228 4.6436 -0.0008 -0.0240 0.7693 0.6385
1411.0000 -108.0912 -151.6237 4.6475 -0.0008 -0.0240 0.7692 0.6385
1412.0000 -108.0899 -151.6189 4.6450 -0.0009 -0.0240 0.7693 0.6385
1413.0000 -108.0782 -151.6178 4.6387 -0.0009 -0.0238 0.7693 0.6385
1414.0000 -108.0780 -151.6253 4.6362 -0.0009 -0.0238 0.7692 0.6386
1415.0000 -108.0811 -151.6287 4.6413 -0.0008 -0.0240 0.7692 0.6385
1416.0000 -108.0915 -151.6215 4.6465 -0.0009 -0.0240 0.7693 0.6385
1417.0000 -108.0806 -151.6202 4.6417 -0.0009 -0.0239 0.7692 0.6385
1418.0000 -108.0748 -151.6243 4.6390 -0.0009 -0.0239 0.7692 0.6385
1419.0000 -108.0783 -151.6206 4.6433 -0.0008 -0.0240 0.7692 0.6386
1420.0000 -108.0864 -151.6253 4.6467 -0.0008 -0.0240 0.7692 0.6385
1421.0000 -108.0942 -151.6247 4.6446 -0.0009 -0.0239 0.7693 0.6385
1422.0000 -108.0747 -151.6169 4.6403 -0.0009 -0.0239 0.7693 0.6385
1423.0000 -108.0781 -151.6207 4.6391 -0.0009 -0.0239 0.7693 0.6385
1424.0000 -108.0825 -151.6243 4.6430 -0.0009 -0.0239 0.7693 0.6385
1425.0000 -108.0873 -151.6264 4.6476 -0.0008 -0.0240 0.7692 0.6385
1426.0000 -108.0928 -151.6267 4.6452 -0.0009 -0.0239 0.7692 0.6385
1427.0000 -108.0777 -151.6193 4.6433 -0.0009 -0.0239 0.7692 0.6385
1428.0000 -108.0793 -151.6249 4.6402 -0.0009 -0.0239 0.7692 0.6385
1429.0000 -108.0859 -151.6232 4.6406 -0.0008 -0.0239 0.7692 0.6385
1430.0000 -108.0920 -151.6268 4.6444 -0.0008 -0.0240 0.7692 0.6385
1431.0000 -108.0940 -151.6259 4.6457 -0.0009 -0.0240 0.7692 0.6385
1432.0000 -108.0853 -151.6231 4.6419 -0.0009 -0.0239 0.7692 0.6385
1433.0000 -108.0876 -151.6209 4.6417 -0.0009 -0.0239 0.7692 0.6385
1434.0000 -108.0832 -151.6253 4.6417 -0.0009 -0.0240 0.7692 0.6385
1435.0000 -108.0864 -151.6269 4.6431 -0.0009 -0.0240 0.7692 0.6385
1436.0000 -108.0909 -151.6231 4.6438 -0.0009 -0.0239 0.7692 0.6385
1437.0000 -108.0830 -151.6232 4.6383 -0.0009 -0.0238 0.7693 0.6385
1438.0000 -108.0767 -151.6226 4.6433 -0.0009 -0.0239 0.7692 0.6385
1439.0000 -108.0839 -151.6259 4.6406 -0.0009 -0.0239 0.7692 0.6385
1440.0000 -108.0859 -151.6244 4.6444 -0.0008 -0.0240 0.7692 0.6385
1441.0000 -108.0872 -151.6255 4.6468 -0.0008 -0.0240 0.7692 0.6385
1442.0000 -108.0858 -151.6233 4.6420 -0.0010 -0.0239 0.7693 0.6385
1443.0000 -108.0787 -151.6212 4.6397 -0.0009 -0.0238 0.7692 0.6385
1444.0000 -108.0775 -151.6247 4.6370 -0.0009 -0.0238 0.7692 0.6385
1445.0000 -108.0782 -151.6253 4.6433 -0.0008 -0.0240 0.7692 0.6385
1446.0000 -108.0855 -151.6289 4.6464 -0.0009 -0.0240 0.7692 0.6386
1447.0000 -108.0936 -151.6286 4.6451 -0.0009 -0.0240 0.7692 0.6385
1448.0000 -108.0871 -151.6196 4.6422 -0.0009 -0.0239 0.7693 0.6385
1449.0000 -108.0841 -151.6221 4.6412 -0.0009 -0.0239 0.7693 0.6385
1450.0000 -108.0842 -151.6208 4.6401 -0.0009 -0.0239 0.7693 0.6385
1451.0000 -108.0897 -151.6254 4.6424 -0.0009 -0.0239 0.7692 0.6385
1452.0000 -108.0898 -151.6233 4.6428 -0.0008 -0.0239 0.7693 0.6385
1453.0000 -108.0881 -151.6266 4.6423 -0.0009 -0.0240 0.7692 0.6385
1454.0000 -108.0918 -151.6252 4.6431 -0.0009 -0.0240 0.7692 0.6385
1455.0000 -108.0951 -151.6254 4.6457 -0.0009 -0.0240 0.7693 0.6385
1456.0000 -108.0856 -151.6183 4.6420 -0.0009 -0.0239 0.7693 0.6385
1457.0000 -108.0870 -151.6170 4.6438 -0.0009 -0.0239 0.7693 0.6385
1458.0000 -108.0862 -151.6238 4.6373 -0.0008 -0.0239 0.7692 0.6385
1459.0000 -108.0863 -151.6216 4.6432 -0.0008 -0.0240 0.7693 0.6385
1460.0000 -108.0864 -151.6241 4.6435 -0.0008 -0.0240 0.7693 0.6385
1461.0000 -108.0882 -151.6224 4.6423 -0.0009 -0.0240 0.7693 0.6385
1462.0000 -108.0905 -151.6216 4.6433 -0.0009 -0.0240 0.7692 0.6385
1463.0000 -108.0864 -151.6200 4.6426 -0.0009 -0.0239 0.7693 0.6385
1464.0000 -108.0872 -151.6247 4.6420 -0.0009 -0.0239 0.7692 0.6385
1465.0000 -108.0870 -151.6245 4.6443 -0.0008 -0.0240 0.7692 0.6385
1466.0000 -108.0830 -151.6255 4.6424 -0.0009 -0.0240 0.7692 0.6385
1467.0000 -108.0900 -151.6264 4.6459 -0.0008 -0.0240 0.7692 0.6385
1468.0000 -108.0919 -151.6201 4.6442 -0.0009 -0.0240 0.7693 0.6385
1469.0000 -108.0857 -151.6178 4.6403 -0.0009 -0.0239 0.7693 0.6384
1470.0000 -108.0829 -151.6233 4.6387 -0.0009 -0.0239 0.7693 0.6385
1471.0000 -108.0823 -151.6260 4.6421 -0.0008 -0.0240 0.7692 0.6385
1472.0000 -108.0845 -151.6242 4.6450 -0.0008 -0.0240 0.7692 0.6385
1473.0000 -108.0897 -151.6257 4.6455 -0.0008 -0.0240 0.7692 0.6385
1474.0000 -108.0896 -151.6236 4.6431 -0.0009 -0.0239 0.7693 0.6385
1475.0000 -108.0858 -151.6227 4.6411 -0.0009 -0.0239 0.7693 0.6385
1476.0000 -108.0848 -151.6261 4.6396 -0.0009 -0.0239 0.7693 0.6385
1477.0000 -108.0836 -151.6238 4.6428 -0.0009 -0.0240 0.7693 0.6385
1478.0000 -108.0811 -151.6237 4.6431 -0.0009 -0.0240 0.7692 0.6385
1479.0000 -108.0860 -151.6236 4.6477 -0.0009 -0.0240 0.7692 0.6385
1480.0000 -108.0916 -151.6207 4.6455 -0.0009 -0.0239 0.7693 0.6385
1481.0000 -108.0842 -151.6151 4.6426 -0.0009 -0.0239 0.7693 0.6385
1482.0000 -108.0843 -151.6220 4.6418 -0.0009 -0.0239 0.7693 0.6385
1483.0000 -108.0835 -151.6203 4.6442 -0.0008 -0.0240 0.7693 0.6385
1484.0000 -108.0839 -151.6310 4.6437 -0.0008 -0.0240 0.7692 0.6385
1485.0000 -108.0840 -151.6241 4.6443 -0.0008 -0.0240 0.7693 0.6385
1486.0000 -108.0864 -151.6267 4.6452 -0.0009 -0.0240 0.7693 0.6385
1487.0000 -108.0881 -151.6197 4.6446 -0.0008 -0.0240 0.7693 0.6385
1488.0000 -108.0837 -151.6205 4.6441 -0.0008 -0.0240 0.7693 0.6385
1489.0000 -108.0819 -151.6250 4.6423 -0.0009 -0.0239 0.7693 0.6385
1490.0000 -108.0779 -151.6247 4.6446 -0.0008 -0.0240 0.7693 0.6385
1491.0000 -108.0885 -151.6203 4.6448 -0.0008 -0.0240 0.7693 0.6385
1492.0000 -108.0900 -151.6253 4.6431 -0.0008 -0.0240 0.7693 0.6385
1493.0000 -108.0885 -151.6217 4.6476 -0.0009 -0.0240 0.7693 0.6385
1494.0000 -108.0882 -151.6145 4.6440 -0.0009 -0.0239 0.7693 0.6384
1495.0000 -108.0883 -151.6190 4.6424 -0.0009 -0.0239 0.7693 0.6385
1496.0000 -108.0792 -151.6251 4.6401 -0.0009 -0.0239 0.7692 0.6385
1497.0000 -108.0835 -151.6251 4.6409 -0.0008 -0.0239 0.7693 0.6385
1498.0000 -108.0881 -151.6243 4.6462 -0.0008 -0.0241 0.7693 0.6385
1499.0000 -108.0889 -151.6230 4.6449 -0.0009 -0.0240 0.7693 0.6384
1500.0000 -108.0852 -151.6226 4.6431 -0.0009 -0.0239 0.7693 0.6385
1501.0000 -108.0850 -151.6187 4.6419 -0.0009 -0.0239 0.7693 0.6385
1502.0000 -108.0851 -151.6180 4.6422 -0.0009 -0.0239 0.7693 0.6385
1503.0000 -108.0826 -151.6235 4.6403 -0.0008 -0.0240 0.7692 0.6385
1504.0000 -108.0873 -151.6243 4.6425 -0.0008 -0.0240 0.7693 0.6385
1505.0000 -108.0838 -151.6257 4.6420 -0.0009 -0.0240 0.7693 0.6385
1506.0000 -108.0895 -151.6230 4.6439 -0.0009 -0.0240 0.7693 0.6385
1507.0000 -108.0821 -151.6195 4.6428 -0.0009 -0.0239 0.7693 0.6385
1508.0000 -108.0827 -151.6201 4.6387 -0.0009 -0.0239 0.7693 0.6385
1509.0000 -108.0830 -151.6233 4.6410 -0.0008 -0.0239 0.7693 0.6385
1510.0000 -108.0820 -151.6259 4.6442 -0.0008 -0.0240 0.7693 0.6385
1511.0000 -108.0889 -151.6234 4.6433 -0.0009 -0.0240 0.7693 0.6385
1512.0000 -108.0875 -151.6204 4.6419 -0.0009 -0.0239 0.7693 0.6385
1513.0000 -108.0812 -151.6181 4.6410 -0.0009 -0.0239 0.7693 0.6385
1514.0000 -108.0814 -151.6236 4.6376 -0.0009 -0.0239 0.7693 0.6385
1515.0000 -108.0828 -151.6231 4.6426 -0.0008 -0.0240 0.7693 0.6385
1516.0000 -108.0857 -151.6267 4.6455 -0.0008 -0.0240 0.7692 0.6385
1517.0000 -108.0901 -151.6226 4.6463 -0.0008 -0.0240 0.7693 0.6385
1518.0000 -108.0929 -151.6250 4.6434 -0.0009 -0.0239 0.7693 0.6385
1519.0000 -108.0894 -151.6231 4.6433 -0.0009 -0.0239 0.7693 0.6384
1520.0000 -108.0857 -151.6229 4.6408 -0.0008 -0.0239 0.7693 0.6385
1521.0000 -108.0837 -151.6198 4.6418 -0.0008 -0.0240 0.7692 0.6385
1522.0000 -108.0884 -151.6207 4.6421 -0.0008 -0.0240 0.7693 0.6385
1523.0000 -108.0861 -151.6221 4.6430 -0.0009 -0.0240 0.7693 0.6385
1524.0000 -108.0886 -151.6182 4.6439 -0.0009 -0.0240 0.7693 0.6384
1525.0000 -108.0848 -151.6167 4.6418 -0.0009 -0.0239 0.7693 0.6385
1526.0000 -108.0822 -151.6203 4.6439 -0.0009 -0.0239 0.7693 0.6385
1527.0000 -108.0820 -151.6236 4.6431 -0.0008 -0.0240 0.7692 0.6385
1528.0000 -108.0821 -151.6199 4.6426 -0.0008 -0.0240 0.7692 0.6385
1529.0000 -108.0871 -151.6234 4.6426 -0.0008 -0.0240 0.7693 0.6385
1530.0000 -108.0933 -151.6244 4.6434 -0.0009 -0.0240 0.7693 0.6385
1531.0000 -108.0910 -151.6155 4.6408 -0.0009 -0.0239 0.7693 0.6385
1532.0000 -108.0875 -151.6228 4.6412 -0.0009 -0.0239 0.7692 0.6385
1533.0000 -108.0859 -151.6215 4.6416 -0.0009 -0.0239 0.7693 0.6385
1534.0000 -108.0864 -151.6259 4.6415 -0.0008 -0.0239 0.7692 0.6385
1535.0000 -108.0932 -151.6216 4.6421 -0.0009 -0.0240 0.7693 0.6385
1536.0000 -108.0928 -151.6220 4.6462 -0.0008 -0.0240 0.7693 0.6385
1537.0000 -108.0916 -151.6170 4.6451 -0.0009 -0.0239 0.7693 0.6384
1538.0000 -108.0848 -151.6164 4.6395 -0.0009 -0.0239 0.7693 0.6384
1539.0000 -108.0823 -151.6224 4.6398 -0.0009 -0.0239 0.7692 0.6385
1540.0000 -108.0827 -151.6246 4.6412 -0.0008 -0.0240 0.7692 0.6385
1541.0000 -108.0889 -151.6176 4.6447 -0.0008 -0.0240 0.7693 0.6385
1542.0000 -108.0918 -151.6199 4.6431 -0.0009 -0.0239 0.7693 0.6384
1543.0000 -108.0898 -151.6178 4.6437 -0.0009 -0.0239 0.7693 0.6385
1544.0000 -108.0848 -151.6189 4.6416 -0.0009 -0.0239 0.7693 0.6385
1545.0000 -108.0850 -151.6213 4.6414 -0.0008 -0.0239 0.7693 0.6385
1546.0000 -108.0875 -151.6214 4.6429 -0.0008 -0.0240 0.7693 0.6385
1547.0000 -108.0839 -151.6289 4.6437 -0.0009 -0.0240 0.7692 0.6385
1548.0000 -108.0940 -151.6236 4.6418 -0.0009 -0.0239 0.7693 0.6385
1549.0000 -108.0913 -151.6183 4.6404 -0.0009 -0.0239 0.7693 0.6384
1550.0000 -108.0885 -151.6153 4.6412 -0.0009 -0.0239 0.7693 0.6385
1551.0000 -108.0847 -151.6212 4.6410 -0.0009 -0.0239 0.7693 0.6385
1552.0000 -108.0893 -151.6233 4.6435 -0.0008 -0.0240 0.7693 0.6385
1553.0000 -108.0887 -151.6222 4.6411 -0.0009 -0.0240 0.7693 0.6385
1554.0000 -108.0906 -151.6221 4.6420 -0.0009 -0.0239 0.7693 0.6385
1555.0000 -108.0931 -151.6216 4.6468 -0.0008 -0.0240 0.7693 0.6385
1556.0000 -108.0853 -151.6203 4.6401 -0.0009 -0.0239 0.7693 0.6385
1557.0000 -108.0844 -151.6223 4.6414 -0.0009 -0.0239 0.7693 0.6385
1558.0000 -108.0831 -151.6249 4.6414 -0.0008 -0.0240 0.7693 0.6385
1559.0000 -108.0890 -151.6266 4.6427 -0.0008 -0.0240 0.7693 0.6385
1560.0000 -108.0886 -151.6288 4.6423 -0.0009 -0.0240 0.7692 0.6385
1561.0000 -108.0922 -151.6176 4.6435 -0.0008 -0.0240 0.7693 0.6384
1562.0000 -108.0866 -151.6238 4.6413 -0.0009 -0.0239 0.7693 0.6385
1563.0000 -108.0864 -151.6227 4.6395 -0.0009 -0.0239 0.7693 0.6385
1564.0000 -108.0850 -151.6253 4.6402 -0.0008 -0.0239 0.7693 0.6385
1565.0000 -108.0878 -151.6246 4.6421 -0.0009 -0.0240 0.7693 0.6385
1566.0000 -108.0866 -151.6204 4.6420 -0.0008 -0.0240 0.7693 0.6385
1567.0000 -108.0928 -151.6193 4.6427 -0.0009 -0.0239 0.7693 0.6385
1568.0000 -108.0896 -151.6214 4.6412 -0.0009 -0.0239 0.7693 0.6385
1569.0000 -108.0827 -151.6175 4.6412 -0.0008 -0.0239 0.7693 0.6385
1570.0000 -108.0782 -151.6221 4.6385 -0.0008 -0.0239 0.7692 0.6385
1571.0000 -108.0767 -151.6191 4.6432 -0.0008 -0.0240 0.7693 0.6385
1572.0000 -108.0859 -151.6251 4.6425 -0.0009 -0.0240 0.7693 0.6385
1573.0000 -108.0894 -151.6243 4.6453 -0.0009 -0.0240 0.7693 0.6385
1574.0000 -108.0811 -151.6178 4.6408 -0.0009 -0.0239 0.7693 0.6384
1575.0000 -108.0831 -151.6185 4.6393 -0.0009 -0.0239 0.7693 0.6385
1576.0000 -108.0798 -151.6245 4.6420 -0.0008 -0.0240 0.7692 0.6385
1577.0000 -108.0833 -151.6276 4.6428 -0.0008 -0.0240 0.7692 0.6385
1578.0000 -108.0888 -151.6256 4.6464 -0.0008 -0.0240 0.7692 0.6385
1579.0000 -108.0911 -151.6211 4.6442 -0.0008 -0.0240 0.7693 0.6385
1580.0000 -108.0843 -151.6204 4.6400 -0.0009 -0.0239 0.7693 0.6385
1581.0000 -108.0838 -151.6196 4.6383 -0.0008 -0.0239 0.7692 0.6385
1582.0000 -108.0834 -151.6206 4.6408 -0.0008 -0.0240 0.7692 0.6385
1583.0000 -108.0856 -151.6234 4.6428 -0.0008 -0.0240 0.7693 0.6385
1584.0000 -108.0885 -151.6230 4.6433 -0.0009 -0.0239 0.7693 0.6385
1585.0000 -108.0858 -151.6215 4.6440 -0.0009 -0.0240 0.7693 0.6385
1586.0000 -108.0825 -151.6207 4.6422 -0.0009 -0.0239 0.7693 0.6385
1587.0000 -108.0849 -151.6215 4.6423 -0.0009 -0.0239 0.7693 0.6385
1588.0000 -108.0829 -151.6204 4.6417 -0.0008 -0.0239 0.7693 0.6385
1589.0000 -108.0829 -151.6238 4.6438 -0.0009 -0.0240 0.7693 0.6385
1590.0000 -108.0874 -151.6185 4.6437 -0.0008 -0.0240 0.7693 0.6385
1591.0000 -108.0914 -151.6251 4.6452 -0.0008 -0.0240 0.7692 0.6385
1592.0000 -108.0900 -151.6256 4.6431 -0.0009 -0.0240 0.7692 0.6385
1593.0000 -108.0832 -151.6211 4.6405 -0.0009 -0.0239 0.7693 0.6385
1594.0000 -108.0825 -151.6200 4.6406 -0.0008 -0.0239 0.7693 0.6385
1595.0000 -108.0855 -151.6230 4.6404 -0.0008 -0.0239 0.7693 0.6385
1596.0000 -108.0831 -151.6225 4.6412 -0.0008 -0.0239 0.7693 0.6385
1597.0000 -108.0868 -151.6204 4.6431 -0.0008 -0.0240 0.7692 0.6385
1598.0000 -108.0864 -151.6194 4.6424 -0.0009 -0.0240 0.7693 0.6385
1599.0000 -108.0849 -151.6184 4.6420 -0.0009 -0.0239 0.7693 0.6385
1600.0000 -108.0860 -151.6166 4.6409 -0.0009 -0.0239 0.7693 0.6385
1601.0000 -108.0793 -151.6229 4.6382 -0.0008 -0.0239 0.7692 0.6385
1602.0000 -108.0815 -151.6247 4.6416 -0.0008 -0.0240 0.7692 0.6385
1603.0000 -108.0808 -151.6221 4.6412 -0.0009 -0.0240 0.7692 0.6385
1604.0000 -108.0849 -151.6215 4.6430 -0.0009 -0.0240 0.7693 0.6385
1605.0000 -108.0845 -151.6234 4.6436 -0.0009 -0.0239 0.7693 0.6385
1606.0000 -108.0824 -151.6189 4.6384 -0.0009 -0.0238 0.7693 0.6384
1607.0000 -108.0747 -151.6254 4.6389 -0.0009 -0.0238 0.7692 0.6385
1608.0000 -108.0819 -151.6251 4.6373 -0.0009 -0.0239 0.7692 0.6385
1609.0000 -108.0821 -151.6230 4.6443 -0.0008 -0.0240 0.7692 0.6385
1610.0000 -108.0839 -151.6215 4.6437 -0.0008 -0.0240 0.7693 0.6385
1611.0000 -108.0874 -151.6204 4.6443 -0.0009 -0.0240 0.7693 0.6385
1612.0000 -108.0852 -151.6178 4.6407 -0.0009 -0.0239 0.7693 0.6385
1613.0000 -108.0795 -151.6244 4.6390 -0.0009 -0.0239 0.7692 0.6385
1614.0000 -108.0803 -151.6237 4.6403 -0.0009 -0.0239 0.7692 0.6385
1615.0000 -108.0808 -151.6235 4.6407 -0.0008 -0.0240 0.7693 0.6385
1616.0000 -108.0874 -151.6237 4.6416 -0.0008 -0.0240 0.7692 0.6385
1617.0000 -108.0867 -151.6220 4.6430 -0.0009 -0.0239 0.7693 0.6385
1618.0000 -108.0837 -151.6207 4.6398 -0.0009 -0.0239 0.7693 0.6385
1619.0000 -108.0830 -151.6234 4.6410 -0.0009 -0.0239 0.7693 0.6385
1620.0000 -108.0833 -151.6260 4.6412 -0.0009 -0.0239 0.7692 0.6385
1621.0000 -108.0817 -151.6239 4.6442 -0.0008 -0.0240 0.7693 0.6385
1622.0000 -108.0835 -151.6251 4.6436 -0.0009 -0.0240 0.7693 0.6385
1623.0000 -108.0860 -151.6241 4.6440 -0.0008 -0.0240 0.7692 0.6385
1624.0000 -108.0868 -151.6214 4.6418 -0.0009 -0.0239 0.7693 0.6385
1625.0000 -108.0877 -151.6182 4.6404 -0.0009 -0.0239 0.7693 0.6384
1626.0000 -108.0826 -151.6171 4.6425 -0.0008 -0.0239 0.7693 0.6384
1627.0000 -108.0785 -151.6201 4.6421 -0.0008 -0.0239 0.7693 0.6384
1628.0000 -108.0764 -151.6269 4.6360 -0.0009 -0.0238 0.7692 0.6385
1629.0000 -108.0812 -151.6253 4.6416 -0.0008 -0.0239 0.7692 0.6385
1630.0000 -108.0840 -151.6221 4.6397 -0.0008 -0.0239 0.7693 0.6384
1631.0000 -108.0814 -151.6241 4.6414 -0.0009 -0.0239 0.7693 0.6384
1632.0000 -108.0858 -151.6230 4.6392 -0.0009 -0.0238 0.7693 0.6385
1633.0000 -108.0920 -151.6265 4.6413 -0.0008 -0.0239 0.7693 0.6384
1634.0000 -108.1062 -151.6326 4.6388 -0.0008 -0.0239 0.7693 0.6384
1635.0000 -108.1232 -151.6338 4.6397 -0.0008 -0.0239 0.7693 0.6384
1636.0000 -108.1373 -151.6358 4.6396 -0.0009 -0.0238 0.7693 0.6384
1637.0000 -108.1537 -151.6400 4.6389 -0.0008 -0.0238 0.7693 0.6384
1638.0000 -108.1837 -151.6418 4.6357 -0.0008 -0.0236 0.7694 0.6383
1639.0000 -108.2151 -151.6612 4.6339 -0.0008 -0.0235 0.7694 0.6383
1640.0000 -108.2539 -151.6637 4.6327 -0.0007 -0.0234 0.7695 0.6382
1641.0000 -108.3106 -151.6703 4.6232 -0.0007 -0.0233 0.7696 0.6381
1642.0000 -108.3718 -151.6822 4.6226 -0.0008 -0.0233 0.7697 0.6380
1643.0000 -108.4666 -151.7015 4.6199 -0.0008 -0.0231 0.7699 0.6378
1644.0000 -108.5696 -151.7185 4.6121 -0.0007 -0.0231 0.7700 0.6376
1645.0000 -108.6956 -151.7438 4.6052 -0.0006 -0.0230 0.7700 0.6377
1646.0000 -108.8483 -151.7831 4.6042 -0.0004 -0.0231 0.7699 0.6378
1647.0000 -109.0190 -151.8015 4.5995 -0.0005 -0.0229 0.7696 0.6381
1648.0000 -109.1952 -151.8367 4.5977 -0.0003 -0.0229 0.7693 0.6385
1649.0000 -109.3822 -151.8648 4.5938 -0.0005 -0.0225 0.7689 0.6390
1650.0000 -109.6177 -151.9017 4.5796 -0.0004 -0.0223 0.7683 0.6397
1651.0000 -109.8281 -151.9434 4.5708 -0.0004 -0.0220 0.7676 0.6406
1652.0000 -110.0806 -151.9906 4.5638 -0.0001 -0.0221 0.7669 0.6414
1653.0000 -110.3393 -152.0393 4.5628 -0.0000 -0.0218 0.7662 0.6422
1654.0000 -110.6247 -152.0833 4.5454 0.0002 -0.0218 0.7655 0.6431
1655.0000 -110.9215 -152.1476 4.5572 0.0003 -0.0219 0.7646 0.6442
1656.0000 -111.2433 -152.1969 4.5566 0.0002 -0.0216 0.7639 0.6450
1657.0000 -111.5648 -152.2406 4.5615 0.0004 -0.0216 0.7631 0.6460
1658.0000 -111.9042 -152.2891 4.5484 0.0004 -0.0213 0.7622 0.6470
1659.0000 -112.2495 -152.3490 4.5451 0.0006 -0.0211 0.7616 0.6477
1660.0000 -112.6116 -152.4002 4.5407 0.0003 -0.0208 0.7609 0.6485
1661.0000 -112.9755 -152.4568 4.5402 0.0004 -0.0205 0.7600 0.6496
1662.0000 -113.3637 -152.5204 4.5441 0.0003 -0.0203 0.7593 0.6505
1663.0000 -113.7763 -152.5733 4.5236 0.0004 -0.0201 0.7586 0.6513
1664.0000 -114.1700 -152.6480 4.5251 0.0005 -0.0199 0.7580 0.6520
1665.0000 -114.5991 -152.6979 4.5215 0.0005 -0.0195 0.7578 0.6522
1666.0000 -115.0420 -152.7728 4.5065 0.0006 -0.0192 0.7578 0.6522
1667.0000 -115.4998 -152.8283 4.5016 0.0007 -0.0191 0.7581 0.6519
1668.0000 -115.9740 -152.9009 4.4871 0.0008 -0.0191 0.7583 0.6516
1669.0000 -116.4554 -152.9771 4.4994 0.0008 -0.0192 0.7585 0.6514
1670.0000 -116.9473 -153.0504 4.4948 0.0009 -0.0190 0.7587 0.6511
1671.0000 -117.4439 -153.1272 4.4856 0.0008 -0.0188 0.7588 0.6510
1672.0000 -117.9639 -153.2069 4.4890 0.0010 -0.0190 0.7589 0.6509
1673.0000 -118.4744 -153.2856 4.4766 0.0010 -0.0190 0.7590 0.6508
1674.0000 -119.0193 -153.3614 4.4656 0.0012 -0.0190 0.7594 0.6503
1675.0000 -119.5444 -153.4476 4.4579 0.0012 -0.0187 0.7595 0.6502
1676.0000 -120.0836 -153.5280 4.4468 0.0013 -0.0186 0.7597 0.6500
1677.0000 -120.6369 -153.6133 4.4543 0.0014 -0.0185 0.7598 0.6499
1678.0000 -121.1950 -153.7069 4.4448 0.0016 -0.0184 0.7599 0.6498
1679.0000 -121.7792 -153.8046 4.4391 0.0017 -0.0181 0.7597 0.6500
1680.0000 -122.3718 -153.8934 4.4133 0.0022 -0.0177 0.7593 0.6505
1681.0000 -122.9785 -153.9830 4.3983 0.0025 -0.0175 0.7590 0.6509
1682.0000 -123.5805 -154.0744 4.4083 0.0025 -0.0175 0.7587 0.6512
1683.0000 -124.2005 -154.1598 4.4090 0.0025 -0.0175 0.7584 0.6515
1684.0000 -124.8284 -154.2714 4.4061 0.0027 -0.0173 0.7580 0.6520
1685.0000 -125.4570 -154.3517 4.4122 0.0028 -0.0171 0.7579 0.6521
1686.0000 -126.0942 -154.4532 4.4077 0.0027 -0.0170 0.7576 0.6525
1687.0000 -126.7453 -154.5429 4.3985 0.0029 -0.0168 0.7573 0.6528
1688.0000 -127.4002 -154.6563 4.3836 0.0028 -0.0168 0.7571 0.6531
1689.0000 -128.0394 -154.7496 4.3881 0.0027 -0.0165 0.7569 0.6533
1690.0000 -128.6987 -154.8469 4.4150 0.0023 -0.0160 0.7566 0.6537
1691.0000 -129.3735 -154.9535 4.4091 0.0021 -0.0154 0.7564 0.6539
1692.0000 -130.0521 -155.0452 4.4187 0.0015 -0.0149 0.7565 0.6539
1693.0000 -130.7264 -155.1432 4.3941 0.0018 -0.0147 0.7564 0.6540
1694.0000 -131.4030 -155.2531 4.3984 0.0020 -0.0151 0.7562 0.6542
1695.0000 -132.0996 -155.3450 4.4068 0.0019 -0.0152 0.7564 0.6540
1696.0000 -132.7818 -155.4350 4.4039 0.0019 -0.0150 0.7566 0.6537
1697.0000 -133.4652 -155.5289 4.4020 0.0020 -0.0152 0.7565 0.6539
1698.0000 -134.1456 -155.6365 4.3799 0.0023 -0.0151 0.7564 0.6539
1699.0000 -134.8264 -155.7301 4.3563 0.0027 -0.0150 0.7565 0.6538
1700.0000 -135.5013 -155.8215 4.3510 0.0030 -0.0152 0.7566 0.6537
1701.0000 -136.1750 -155.9226 4.3515 0.0030 -0.0154 0.7565 0.6538
1702.0000 -136.8598 -156.0194 4.3489 0.0032 -0.0153 0.7566 0.6537
1703.0000 -137.5231 -156.1150 4.3690 0.0031 -0.0154 0.7564 0.6539
1704.0000 -138.1834 -156.2103 4.3601 0.0032 -0.0153 0.7563 0.6540
1705.0000 -138.8515 -156.3142 4.3447 0.0036 -0.0151 0.7563 0.6540
1706.0000 -139.5231 -156.4011 4.3207 0.0038 -0.0150 0.7564 0.6540
1707.0000 -140.1717 -156.4978 4.3310 0.0037 -0.0151 0.7564 0.6540
1708.0000 -140.8295 -156.5856 4.3369 0.0037 -0.0149 0.7565 0.6538
1709.0000 -141.4898 -156.6881 4.3505 0.0038 -0.0145 0.7564 0.6539
1710.0000 -142.1411 -156.7935 4.3475 0.0041 -0.0142 0.7563 0.6541
1711.0000 -142.8042 -156.8774 4.3493 0.0046 -0.0138 0.7564 0.6540
1712.0000 -143.4699 -156.9703 4.3509 0.0047 -0.0137 0.7563 0.6541
1713.0000 -144.1405 -157.0646 4.3461 0.0045 -0.0136 0.7561 0.6543
1714.0000 -144.7989 -157.1546 4.3438 0.0046 -0.0137 0.7562 0.6542
1715.0000 -145.4726 -157.2584 4.3212 0.0047 -0.0139 0.7561 0.6543
1716.0000 -146.1365 -157.3587 4.3337 0.0047 -0.0140 0.7559 0.6545
1717.0000 -146.8072 -157.4654 4.3288 0.0048 -0.0139 0.7558 0.6547
1718.0000 -147.4761 -157.5623 4.3523 0.0050 -0.0142 0.7553 0.6552
1719.0000 -148.1354 -157.6644 4.3630 0.0051 -0.0142 0.7547 0.6559
1720.0000 -148.7948 -157.7603 4.3405 0.0054 -0.0144 0.7539 0.6568
1721.0000 -149.4574 -157.8552 4.3281 0.0055 -0.0147 0.7530 0.6579
1722.0000 -150.1352 -157.9547 4.3396 0.0060 -0.0150 0.7516 0.6594
1723.0000 -150.7901 -158.0255 4.3519 0.0062 -0.0151 0.7502 0.6610
1724.0000 -151.4485 -158.1025 4.3618 0.0063 -0.0154 0.7485 0.6629
1725.0000 -152.1057 -158.1730 4.3719 0.0066 -0.0155 0.7464 0.6653
1726.0000 -152.7693 -158.2472 4.3732 0.0069 -0.0156 0.7439 0.6681
1727.0000 -153.4162 -158.3265 4.3739 0.0074 -0.0159 0.7410 0.6713
1728.0000 -154.0651 -158.3722 4.3679 0.0074 -0.0159 0.7376 0.6750
1729.0000 -154.6985 -158.4154 4.3749 0.0074 -0.0158 0.7340 0.6789
1730.0000 -155.3238 -158.4447 4.3832 0.0076 -0.0156 0.7302 0.6830
1731.0000 -155.9299 -158.4801 4.4056 0.0080 -0.0155 0.7262 0.6873
1732.0000 -156.5321 -158.5151 4.4094 0.0086 -0.0155 0.7217 0.6919
1733.0000 -157.1287 -158.5294 4.4165 0.0091 -0.0156 0.7172 0.6966
1734.0000 -157.7374 -158.5433 4.4211 0.0095 -0.0155 0.7124 0.7015
1735.0000 -158.3382 -158.5541 4.4208 0.0101 -0.0160 0.7074 0.7065
1736.0000 -158.9177 -158.5458 4.4472 0.0105 -0.0163 0.7022 0.7117
1737.0000 -159.4934 -158.5314 4.4602 0.0111 -0.0166 0.6972 0.7166
1738.0000 -160.0529 -158.4962 4.5011 0.0116 -0.0166 0.6919 0.7217
1739.0000 -160.6226 -158.4616 4.5050 0.0120 -0.0169 0.6864 0.7270
1740.0000 -161.1791 -158.4368 4.5112 0.0125 -0.0167 0.6806 0.7323
1741.0000 -161.7210 -158.3800 4.4970 0.0130 -0.0166 0.6749 0.7376
1742.0000 -162.2578 -158.3263 4.5151 0.0132 -0.0165 0.6687 0.7433
1743.0000 -162.7719 -158.2420 4.5191 0.0136 -0.0162 0.6622 0.7491
1744.0000 -163.2726 -158.1523 4.5394 0.0138 -0.0159 0.6557 0.7547
1745.0000 -163.7585 -158.0550 4.5607 0.0139 -0.0160 0.6493 0.7602
1746.0000 -164.2421 -157.9518 4.5750 0.0133 -0.0161 0.6428 0.7658
1747.0000 -164.7345 -157.8551 4.5764 0.0129 -0.0158 0.6363 0.7712
1748.0000 -165.1957 -157.7399 4.6010 0.0122 -0.0160 0.6295 0.7767
1749.0000 -165.6384 -157.6354 4.5837 0.0127 -0.0159 0.6226 0.7823
1750.0000 -166.0893 -157.5219 4.5863 0.0132 -0.0155 0.6151 0.7882
1751.0000 -166.5280 -157.3993 4.6045 0.0135 -0.0151 0.6066 0.7948
1752.0000 -166.9456 -157.2559 4.6146 0.0141 -0.0146 0.5975 0.8016
1753.0000 -167.3617 -157.1285 4.6679 0.0138 -0.0135 0.5878 0.8088
1754.0000 -167.7648 -156.9694 4.6788 0.0138 -0.0128 0.5777 0.8160
1755.0000 -168.1500 -156.8011 4.6858 0.0138 -0.0120 0.5669 0.8236
1756.0000 -168.5197 -156.6282 4.6755 0.0137 -0.0112 0.5553 0.8315
1757.0000 -168.9089 -156.4669 4.6811 0.0139 -0.0112 0.5435 0.8392
1758.0000 -169.2673 -156.2770 4.6974 0.0142 -0.0112 0.5316 0.8468
1759.0000 -169.6283 -156.0859 4.7136 0.0142 -0.0116 0.5193 0.8544
1760.0000 -169.9746 -155.8757 4.7561 0.0137 -0.0117 0.5066 0.8620
1761.0000 -170.3129 -155.6415 4.7784 0.0130 -0.0117 0.4939 0.8693
1762.0000 -170.6199 -155.4120 4.7799 0.0122 -0.0116 0.4815 0.8763
1763.0000 -170.9279 -155.1720 4.7662 0.0121 -0.0113 0.4696 0.8827
1764.0000 -171.2247 -154.9480 4.7804 0.0125 -0.0111 0.4573 0.8891
1765.0000 -171.5254 -154.7285 4.7772 0.0132 -0.0109 0.4448 0.8955
1766.0000 -171.8356 -154.4712 4.7874 0.0138 -0.0109 0.4326 0.9014
1767.0000 -172.1542 -154.2004 4.8082 0.0144 -0.0110 0.4202 0.9072
1768.0000 -172.4703 -153.9251 4.8316 0.0148 -0.0109 0.4078 0.9129
1769.0000 -172.7616 -153.6179 4.8493 0.0149 -0.0106 0.3963 0.9179
1770.0000 -173.0497 -153.2899 4.8725 0.0143 -0.0101 0.3857 0.9225
1771.0000 -173.3246 -152.9641 4.8872 0.0135 -0.0096 0.3758 0.9266
1772.0000 -173.6251 -152.6165 4.9124 0.0131 -0.0096 0.3659 0.9305
1773.0000 -173.9247 -152.2830 4.9352 0.0128 -0.0097 0.3565 0.9342
1774.0000 -174.2137 -151.9501 4.9416 0.0131 -0.0096 0.3479 0.9374
1775.0000 -174.4781 -151.5822 4.9597 0.0130 -0.0091 0.3402 0.9402
1776.0000 -174.7420 -151.2227 4.9712 0.0130 -0.0086 0.3327 0.9429
1777.0000 -175.0202 -150.8482 4.9705 0.0131 -0.0081 0.3255 0.9454
1778.0000 -175.3070 -150.4751 4.9857 0.0132 -0.0076 0.3192 0.9476
1779.0000 -175.5863 -150.0886 5.0079 0.0132 -0.0076 0.3134 0.9495
1780.0000 -175.8606 -149.6902 5.0295 0.0129 -0.0070 0.3079 0.9513
1781.0000 -176.1333 -149.2788 5.0329 0.0130 -0.0065 0.3029 0.9529
1782.0000 -176.4021 -148.8738 5.0635 0.0127 -0.0060 0.2986 0.9543
1783.0000 -176.6765 -148.4502 5.0720 0.0125 -0.0057 0.2949 0.9554
1784.0000 -176.9620 -148.0301 5.1023 0.0126 -0.0054 0.2910 0.9566
1785.0000 -177.2506 -147.5962 5.1236 0.0127 -0.0052 0.2873 0.9578
1786.0000 -177.5255 -147.1696 5.1539 0.0127 -0.0050 0.2838 0.9588
1787.0000 -177.7915 -146.7204 5.1679 0.0125 -0.0046 0.2809 0.9596
1788.0000 -178.0697 -146.2718 5.1911 0.0124 -0.0043 0.2786 0.9603
1789.0000 -178.3459 -145.8236 5.2035 0.0121 -0.0039 0.2768 0.9608
1790.0000 -178.6105 -145.3726 5.2299 0.0118 -0.0037 0.2758 0.9611
1791.0000 -178.8913 -144.9415 5.2468 0.0116 -0.0034 0.2752 0.9613
1792.0000 -179.1533 -144.4937 5.2829 0.0114 -0.0032 0.2747 0.9614
1793.0000 -179.4351 -144.0415 5.3100 0.0111 -0.0030 0.2742 0.9616
1794.0000 -179.7191 -143.5942 5.3268 0.0111 -0.0029 0.2737 0.9617
1795.0000 -179.9886 -143.1620 5.3305 0.0110 -0.0027 0.2733 0.9619
1796.0000 -180.2585 -142.7166 5.3552 0.0109 -0.0027 0.2728 0.9620
1797.0000 -180.5219 -142.2726 5.3681 0.0107 -0.0025 0.2724 0.9621
1798.0000 -180.7979 -141.8350 5.3971 0.0106 -0.0025 0.2715 0.9624
1799.0000 -181.0548 -141.3869 5.4304 0.0106 -0.0025 0.2707 0.9626
1800.0000 -181.3209 -140.9402 5.4541 0.0104 -0.0025 0.2691 0.9630
1801.0000 -181.5921 -140.5010 5.4624 0.0105 -0.0024 0.2668 0.9637
1802.0000 -181.8606 -140.0624 5.4787 0.0106 -0.0025 0.2636 0.9646
1803.0000 -182.1025 -139.6185 5.4973 0.0109 -0.0025 0.2597 0.9656
1804.0000 -182.3513 -139.1750 5.5178 0.0110 -0.0025 0.2553 0.9668
1805.0000 -182.5856 -138.7482 5.5382 0.0112 -0.0024 0.2503 0.9681
1806.0000 -182.8098 -138.3097 5.5517 0.0113 -0.0023 0.2449 0.9695
1807.0000 -183.0332 -137.8594 5.5719 0.0114 -0.0023 0.2394 0.9709
1808.0000 -183.2459 -137.4054 5.6028 0.0117 -0.0023 0.2340 0.9722
1809.0000 -183.4669 -136.9626 5.6193 0.0120 -0.0022 0.2284 0.9735
1810.0000 -183.6807 -136.5152 5.6367 0.0124 -0.0020 0.2230 0.9747
1811.0000 -183.8704 -136.0577 5.6551 0.0126 -0.0019 0.2187 0.9757
1812.0000 -184.0787 -135.5921 5.6610 0.0128 -0.0017 0.2150 0.9765
1813.0000 -184.2884 -135.1411 5.7010 0.0129 -0.0019 0.2122 0.9771
1814.0000 -184.4908 -134.6739 5.7268 0.0131 -0.0018 0.2104 0.9775
1815.0000 -184.6985 -134.1964 5.7650 0.0129 -0.0019 0.2099 0.9776
1816.0000 -184.8920 -133.7297 5.7713 0.0133 -0.0017 0.2108 0.9774
1817.0000 -185.1110 -133.2567 5.7960 0.0133 -0.0016 0.2134 0.9769
1818.0000 -185.3176 -132.7781 5.8237 0.0136 -0.0018 0.2172 0.9760
1819.0000 -185.5513 -132.3045 5.8404 0.0138 -0.0019 0.2215 0.9751
1820.0000 -185.7833 -131.8422 5.8557 0.0140 -0.0019 0.2265 0.9739
1821.0000 -186.0294 -131.3717 5.8826 0.0141 -0.0022 0.2323 0.9725
1822.0000 -186.2863 -130.8962 5.9104 0.0141 -0.0024 0.2380 0.9712
1823.0000 -186.5491 -130.4134 5.9378 0.0140 -0.0026 0.2438 0.9697
1824.0000 -186.8132 -129.9492 5.9485 0.0141 -0.0026 0.2502 0.9681
1825.0000 -187.0850 -129.4955 5.9760 0.0143 -0.0027 0.2568 0.9664
1826.0000 -187.3682 -129.0237 6.0037 0.0144 -0.0029 0.2633 0.9646
1827.0000 -187.6597 -128.5571 6.0129 0.0148 -0.0030 0.2699 0.9628
1828.0000 -187.9564 -128.1085 6.0401 0.0150 -0.0031 0.2766 0.9609
1829.0000 -188.2559 -127.6407 6.0717 0.0152 -0.0034 0.2835 0.9588
1830.0000 -188.5713 -127.1739 6.0951 0.0152 -0.0035 0.2900 0.9569
1831.0000 -188.8857 -126.7118 6.1143 0.0152 -0.0037 0.2963 0.9550
1832.0000 -189.2217 -126.2552 6.1394 0.0153 -0.0039 0.3021 0.9531
1833.0000 -189.5668 -125.7910 6.1675 0.0153 -0.0041 0.3069 0.9516
1834.0000 -189.9195 -125.3291 6.1900 0.0153 -0.0044 0.3109 0.9503
1835.0000 -190.2640 -124.8685 6.2194 0.0155 -0.0045 0.3144 0.9491
1836.0000 -190.6084 -124.4142 6.2364 0.0158 -0.0046 0.3176 0.9481
1837.0000 -190.9673 -123.9481 6.2715 0.0158 -0.0048 0.3201 0.9472
1838.0000 -191.3412 -123.4729 6.2879 0.0160 -0.0049 0.3219 0.9466
1839.0000 -191.7115 -123.0149 6.3135 0.0162 -0.0049 0.3224 0.9465
1840.0000 -192.0819 -122.5400 6.3445 0.0164 -0.0052 0.3221 0.9466
1841.0000 -192.4466 -122.0598 6.3820 0.0164 -0.0054 0.3212 0.9469
1842.0000 -192.8121 -121.5681 6.4067 0.0164 -0.0053 0.3198 0.9473
1843.0000 -193.1765 -121.0895 6.4284 0.0165 -0.0053 0.3187 0.9477
1844.0000 -193.5547 -120.5951 6.4590 0.0166 -0.0052 0.3176 0.9481
1845.0000 -193.9166 -120.0868 6.4883 0.0167 -0.0054 0.3168 0.9483
1846.0000 -194.2959 -119.5847 6.5224 0.0169 -0.0054 0.3158 0.9487
1847.0000 -194.6817 -119.0740 6.5503 0.0171 -0.0054 0.3151 0.9489
1848.0000 -195.0585 -118.5499 6.5985 0.0169 -0.0056 0.3146 0.9491
1849.0000 -195.4442 -118.0435 6.6258 0.0170 -0.0057 0.3140 0.9493
1850.0000 -195.8476 -117.5091 6.6436 0.0170 -0.0056 0.3138 0.9493
1851.0000 -196.2314 -116.9666 6.6737 0.0170 -0.0057 0.3138 0.9493
1852.0000 -196.6257 -116.4182 6.6999 0.0169 -0.0056 0.3137 0.9494
1853.0000 -197.0261 -115.8762 6.7270 0.0169 -0.0056 0.3136 0.9494
1854.0000 -197.4441 -115.3238 6.7758 0.0169 -0.0057 0.3136 0.9494
1855.0000 -197.8505 -114.7646 6.7945 0.0169 -0.0057 0.3134 0.9494
1856.0000 -198.2635 -114.1869 6.8285 0.0169 -0.0056 0.3136 0.9494
1857.0000 -198.6872 -113.6316 6.8669 0.0168 -0.0058 0.3134 0.9495
1858.0000 -199.1256 -113.0604 6.8848 0.0168 -0.0058 0.3130 0.9496
1859.0000 -199.5460 -112.4747 6.9319 0.0167 -0.0059 0.3129 0.9496
1860.0000 -199.9705 -111.9016 6.9667 0.0167 -0.0058 0.3131 0.9496
1861.0000 -200.4112 -111.3244 6.9991 0.0165 -0.0058 0.3128 0.9497
1862.0000 -200.8383 -110.7029 7.0195 0.0165 -0.0056 0.3128 0.9496
1863.0000 -201.2887 -110.0953 7.0656 0.0165 -0.0059 0.3128 0.9497
1864.0000 -201.7328 -109.4953 7.0880 0.0163 -0.0061 0.3126 0.9497
1865.0000 -202.1728 -108.8886 7.1314 0.0158 -0.0064 0.3126 0.9497
1866.0000 -202.6107 -108.2842 7.1817 0.0152 -0.0065 0.3128 0.9497
1867.0000 -203.0542 -107.6781 7.1997 0.0152 -0.0062 0.3127 0.9497
1868.0000 -203.4985 -107.0759 7.2410 0.0152 -0.0062 0.3127 0.9497
1869.0000 -203.9350 -106.4676 7.2746 0.0152 -0.0056 0.3127 0.9497
1870.0000 -204.3647 -105.8695 7.3098 0.0153 -0.0052 0.3127 0.9497
1871.0000 -204.8211 -105.2639 7.3228 0.0153 -0.0051 0.3125 0.9498
1872.0000 -205.2648 -104.6657 7.3690 0.0149 -0.0044 0.3128 0.9497
1873.0000 -205.6915 -104.0722 7.4034 0.0149 -0.0042 0.3129 0.9497
1874.0000 -206.1358 -103.4797 7.4368 0.0150 -0.0041 0.3129 0.9496
1875.0000 -206.5887 -102.8771 7.4841 0.0148 -0.0037 0.3133 0.9495
1876.0000 -207.0219 -102.2936 7.4951 0.0148 -0.0039 0.3137 0.9494
1877.0000 -207.4664 -101.6825 7.5389 0.0147 -0.0043 0.3144 0.9492
1878.0000 -207.9074 -101.0834 7.5816 0.0143 -0.0039 0.3153 0.9489
1879.0000 -208.3467 -100.4985 7.6060 0.0148 -0.0045 0.3160 0.9486
1880.0000 -208.7906 -99.9154 7.6375 0.0151 -0.0042 0.3167 0.9484
1881.0000 -209.2326 -99.3375 7.6741 0.0154 -0.0043 0.3173 0.9482
1882.0000 -209.6730 -98.7479 7.7167 0.0154 -0.0041 0.3182 0.9479
1883.0000 -210.1139 -98.1672 7.7537 0.0158 -0.0046 0.3189 0.9476
1884.0000 -210.5654 -97.5898 7.7930 0.0160 -0.0049 0.3196 0.9474
1885.0000 -211.0054 -96.9987 7.8121 0.0163 -0.0051 0.3205 0.9471
1886.0000 -211.4419 -96.4109 7.8170 0.0162 -0.0052 0.3212 0.9469
1887.0000 -211.9068 -95.8327 7.8663 0.0156 -0.0053 0.3216 0.9467
1888.0000 -212.3471 -95.2629 7.9412 0.0152 -0.0056 0.3220 0.9466
1889.0000 -212.7756 -94.7013 8.0005 0.0154 -0.0055 0.3222 0.9465
1890.0000 -213.2134 -94.1436 8.0149 0.0164 -0.0053 0.3220 0.9466
1891.0000 -213.6440 -93.5669 8.0149 0.0170 -0.0052 0.3220 0.9466
1892.0000 -214.1010 -92.9866 8.0387 0.0168 -0.0054 0.3219 0.9466
1893.0000 -214.5480 -92.4106 8.0705 0.0161 -0.0056 0.3218 0.9466
1894.0000 -214.9836 -91.8571 8.1162 0.0163 -0.0058 0.3218 0.9467
1895.0000 -215.4036 -91.2999 8.1696 0.0160 -0.0061 0.3216 0.9467
1896.0000 -215.8287 -90.7632 8.2172 0.0157 -0.0065 0.3212 0.9468
1897.0000 -216.2284 -90.2042 8.2311 0.0152 -0.0066 0.3211 0.9469
1898.0000 -216.6352 -89.6764 8.2607 0.0147 -0.0067 0.3210 0.9470
1899.0000 -217.0295 -89.1594 8.2884 0.0148 -0.0068 0.3214 0.9468
1900.0000 -217.4239 -88.6518 8.3164 0.0147 -0.0069 0.3217 0.9467
1901.0000 -217.7951 -88.1447 8.3496 0.0147 -0.0069 0.3221 0.9466
1902.0000 -218.1713 -87.6479 8.3881 0.0145 -0.0068 0.3224 0.9465
1903.0000 -218.5373 -87.1553 8.4190 0.0144 -0.0069 0.3225 0.9464
1904.0000 -218.9101 -86.6816 8.4466 0.0142 -0.0070 0.3229 0.9463
1905.0000 -219.2632 -86.2231 8.4721 0.0142 -0.0071 0.3232 0.9462
1906.0000 -219.6042 -85.7844 8.5065 0.0141 -0.0073 0.3233 0.9462
1907.0000 -219.9380 -85.3449 8.5288 0.0141 -0.0074 0.3235 0.9461
1908.0000 -220.2473 -84.9227 8.5585 0.0142 -0.0074 0.3237 0.9460
1909.0000 -220.5647 -84.5231 8.5851 0.0143 -0.0073 0.3240 0.9459
1910.0000 -220.8658 -84.1179 8.6163 0.0142 -0.0074 0.3242 0.9458
1911.0000 -221.1655 -83.7382 8.6406 0.0143 -0.0075 0.3242 0.9458
1912.0000 -221.4503 -83.3744 8.6556 0.0145 -0.0076 0.3247 0.9457
1913.0000 -221.7105 -83.0265 8.7086 0.0146 -0.0072 0.3249 0.9456
1914.0000 -221.9668 -82.6963 8.7143 0.0154 -0.0071 0.3252 0.9455
1915.0000 -222.2195 -82.3694 8.7064 0.0159 -0.0067 0.3254 0.9454
1916.0000 -222.4609 -82.0496 8.7176 0.0167 -0.0065 0.3256 0.9453
1917.0000 -222.7099 -81.7235 8.7259 0.0170 -0.0061 0.3259 0.9452
1918.0000 -222.9623 -81.4052 8.7782 0.0171 -0.0061 0.3262 0.9451
1919.0000 -223.2007 -81.1042 8.7987 0.0178 -0.0056 0.3262 0.9451
1920.0000 -223.4430 -80.7923 8.8004 0.0176 -0.0056 0.3264 0.9450
1921.0000 -223.6780 -80.4724 8.8432 0.0165 -0.0060 0.3262 0.9451
1922.0000 -223.8956 -80.1716 8.8767 0.0160 -0.0061 0.3264 0.9451
1923.0000 -224.1104 -79.9033 8.8966 0.0162 -0.0057 0.3265 0.9450
1924.0000 -224.3500 -79.6358 8.8734 0.0174 -0.0057 0.3264 0.9450
1925.0000 -224.5741 -79.3502 8.9222 0.0176 -0.0060 0.3255 0.9454
1926.0000 -224.7969 -79.0614 8.9455 0.0170 -0.0062 0.3241 0.9458
1927.0000 -224.9998 -78.7755 8.9729 0.0161 -0.0062 0.3229 0.9463
1928.0000 -225.1973 -78.5105 8.9907 0.0161 -0.0060 0.3216 0.9467
1929.0000 -225.4096 -78.2347 8.9966 0.0167 -0.0057 0.3198 0.9473
1930.0000 -225.5920 -77.9577 9.0123 0.0172 -0.0057 0.3169 0.9483
1931.0000 -225.8061 -77.6865 9.0266 0.0173 -0.0056 0.3136 0.9494
1932.0000 -225.9982 -77.4432 9.0705 0.0170 -0.0060 0.3111 0.9502
1933.0000 -226.1707 -77.1788 9.0858 0.0175 -0.0057 0.3090 0.9509
1934.0000 -226.3607 -76.9001 9.0934 0.0184 -0.0046 0.3058 0.9519
1935.0000 -226.5503 -76.6397 9.0654 0.0192 -0.0045 0.3014 0.9533
1936.0000 -226.7326 -76.3875 9.0659 0.0193 -0.0047 0.2970 0.9547
1937.0000 -226.9144 -76.1139 9.1083 0.0187 -0.0053 0.2927 0.9560
1938.0000 -227.1089 -75.8293 9.1378 0.0185 -0.0055 0.2876 0.9576
1939.0000 -227.2689 -75.5608 9.1774 0.0184 -0.0057 0.2806 0.9596
1940.0000 -227.4208 -75.3033 9.1960 0.0183 -0.0059 0.2728 0.9619
1941.0000 -227.5800 -75.0316 9.2096 0.0181 -0.0059 0.2647 0.9642
1942.0000 -227.7241 -74.7585 9.2259 0.0182 -0.0058 0.2560 0.9665
1943.0000 -227.8459 -74.4779 9.2301 0.0184 -0.0054 0.2462 0.9690
1944.0000 -227.9635 -74.2097 9.2470 0.0186 -0.0051 0.2355 0.9717
1945.0000 -228.0963 -73.9114 9.2537 0.0194 -0.0047 0.2233 0.9746
1946.0000 -228.2227 -73.6130 9.2644 0.0203 -0.0047 0.2088 0.9777
1947.0000 -228.3504 -73.2965 9.2766 0.0209 -0.0048 0.1924 0.9811
1948.0000 -228.4682 -72.9714 9.2858 0.0212 -0.0049 0.1741 0.9845
1949.0000 -228.5513 -72.6467 9.3055 0.0212 -0.0045 0.1543 0.9878
1950.0000 -228.6114 -72.3200 9.3304 0.0212 -0.0041 0.1338 0.9908
1951.0000 -228.6364 -71.9776 9.3607 0.0211 -0.0034 0.1124 0.9934
1952.0000 -228.6750 -71.6334 9.3788 0.0211 -0.0028 0.0902 0.9957
1953.0000 -228.6946 -71.2973 9.4066 0.0211 -0.0023 0.0674 0.9975
1954.0000 -228.7058 -70.9634 9.4390 0.0208 -0.0018 0.0444 0.9988
1955.0000 -228.6960 -70.5915 9.4549 0.0206 -0.0015 0.0212 0.9996
1956.0000 -228.6716 -70.2598 9.4785 0.0205 -0.0010 -0.0022 0.9998
1957.0000 -228.6057 -69.8882 9.4941 0.0204 -0.0004 -0.0255 0.9995
1958.0000 -228.5314 -69.5235 9.5278 0.0202 0.0006 -0.0494 0.9986
1959.0000 -228.4483 -69.1374 9.5647 0.0198 0.0016 -0.0737 0.9971
1960.0000 -228.3657 -68.8223 9.5436 0.0135 0.0024 -0.0973 0.9952
1961.0000 -228.2473 -68.4596 9.5725 0.0133 0.0028 -0.1207 0.9926
1962.0000 -228.1417 -68.1088 9.5841 0.0131 0.0031 -0.1440 0.9895
1963.0000 -227.9876 -67.7713 9.6177 0.0129 0.0034 -0.1665 0.9860
1964.0000 -227.8029 -67.4300 9.6498 0.0125 0.0051 -0.1861 0.9824
1965.0000 -227.6367 -67.0957 9.6532 0.0132 0.0114 -0.2023 0.9792
1966.0000 -227.4351 -66.7457 9.6543 0.0135 0.0125 -0.2175 0.9759
1967.0000 -227.2489 -66.3907 9.6727 0.0134 0.0125 -0.2313 0.9727
1968.0000 -227.0318 -66.0500 9.7025 0.0132 0.0123 -0.2437 0.9697
1969.0000 -226.8119 -65.6774 9.7268 0.0128 0.0132 -0.2527 0.9674
1970.0000 -226.5496 -65.3000 9.7361 0.0124 0.0140 -0.2603 0.9654
1971.0000 -226.2904 -64.9467 9.7489 0.0109 0.0205 -0.2656 0.9638
1972.0000 -226.0316 -64.5421 9.7566 0.0107 0.0223 -0.2691 0.9628
1973.0000 -225.8120 -64.1532 9.7779 0.0110 0.0220 -0.2707 0.9623
1974.0000 -225.5786 -63.7566 9.7974 0.0110 0.0204 -0.2707 0.9624
1975.0000 -225.3386 -63.3459 9.8254 0.0111 0.0200 -0.2698 0.9627
1976.0000 -225.0710 -62.9301 9.8351 0.0120 0.0206 -0.2684 0.9630
1977.0000 -224.8083 -62.5044 9.8035 0.0132 0.0213 -0.2654 0.9638
1978.0000 -224.5421 -62.0613 9.8022 0.0136 0.0220 -0.2620 0.9647
1979.0000 -224.2989 -61.5971 9.8231 0.0136 0.0211 -0.2588 0.9656
1980.0000 -224.0579 -61.1535 9.8575 0.0138 0.0194 -0.2554 0.9665
1981.0000 -223.8120 -60.6804 9.8703 0.0148 0.0188 -0.2509 0.9677
1982.0000 -223.5245 -60.2296 9.8925 0.0160 0.0194 -0.2466 0.9688
1983.0000 -223.2523 -59.7404 9.8967 0.0171 0.0200 -0.2433 0.9696
1984.0000 -223.0021 -59.2451 9.9020 0.0175 0.0200 -0.2396 0.9705
1985.0000 -222.7424 -58.7397 9.9151 0.0178 0.0201 -0.2351 0.9716
1986.0000 -222.4913 -58.2375 9.9533 0.0180 0.0196 -0.2308 0.9726
1987.0000 -222.2440 -57.7174 9.9889 0.0187 0.0200 -0.2267 0.9736
1988.0000 -222.0024 -57.1852 10.0095 0.0191 0.0210 -0.2223 0.9746
1989.0000 -221.7360 -56.6452 10.0436 0.0195 0.0214 -0.2178 0.9756
1990.0000 -221.4876 -56.0949 10.0609 0.0199 0.0213 -0.2137 0.9765
1991.0000 -221.2438 -55.5504 10.0935 0.0204 0.0198 -0.2097 0.9773
1992.0000 -221.0005 -54.9973 10.1183 0.0209 0.0190 -0.2062 0.9781
1993.0000 -220.7558 -54.4279 10.1531 0.0212 0.0178 -0.2033 0.9787
1994.0000 -220.5174 -53.8701 10.1873 0.0215 0.0171 -0.2010 0.9792
1995.0000 -220.2582 -53.2923 10.2286 0.0217 0.0164 -0.1992 0.9796
1996.0000 -220.0221 -52.7112 10.2627 0.0220 0.0160 -0.1983 0.9798
1997.0000 -219.7915 -52.1101 10.3077 0.0220 0.0162 -0.1979 0.9798
1998.0000 -219.5214 -51.5115 10.3366 0.0221 0.0157 -0.1981 0.9798
1999.0000 -219.2709 -50.9006 10.3798 0.0218 0.0154 -0.1983 0.9798
2000.0000 -219.0068 -50.2991 10.4097 0.0216 0.0155 -0.1984 0.9797
2001.0000 -218.7422 -49.6964 10.4497 0.0215 0.0165 -0.1986 0.9797
2002.0000 -218.4659 -49.0757 10.4827 0.0213 0.0174 -0.1988 0.9797
2003.0000 -218.2158 -48.4575 10.5204 0.0214 0.0179 -0.1992 0.9796
2004.0000 -217.9511 -47.8351 10.5549 0.0212 0.0189 -0.1995 0.9795
2005.0000 -217.6874 -47.2040 10.5972 0.0211 0.0195 -0.1996 0.9795
2006.0000 -217.4161 -46.5661 10.6322 0.0211 0.0205 -0.1999 0.9794
2007.0000 -217.1170 -45.9312 10.6487 0.0213 0.0210 -0.1998 0.9794
2008.0000 -216.8558 -45.2905 10.6964 0.0210 0.0218 -0.2002 0.9793
2009.0000 -216.5701 -44.6387 10.7443 0.0213 0.0216 -0.2004 0.9793
2010.0000 -216.2938 -44.0036 10.7684 0.0214 0.0223 -0.2002 0.9793
2011.0000 -215.9836 -43.3282 10.8163 0.0212 0.0228 -0.2004 0.9792
2012.0000 -215.7197 -42.6919 10.8546 0.0209 0.0233 -0.2008 0.9791
2013.0000 -215.4498 -42.0435 10.8838 0.0204 0.0234 -0.2011 0.9791
2014.0000 -215.1465 -41.3667 10.9186 0.0204 0.0235 -0.2012 0.9791
2015.0000 -214.8670 -40.7144 10.9657 0.0203 0.0227 -0.2015 0.9790
2016.0000 -214.5847 -40.0573 10.9968 0.0205 0.0229 -0.2017 0.9790
2017.0000 -214.3147 -39.4170 11.0223 0.0207 0.0230 -0.2021 0.9789
2018.0000 -214.0277 -38.7472 11.0649 0.0205 0.0220 -0.2025 0.9788
2019.0000 -213.7423 -38.0932 11.0976 0.0204 0.0218 -0.2024 0.9789
2020.0000 -213.4557 -37.4410 11.1307 0.0204 0.0213 -0.2027 0.9788
2021.0000 -213.1743 -36.7868 11.1735 0.0202 0.0204 -0.2027 0.9788
2022.0000 -212.8765 -36.1326 11.2219 0.0200 0.0199 -0.2029 0.9788
2023.0000 -212.6081 -35.4925 11.2594 0.0199 0.0193 -0.2033 0.9787
2024.0000 -212.3221 -34.8360 11.2972 0.0196 0.0189 -0.2033 0.9787
2025.0000 -212.0439 -34.1962 11.3257 0.0194 0.0185 -0.2033 0.9788
2026.0000 -211.7670 -33.5619 11.3548 0.0192 0.0180 -0.2034 0.9787
2027.0000 -211.4655 -32.8998 11.4036 0.0193 0.0173 -0.2031 0.9788
2028.0000 -211.1938 -32.2605 11.4597 0.0196 0.0178 -0.2030 0.9788
2029.0000 -210.9016 -31.6171 11.4803 0.0202 0.0183 -0.2029 0.9788
2030.0000 -210.6214 -30.9477 11.4997 0.0209 0.0179 -0.2029 0.9788
2031.0000 -210.3321 -30.2892 11.5320 0.0206 0.0176 -0.2027 0.9789
2032.0000 -210.0513 -29.6209 11.5775 0.0198 0.0175 -0.2027 0.9789
2033.0000 -209.7563 -28.9630 11.6116 0.0194 0.0176 -0.2024 0.9790
2034.0000 -209.4731 -28.3137 11.6558 0.0196 0.0179 -0.2023 0.9790
2035.0000 -209.1819 -27.6405 11.7214 0.0198 0.0181 -0.2025 0.9789
2036.0000 -208.8945 -26.9834 11.7501 0.0203 0.0179 -0.2029 0.9788
2037.0000 -208.5933 -26.2959 11.7636 0.0207 0.0180 -0.2029 0.9788
2038.0000 -208.2827 -25.6052 11.7996 0.0205 0.0179 -0.2028 0.9789
2039.0000 -207.9724 -24.9065 11.8477 0.0202 0.0179 -0.2026 0.9789
2040.0000 -207.6771 -24.2363 11.9047 0.0203 0.0177 -0.2026 0.9789
2041.0000 -207.3707 -23.5248 11.9326 0.0205 0.0180 -0.2030 0.9788
2042.0000 -207.0659 -22.8408 11.9642 0.0207 0.0177 -0.2030 0.9788
2043.0000 -206.7561 -22.1294 12.0096 0.0206 0.0174 -0.2030 0.9788
2044.0000 -206.4586 -21.4324 12.0552 0.0204 0.0174 -0.2031 0.9788
2045.0000 -206.1455 -20.7437 12.1073 0.0202 0.0169 -0.2035 0.9787
2046.0000 -205.8401 -20.0486 12.1295 0.0203 0.0172 -0.2037 0.9787
2047.0000 -205.5246 -19.3429 12.1707 0.0204 0.0171 -0.2040 0.9786
2048.0000 -205.2172 -18.6388 12.2252 0.0201 0.0173 -0.2037 0.9787
2049.0000 -204.9105 -17.9412 12.2864 0.0200 0.0191 -0.2037 0.9787
2050.0000 -204.6053 -17.2515 12.3296 0.0203 0.0217 -0.2036 0.9786
2051.0000 -204.2986 -16.5584 12.3641 0.0205 0.0217 -0.2037 0.9786
2052.0000 -203.9993 -15.8490 12.3763 0.0206 0.0211 -0.2044 0.9784
2053.0000 -203.7013 -15.1587 12.4166 0.0207 0.0209 -0.2044 0.9784
2054.0000 -203.3939 -14.4619 12.4537 0.0210 0.0210 -0.2044 0.9784
2055.0000 -203.0857 -13.7730 12.5131 0.0213 0.0208 -0.2044 0.9784
2056.0000 -202.7794 -13.0865 12.5473 0.0217 0.0204 -0.2048 0.9784
2057.0000 -202.4834 -12.3884 12.5943 0.0221 0.0201 -0.2053 0.9782
2058.0000 -202.1849 -11.7052 12.6170 0.0224 0.0196 -0.2050 0.9783
2059.0000 -201.8815 -11.0025 12.6647 0.0225 0.0194 -0.2053 0.9783
2060.0000 -201.5702 -10.3040 12.6911 0.0227 0.0194 -0.2045 0.9784
2061.0000 -201.2695 -9.6346 12.7496 0.0227 0.0184 -0.2037 0.9786
2062.0000 -200.9571 -8.9338 12.8042 0.0227 0.0183 -0.2034 0.9787
2063.0000 -200.6562 -8.2494 12.8417 0.0228 0.0178 -0.2029 0.9788
2064.0000 -200.3661 -7.5790 12.8889 0.0229 0.0183 -0.2025 0.9788
2065.0000 -200.0699 -6.8730 12.9508 0.0228 0.0177 -0.2021 0.9789
2066.0000 -199.7736 -6.1969 12.9870 0.0229 0.0183 -0.2017 0.9790
2067.0000 -199.4926 -5.5083 13.0331 0.0231 0.0193 -0.2012 0.9791
2068.0000 -199.2009 -4.8330 13.0616 0.0232 0.0187 -0.2008 0.9792
2069.0000 -198.8881 -4.1560 13.1180 0.0231 0.0191 -0.1999 0.9794
2070.0000 -198.5996 -3.4805 13.1558 0.0230 0.0189 -0.1993 0.9795
2071.0000 -198.3036 -2.8006 13.2075 0.0231 0.0198 -0.1988 0.9796
2072.0000 -198.0118 -2.1303 13.2477 0.0233 0.0203 -0.1984 0.9796
2073.0000 -197.7138 -1.4571 13.2882 0.0233 0.0209 -0.1982 0.9797
2074.0000 -197.4334 -0.7742 13.3333 0.0234 0.0208 -0.1985 0.9796
2075.0000 -197.1313 -0.1015 13.3757 0.0234 0.0209 -0.1987 0.9796
2076.0000 -196.8554 0.5577 13.4191 0.0233 0.0211 -0.1990 0.9795
2077.0000 -196.5575 1.2277 13.4769 0.0233 0.0205 -0.1993 0.9794
2078.0000 -196.2796 1.9034 13.5132 0.0237 0.0202 -0.1997 0.9794
2079.0000 -196.0046 2.5682 13.5503 0.0240 0.0200 -0.2001 0.9793
2080.0000 -195.7182 3.2362 13.5889 0.0240 0.0197 -0.2005 0.9792
2081.0000 -195.4331 3.8927 13.6448 0.0240 0.0196 -0.2015 0.9790
2082.0000 -195.1410 4.5697 13.6744 0.0243 0.0195 -0.2029 0.9787
2083.0000 -194.8387 5.2255 13.7306 0.0243 0.0192 -0.2050 0.9783
2084.0000 -194.5580 5.8742 13.7491 0.0246 0.0192 -0.2074 0.9778
2085.0000 -194.2520 6.5301 13.8119 0.0245 0.0190 -0.2094 0.9773
2086.0000 -193.9446 7.1658 13.8540 0.0244 0.0192 -0.2117 0.9768
2087.0000 -193.6232 7.8319 13.9379 0.0240 0.0193 -0.2135 0.9764
2088.0000 -193.3274 8.4646 13.9695 0.0243 0.0194 -0.2157 0.9760
2089.0000 -193.0224 9.0865 13.9900 0.0248 0.0196 -0.2172 0.9756
2090.0000 -192.7257 9.7245 14.0331 0.0247 0.0197 -0.2180 0.9754
2091.0000 -192.4046 10.3655 14.0699 0.0245 0.0197 -0.2179 0.9755
2092.0000 -192.1047 11.0082 14.1080 0.0245 0.0200 -0.2179 0.9755
2093.0000 -191.8051 11.6392 14.1828 0.0244 0.0196 -0.2175 0.9756
2094.0000 -191.5161 12.2646 14.2159 0.0244 0.0197 -0.2170 0.9757
2095.0000 -191.2154 12.8982 14.2663 0.0245 0.0192 -0.2159 0.9759
2096.0000 -190.9243 13.5146 14.2959 0.0247 0.0189 -0.2153 0.9760
2097.0000 -190.6291 14.1587 14.3292 0.0248 0.0189 -0.2148 0.9762
2098.0000 -190.3486 14.7986 14.3744 0.0247 0.0186 -0.2141 0.9763
2099.0000 -190.0481 15.4379 14.4245 0.0242 0.0185 -0.2131 0.9765
2100.0000 -189.7570 16.0689 14.4900 0.0241 0.0184 -0.2124 0.9767
2101.0000 -189.4642 16.6901 14.5344 0.0242 0.0187 -0.2110 0.9770
2102.0000 -189.1755 17.3167 14.5763 0.0246 0.0187 -0.2099 0.9772
2103.0000 -188.9098 17.9385 14.6183 0.0245 0.0183 -0.2087 0.9775
2104.0000 -188.6177 18.5905 14.6203 0.0233 0.0187 -0.2075 0.9778
2105.0000 -188.3487 19.2210 14.6771 0.0219 0.0199 -0.2058 0.9782
2106.0000 -188.0701 19.8336 14.7172 0.0221 0.0194 -0.2048 0.9784
2107.0000 -187.8013 20.4666 14.7813 0.0237 0.0174 -0.2046 0.9784
2108.0000 -187.5433 21.0865 14.8095 0.0250 0.0161 -0.2042 0.9785
2109.0000 -187.2707 21.7184 14.8261 0.0253 0.0154 -0.2039 0.9785
2110.0000 -187.0055 22.3630 14.8488 0.0230 0.0160 -0.2030 0.9788
2111.0000 -186.7292 23.0013 14.9106 0.0211 0.0153 -0.2025 0.9789
2112.0000 -186.4570 23.6072 14.9826 0.0208 0.0152 -0.2017 0.9791
2113.0000 -186.1790 24.2213 15.0414 0.0212 0.0150 -0.2011 0.9792
2114.0000 -185.9097 24.8379 15.0662 0.0219 0.0147 -0.2007 0.9793
2115.0000 -185.6523 25.4591 15.0913 0.0221 0.0146 -0.2000 0.9794
2116.0000 -185.3904 26.0897 15.1135 0.0217 0.0146 -0.1995 0.9795
2117.0000 -185.1361 26.6866 15.1586 0.0213 0.0146 -0.1988 0.9797
2118.0000 -184.8528 27.3117 15.2038 0.0216 0.0145 -0.1979 0.9799
2119.0000 -184.5943 27.9419 15.2611 0.0218 0.0145 -0.1973 0.9800
2120.0000 -184.3289 28.5522 15.3192 0.0221 0.0146 -0.1969 0.9801
2121.0000 -184.0795 29.1636 15.3307 0.0223 0.0143 -0.1963 0.9802
2122.0000 -183.8166 29.7845 15.3611 0.0217 0.0136 -0.1957 0.9803
2123.0000 -183.5676 30.3971 15.4029 0.0214 0.0136 -0.1949 0.9805
2124.0000 -183.2963 31.0419 15.4536 0.0211 0.0135 -0.1939 0.9807
2125.0000 -183.0504 31.6388 15.5112 0.0208 0.0136 -0.1932 0.9808
2126.0000 -182.8015 32.2604 15.5382 0.0212 0.0136 -0.1925 0.9810
2127.0000 -182.5524 32.8741 15.5940 0.0213 0.0133 -0.1920 0.9811
2128.0000 -182.3032 33.5083 15.6088 0.0216 0.0128 -0.1912 0.9812
2129.0000 -182.0559 34.1199 15.6369 0.0217 0.0123 -0.1910 0.9813
2130.0000 -181.7994 34.7331 15.6825 0.0217 0.0120 -0.1908 0.9813
2131.0000 -181.5649 35.3584 15.7263 0.0219 0.0120 -0.1914 0.9812
2132.0000 -181.3132 35.9727 15.7740 0.0220 0.0118 -0.1919 0.9811
2133.0000 -181.0649 36.5888 15.8213 0.0223 0.0116 -0.1926 0.9810
2134.0000 -180.7947 37.2134 15.8549 0.0226 0.0116 -0.1931 0.9809
2135.0000 -180.5483 37.8213 15.8800 0.0228 0.0116 -0.1938 0.9807
2136.0000 -180.2925 38.4466 15.9255 0.0228 0.0112 -0.1945 0.9806
2137.0000 -180.0233 39.0719 15.9730 0.0227 0.0111 -0.1950 0.9805
2138.0000 -179.7531 39.6919 16.0144 0.0226 0.0108 -0.1956 0.9804
2139.0000 -179.4875 40.3303 16.0615 0.0228 0.0107 -0.1958 0.9803
2140.0000 -179.2206 40.9513 16.1145 0.0229 0.0108 -0.1958 0.9803
2141.0000 -178.9589 41.5854 16.1498 0.0231 0.0110 -0.1960 0.9803
2142.0000 -178.6960 42.2284 16.1976 0.0233 0.0108 -0.1962 0.9802
2143.0000 -178.4259 42.8552 16.2182 0.0234 0.0104 -0.1962 0.9802
2144.0000 -178.1632 43.4825 16.2784 0.0232 0.0101 -0.1962 0.9802
2145.0000 -177.8933 44.1159 16.3176 0.0230 0.0100 -0.1961 0.9803
2146.0000 -177.6336 44.7721 16.3641 0.0231 0.0102 -0.1962 0.9802
2147.0000 -177.3694 45.3989 16.4180 0.0230 0.0104 -0.1963 0.9802
2148.0000 -177.1003 46.0404 16.4617 0.0229 0.0102 -0.1965 0.9802
2149.0000 -176.8304 46.6717 16.4763 0.0230 0.0101 -0.1971 0.9801
2150.0000 -176.5706 47.3088 16.5190 0.0231 0.0097 -0.1975 0.9800
2151.0000 -176.3070 47.9379 16.5673 0.0231 0.0096 -0.1979 0.9799
2152.0000 -176.0270 48.5897 16.6314 0.0233 0.0097 -0.1978 0.9799
2153.0000 -175.7604 49.2432 16.6664 0.0221 0.0083 -0.1983 0.9799
2154.0000 -175.4946 49.8914 16.6954 0.0186 0.0014 -0.1993 0.9798
2155.0000 -175.2483 50.5386 16.7346 0.0176 0.0005 -0.2003 0.9796
2156.0000 -174.9661 51.1775 16.7948 0.0177 0.0005 -0.2014 0.9793
2157.0000 -174.6884 51.7827 16.8391 0.0198 0.0017 -0.2033 0.9789
2158.0000 -174.4141 52.3981 16.8759 0.0256 0.0070 -0.2052 0.9784
2159.0000 -174.1255 53.0060 16.9115 0.0277 0.0073 -0.2066 0.9780
2160.0000 -173.8492 53.6471 16.9632 0.0277 0.0078 -0.2081 0.9777
2161.0000 -173.5538 54.2627 17.0146 0.0259 0.0078 -0.2094 0.9775
2162.0000 -173.2486 54.9066 17.0407 0.0213 0.0094 -0.2098 0.9775
2163.0000 -172.9413 55.5398 17.0698 0.0203 0.0100 -0.2109 0.9772
2164.0000 -172.6530 56.1607 17.1371 0.0193 0.0105 -0.2117 0.9771
2165.0000 -172.3870 56.7781 17.2019 0.0185 0.0100 -0.2122 0.9770
2166.0000 -172.1103 57.4109 17.2411 0.0185 0.0093 -0.2126 0.9769
2167.0000 -171.8257 58.0245 17.2499 0.0192 0.0092 -0.2125 0.9769
2168.0000 -171.5322 58.6225 17.2773 0.0206 0.0097 -0.2115 0.9771
2169.0000 -171.2622 59.2313 17.3014 0.0217 0.0099 -0.2103 0.9773
2170.0000 -170.9764 59.8545 17.3452 0.0228 0.0103 -0.2092 0.9776
2171.0000 -170.6955 60.4745 17.4180 0.0229 0.0102 -0.2084 0.9777
2172.0000 -170.4284 61.0828 17.4315 0.0233 0.0113 -0.2069 0.9780
2173.0000 -170.1633 61.7060 17.4542 0.0238 0.0105 -0.2061 0.9782
2174.0000 -169.8875 62.3258 17.4988 0.0242 0.0107 -0.2050 0.9784
2175.0000 -169.6045 62.9428 17.5541 0.0247 0.0105 -0.2034 0.9787
2176.0000 -169.3472 63.5613 17.6096 0.0244 0.0106 -0.2027 0.9789
2177.0000 -169.0880 64.1976 17.6741 0.0239 0.0101 -0.2020 0.9790
2178.0000 -168.8274 64.8277 17.7115 0.0232 0.0095 -0.2012 0.9792
2179.0000 -168.5618 65.4493 17.7552 0.0229 0.0093 -0.2003 0.9794
2180.0000 -168.3192 66.0687 17.7983 0.0228 0.0091 -0.1996 0.9796
2181.0000 -168.0343 66.6804 17.8396 0.0227 0.0086 -0.1989 0.9797
2182.0000 -167.7730 67.3042 17.8876 0.0226 0.0087 -0.1984 0.9798
2183.0000 -167.5178 67.9336 17.9445 0.0225 0.0083 -0.1982 0.9799
2184.0000 -167.2656 68.5526 17.9903 0.0227 0.0084 -0.1985 0.9798
2185.0000 -167.0167 69.1616 18.0282 0.0226 0.0085 -0.1987 0.9798
2186.0000 -166.7449 69.7635 18.0805 0.0224 0.0087 -0.1986 0.9798
2187.0000 -166.4720 70.3641 18.1098 0.0226 0.0088 -0.1987 0.9798
2188.0000 -166.2286 70.9701 18.1476 0.0228 0.0090 -0.1989 0.9797
2189.0000 -165.9734 71.5714 18.1912 0.0230 0.0090 -0.1990 0.9797
2190.0000 -165.7278 72.1615 18.2503 0.0229 0.0092 -0.1992 0.9797
2191.0000 -165.4954 72.7426 18.2992 0.0229 0.0094 -0.1992 0.9796
2192.0000 -165.2653 73.3240 18.3296 0.0231 0.0092 -0.1995 0.9796
2193.0000 -165.0342 73.8926 18.3820 0.0231 0.0095 -0.1997 0.9795
2194.0000 -164.7947 74.4479 18.4128 0.0235 0.0091 -0.1997 0.9795
2195.0000 -164.5545 74.9902 18.4458 0.0238 0.0083 -0.1996 0.9795
2196.0000 -164.3252 75.5213 18.5127 0.0234 0.0045 -0.2001 0.9795
2197.0000 -164.1069 76.0552 18.5578 0.0236 0.0033 -0.2002 0.9795
2198.0000 -163.9028 76.5626 18.6106 0.0238 0.0030 -0.2003 0.9794
2199.0000 -163.6936 77.0618 18.6422 0.0242 0.0028 -0.2006 0.9794
2200.0000 -163.4769 77.5702 18.6746 0.0245 0.0025 -0.2007 0.9793
2201.0000 -163.2553 78.0584 18.7051 0.0247 0.0027 -0.2008 0.9793
2202.0000 -163.0529 78.5664 18.7413 0.0247 0.0026 -0.2012 0.9792
2203.0000 -162.8350 79.0349 18.7842 0.0245 0.0029 -0.2015 0.9792
2204.0000 -162.6339 79.4986 18.8511 0.0239 0.0030 -0.2017 0.9792
2205.0000 -162.4392 79.9795 18.8891 0.0238 0.0034 -0.2024 0.9790
2206.0000 -162.2295 80.4346 18.9174 0.0239 0.0040 -0.2034 0.9788
2207.0000 -162.0174 80.8947 18.9443 0.0238 0.0046 -0.2044 0.9786
2208.0000 -161.8099 81.3371 18.9707 0.0236 0.0048 -0.2060 0.9783
2209.0000 -161.6050 81.7788 19.0245 0.0235 0.0050 -0.2081 0.9778
2210.0000 -161.4084 82.2147 19.0394 0.0237 0.0049 -0.2102 0.9774
2211.0000 -161.1986 82.6693 19.0866 0.0240 0.0050 -0.2131 0.9767
2212.0000 -160.9854 83.0894 19.1293 0.0241 0.0057 -0.2163 0.9760
2213.0000 -160.7580 83.5050 19.1473 0.0247 0.0059 -0.2198 0.9752
2214.0000 -160.5613 83.9237 19.1587 0.0251 0.0060 -0.2237 0.9743
2215.0000 -160.3602 84.3440 19.1769 0.0256 0.0055 -0.2285 0.9732
2216.0000 -160.1917 84.7586 19.2111 0.0260 0.0052 -0.2341 0.9719
2217.0000 -159.9639 85.1336 19.2519 0.0265 0.0050 -0.2401 0.9704
2218.0000 -159.7537 85.5024 19.2545 0.0266 0.0053 -0.2471 0.9686
2219.0000 -159.5311 85.8551 19.3088 0.0262 0.0056 -0.2552 0.9665
2220.0000 -159.3174 86.1948 19.3547 0.0258 0.0058 -0.2634 0.9643
2221.0000 -159.1134 86.5187 19.4003 0.0256 0.0060 -0.2719 0.9620
2222.0000 -158.9061 86.8115 19.4123 0.0260 0.0064 -0.2805 0.9595
2223.0000 -158.6845 87.1098 19.4263 0.0262 0.0067 -0.2898 0.9567
2224.0000 -158.4722 87.3820 19.4393 0.0270 0.0072 -0.2994 0.9537
2225.0000 -158.2657 87.6281 19.4295 0.0279 0.0072 -0.3099 0.9503
2226.0000 -158.0573 87.8831 19.4453 0.0284 0.0074 -0.3206 0.9468
2227.0000 -157.8333 88.1369 19.4731 0.0282 0.0077 -0.3313 0.9431
2228.0000 -157.5988 88.3849 19.5058 0.0277 0.0081 -0.3427 0.9390
2229.0000 -157.3642 88.6047 19.5418 0.0270 0.0087 -0.3545 0.9346
2230.0000 -157.1442 88.8184 19.5616 0.0266 0.0093 -0.3659 0.9302
2231.0000 -156.9123 89.0352 19.5655 0.0268 0.0096 -0.3775 0.9256
2232.0000 -156.6681 89.2403 19.5888 0.0266 0.0098 -0.3902 0.9203
2233.0000 -156.4448 89.4158 19.6102 0.0268 0.0106 -0.4031 0.9147
2234.0000 -156.1941 89.5788 19.6212 0.0267 0.0109 -0.4156 0.9091
2235.0000 -155.9397 89.7384 19.6349 0.0267 0.0116 -0.4286 0.9030
2236.0000 -155.6990 89.8745 19.6311 0.0268 0.0120 -0.4414 0.8969
2237.0000 -155.4530 89.9985 19.6404 0.0270 0.0124 -0.4535 0.8907
2238.0000 -155.2034 90.1405 19.6395 0.0271 0.0128 -0.4658 0.8844
2239.0000 -154.9678 90.2909 19.6414 0.0272 0.0130 -0.4781 0.8778
2240.0000 -154.7057 90.4286 19.6493 0.0275 0.0133 -0.4906 0.8709
2241.0000 -154.4251 90.5882 19.6488 0.0278 0.0135 -0.5030 0.8637
2242.0000 -154.1107 90.7248 19.6818 0.0280 0.0139 -0.5157 0.8562
2243.0000 -153.8082 90.8540 19.6904 0.0279 0.0142 -0.5282 0.8485
2244.0000 -153.4910 91.0007 19.6954 0.0277 0.0144 -0.5408 0.8406
2245.0000 -153.1558 91.1121 19.7069 0.0277 0.0148 -0.5532 0.8325
2246.0000 -152.7852 91.2184 19.7051 0.0284 0.0154 -0.5656 0.8241
2247.0000 -152.4386 91.3188 19.7529 0.0291 0.0165 -0.5785 0.8150
2248.0000 -152.0803 91.4070 19.7398 0.0295 0.0165 -0.5921 0.8052
2249.0000 -151.7231 91.5005 19.7412 0.0297 0.0165 -0.6052 0.7954
2250.0000 -151.3208 91.5761 19.7559 0.0296 0.0169 -0.6181 0.7853
2251.0000 -150.9133 91.6577 19.7851 0.0293 0.0174 -0.6313 0.7748
2252.0000 -150.5051 91.6953 19.7983 0.0285 0.0182 -0.6442 0.7641
2253.0000 -150.0665 91.7124 19.8179 0.0276 0.0198 -0.6565 0.7536
2254.0000 -149.6330 91.7397 19.8054 0.0270 0.0206 -0.6685 0.7430
2255.0000 -149.1977 91.7683 19.7909 0.0303 0.0283 -0.6791 0.7328
2256.0000 -148.7624 91.7771 19.8089 0.0308 0.0284 -0.6894 0.7232
2257.0000 -148.3114 91.7727 19.8146 0.0316 0.0282 -0.6991 0.7138
2258.0000 -147.8580 91.7699 19.8419 -0.0321 -0.0279 0.7080 -0.7049
2259.0000 -147.3844 91.7338 19.8625 -0.0325 -0.0279 0.7160 -0.6968
2260.0000 -146.9005 91.6956 19.8624 -0.0327 -0.0277 0.7227 -0.6898
2261.0000 -146.4163 91.6301 19.8449 -0.0331 -0.0283 0.7286 -0.6835
2262.0000 -145.8699 91.5728 19.8548 -0.0332 -0.0294 0.7339 -0.6778
2263.0000 -145.3384 91.5124 19.8680 -0.0341 -0.0303 0.7388 -0.6723
2264.0000 -144.7824 91.4584 19.8945 -0.0341 -0.0303 0.7438 -0.6669
2265.0000 -144.2282 91.3902 19.9224 -0.0340 -0.0305 0.7488 -0.6613
2266.0000 -143.6577 91.3162 19.9211 -0.0341 -0.0305 0.7539 -0.6554
2267.0000 -143.1006 91.2093 19.9012 -0.0336 -0.0302 0.7586 -0.6500
2268.0000 -142.5019 91.0951 19.9162 -0.0343 -0.0310 0.7624 -0.6454
2269.0000 -141.9226 90.9708 19.9147 -0.0346 -0.0314 0.7654 -0.6419
2270.0000 -141.3095 90.8613 19.9317 -0.0349 -0.0318 0.7679 -0.6388
2271.0000 -140.6717 90.7332 19.9402 -0.0351 -0.0320 0.7703 -0.6359
2272.0000 -140.0409 90.6157 19.9516 -0.0350 -0.0321 0.7733 -0.6323
2273.0000 -139.3820 90.4856 19.9547 -0.0344 -0.0320 0.7758 -0.6292
2274.0000 -138.7218 90.3378 19.9450 -0.0345 -0.0325 0.7780 -0.6265
2275.0000 -138.0715 90.1791 19.9408 -0.0348 -0.0328 0.7800 -0.6239
2276.0000 -137.3943 90.0202 19.9429 -0.0352 -0.0327 0.7818 -0.6217
2277.0000 -136.7035 89.8414 19.9460 -0.0350 -0.0325 0.7833 -0.6197
2278.0000 -135.9810 89.6978 19.9738 -0.0349 -0.0324 0.7849 -0.6177
2279.0000 -135.2651 89.4990 20.0015 -0.0350 -0.0333 0.7857 -0.6167
2280.0000 -134.5254 89.3283 19.9914 -0.0354 -0.0342 0.7865 -0.6156
2281.0000 -133.7976 89.1482 19.9912 -0.0355 -0.0351 0.7869 -0.6150
2282.0000 -133.0607 88.9564 19.9957 -0.0354 -0.0354 0.7872 -0.6147
2283.0000 -132.3176 88.7504 20.0034 -0.0359 -0.0362 0.7873 -0.6144
2284.0000 -131.5690 88.5646 20.0165 -0.0361 -0.0364 0.7876 -0.6141
2285.0000 -130.7971 88.3835 20.0386 -0.0360 -0.0369 0.7877 -0.6139
2286.0000 -130.0397 88.1956 20.0241 -0.0365 -0.0366 0.7878 -0.6137
2287.0000 -129.2845 88.0023 20.0001 -0.0369 -0.0354 0.7879 -0.6137
2288.0000 -128.5105 87.8078 19.9674 -0.0373 -0.0341 0.7879 -0.6137
2289.0000 -127.7513 87.6192 19.9882 -0.0375 -0.0336 0.7881 -0.6135
2290.0000 -126.9395 87.4257 20.0657 -0.0377 -0.0354 0.7884 -0.6130
2291.0000 -126.1640 87.2107 20.1174 -0.0376 -0.0370 0.7883 -0.6130
2292.0000 -125.3738 87.0482 20.1188 -0.0377 -0.0367 0.7885 -0.6128
2293.0000 -124.5910 86.8432 20.0926 -0.0381 -0.0363 0.7881 -0.6132
2294.0000 -123.7883 86.6372 20.0844 -0.0386 -0.0358 0.7882 -0.6132
2295.0000 -122.9815 86.4449 20.0892 -0.0389 -0.0362 0.7883 -0.6130
2296.0000 -122.1859 86.2533 20.1110 -0.0391 -0.0365 0.7881 -0.6132
2297.0000 -121.3803 86.0298 20.1338 -0.0394 -0.0364 0.7879 -0.6134
2298.0000 -120.5768 85.8354 20.1599 -0.0397 -0.0369 0.7879 -0.6134
2299.0000 -119.7685 85.6315 20.1468 -0.0402 -0.0368 0.7878 -0.6135
2300.0000 -118.9677 85.4390 20.1438 -0.0408 -0.0365 0.7877 -0.6136
2301.0000 -118.1458 85.2302 20.1558 -0.0412 -0.0358 0.7875 -0.6139
2302.0000 -117.3258 85.0211 20.1505 -0.0415 -0.0355 0.7874 -0.6140
2303.0000 -116.5298 84.8157 20.1962 -0.0411 -0.0367 0.7874 -0.6140
2304.0000 -115.6989 84.6024 20.2282 -0.0406 -0.0391 0.7872 -0.6141
2305.0000 -114.8998 84.4007 20.2370 -0.0404 -0.0397 0.7872 -0.6141
2306.0000 -114.0832 84.1916 20.2279 -0.0406 -0.0394 0.7870 -0.6143
2307.0000 -113.2846 83.9877 20.2198 -0.0412 -0.0394 0.7869 -0.6145
2308.0000 -112.4862 83.7643 20.2218 -0.0414 -0.0393 0.7868 -0.6146
2309.0000 -111.6942 83.5667 20.2035 -0.0417 -0.0394 0.7865 -0.6149
2310.0000 -110.9177 83.3593 20.2151 -0.0417 -0.0395 0.7863 -0.6152
2311.0000 -110.1169 83.1569 20.2141 -0.0418 -0.0392 0.7859 -0.6156
2312.0000 -109.3217 82.9610 20.2239 -0.0419 -0.0392 0.7859 -0.6157
2313.0000 -108.5483 82.7704 20.2477 -0.0421 -0.0395 0.7858 -0.6158
2314.0000 -107.7330 82.5635 20.2553 -0.0419 -0.0397 0.7855 -0.6162
2315.0000 -106.9647 82.3769 20.2486 -0.0420 -0.0394 0.7853 -0.6164
2316.0000 -106.1875 82.1757 20.2490 -0.0423 -0.0395 0.7852 -0.6165
2317.0000 -105.4105 81.9829 20.2743 -0.0420 -0.0392 0.7851 -0.6167
2318.0000 -104.5764 81.7935 20.2669 -0.0415 -0.0382 0.7850 -0.6169
2319.0000 -103.8168 81.6040 20.2850 -0.0420 -0.0376 0.7850 -0.6170
2320.0000 -103.0465 81.3933 20.3083 -0.0427 -0.0370 0.7848 -0.6171
2321.0000 -102.2637 81.2024 20.3071 -0.0429 -0.0368 0.7848 -0.6172
2322.0000 -101.4760 80.9976 20.3080 -0.0442 -0.0382 0.7847 -0.6172
2323.0000 -100.6577 80.7904 20.3209 -0.0445 -0.0389 0.7845 -0.6173
2324.0000 -99.8865 80.6005 20.3293 -0.0450 -0.0387 0.7843 -0.6176
2325.0000 -99.0966 80.3983 20.3268 -0.0456 -0.0380 0.7840 -0.6179
2326.0000 -98.3268 80.2185 20.3488 -0.0456 -0.0378 0.7838 -0.6182
2327.0000 -97.5005 80.0352 20.3642 -0.0448 -0.0375 0.7838 -0.6183
2328.0000 -96.6988 79.8336 20.3997 -0.0434 -0.0381 0.7835 -0.6187
2329.0000 -95.8671 79.6417 20.4116 -0.0438 -0.0390 0.7833 -0.6189
2330.0000 -95.0991 79.4592 20.4116 -0.0436 -0.0385 0.7830 -0.6192
2331.0000 -94.3039 79.2566 20.4327 -0.0434 -0.0377 0.7828 -0.6196
2332.0000 -93.5369 79.0868 20.4446 -0.0438 -0.0373 0.7826 -0.6199
2333.0000 -92.7511 78.8968 20.4474 -0.0441 -0.0369 0.7825 -0.6200
2334.0000 -91.9778 78.7041 20.4588 -0.0441 -0.0366 0.7822 -0.6203
2335.0000 -91.1830 78.5245 20.4662 -0.0440 -0.0362 0.7820 -0.6206
2336.0000 -90.4012 78.3324 20.5009 -0.0435 -0.0363 0.7817 -0.6210
2337.0000 -89.6161 78.1406 20.5101 -0.0432 -0.0363 0.7816 -0.6212
2338.0000 -88.8225 77.9537 20.5348 -0.0433 -0.0366 0.7814 -0.6214
2339.0000 -88.0514 77.7727 20.5360 -0.0435 -0.0362 0.7812 -0.6217
2340.0000 -87.2791 77.5924 20.5550 -0.0441 -0.0361 0.7811 -0.6218
2341.0000 -86.5015 77.4114 20.5715 -0.0447 -0.0361 0.7808 -0.6221
2342.0000 -85.7461 77.2305 20.5752 -0.0444 -0.0356 0.7806 -0.6224
2343.0000 -84.9614 77.0552 20.6069 -0.0446 -0.0358 0.7805 -0.6225
2344.0000 -84.1787 76.8725 20.6215 -0.0448 -0.0356 0.7804 -0.6227
2345.0000 -83.4229 76.6888 20.6396 -0.0447 -0.0353 0.7802 -0.6229
2346.0000 -82.6647 76.5082 20.6649 -0.0448 -0.0350 0.7801 -0.6231
2347.0000 -81.8833 76.3273 20.6862 -0.0450 -0.0351 0.7801 -0.6231
2348.0000 -81.1108 76.1596 20.7101 -0.0453 -0.0352 0.7802 -0.6229
2349.0000 -80.3306 75.9748 20.7127 -0.0453 -0.0351 0.7801 -0.6230
2350.0000 -79.5455 75.7875 20.7328 -0.0456 -0.0353 0.7801 -0.6230
2351.0000 -78.7806 75.6155 20.7330 -0.0458 -0.0353 0.7801 -0.6230
2352.0000 -77.9970 75.4270 20.7680 -0.0465 -0.0355 0.7797 -0.6234
2353.0000 -77.2187 75.2464 20.7680 -0.0471 -0.0349 0.7792 -0.6241
2354.0000 -76.4549 75.0677 20.7846 -0.0473 -0.0343 0.7785 -0.6249
2355.0000 -75.6691 74.9060 20.8200 -0.0472 -0.0339 0.7781 -0.6255
2356.0000 -74.8753 74.7392 20.8513 -0.0472 -0.0341 0.7777 -0.6259
2357.0000 -74.0975 74.5670 20.8670 -0.0467 -0.0340 0.7774 -0.6263
2358.0000 -73.3153 74.3964 20.9052 -0.0468 -0.0340 0.7775 -0.6263
2359.0000 -72.5533 74.2259 20.9213 -0.0469 -0.0337 0.7781 -0.6255
2360.0000 -71.8166 74.0499 20.9684 -0.0470 -0.0337 0.7786 -0.6249
2361.0000 -71.0344 73.8863 20.9664 -0.0472 -0.0338 0.7792 -0.6241
2362.0000 -70.2441 73.7015 20.9697 -0.0466 -0.0336 0.7798 -0.6234
2363.0000 -69.4984 73.5232 20.9991 -0.0471 -0.0343 0.7800 -0.6230
2364.0000 -68.7554 73.3319 21.0109 -0.0471 -0.0341 0.7803 -0.6227
2365.0000 -67.9948 73.1764 21.0525 -0.0470 -0.0341 0.7811 -0.6217
2366.0000 -67.2741 72.9861 21.0879 -0.0475 -0.0339 0.7813 -0.6214
2367.0000 -66.5215 72.8140 21.1145 -0.0476 -0.0337 0.7817 -0.6209
2368.0000 -65.7790 72.6266 21.1184 -0.0487 -0.0342 0.7820 -0.6204
2369.0000 -65.0276 72.4564 21.1286 -0.0492 -0.0345 0.7824 -0.6199
2370.0000 -64.2789 72.2953 21.1297 -0.0486 -0.0338 0.7829 -0.6194
2371.0000 -63.5452 72.1077 21.1690 -0.0490 -0.0341 0.7830 -0.6192
2372.0000 -62.8032 71.9345 21.1944 -0.0488 -0.0339 0.7833 -0.6189
2373.0000 -62.0690 71.7619 21.2401 -0.0483 -0.0337 0.7838 -0.6183
2374.0000 -61.3317 71.5995 21.2470 -0.0485 -0.0337 0.7842 -0.6177
2375.0000 -60.5999 71.4133 21.2415 -0.0485 -0.0340 0.7846 -0.6172
2376.0000 -59.8672 71.2201 21.2838 -0.0479 -0.0343 0.7848 -0.6169
2377.0000 -59.1451 71.0374 21.3131 -0.0480 -0.0342 0.7850 -0.6166
2378.0000 -58.4407 70.8560 21.3666 -0.0486 -0.0346 0.7852 -0.6164
2379.0000 -57.7026 70.6804 21.3527 -0.0490 -0.0341 0.7856 -0.6159
2380.0000 -56.9813 70.4927 21.3607 -0.0495 -0.0339 0.7859 -0.6155
2381.0000 -56.2528 70.3106 21.3595 -0.0494 -0.0336 0.7861 -0.6152
2382.0000 -55.5284 70.1301 21.3820 -0.0495 -0.0335 0.7864 -0.6149
2383.0000 -54.8028 69.9380 21.4382 -0.0498 -0.0337 0.7865 -0.6146
2384.0000 -54.0562 69.7484 21.4533 -0.0499 -0.0339 0.7868 -0.6142
2385.0000 -53.3221 69.5764 21.4755 -0.0503 -0.0338 0.7871 -0.6139
2386.0000 -52.5805 69.3730 21.4946 -0.0505 -0.0337 0.7870 -0.6140
2387.0000 -51.8321 69.1830 21.4992 -0.0509 -0.0334 0.7866 -0.6144
2388.0000 -51.0845 68.9958 21.5033 -0.0511 -0.0330 0.7862 -0.6150
2389.0000 -50.3318 68.7994 21.5248 -0.0510 -0.0329 0.7857 -0.6156
2390.0000 -49.5642 68.6065 21.5803 -0.0509 -0.0330 0.7851 -0.6163
2391.0000 -48.7994 68.4181 21.6075 -0.0507 -0.0331 0.7845 -0.6172
2392.0000 -48.0376 68.2252 21.6304 -0.0508 -0.0332 0.7835 -0.6184
2393.0000 -47.2757 68.0508 21.6325 -0.0512 -0.0327 0.7822 -0.6201
2394.0000 -46.5159 67.8776 21.6319 -0.0518 -0.0321 0.7809 -0.6217
2395.0000 -45.7544 67.7021 21.6517 -0.0517 -0.0320 0.7795 -0.6234
2396.0000 -44.9815 67.5515 21.7071 -0.0516 -0.0322 0.7783 -0.6250
2397.0000 -44.2134 67.3726 21.7543 -0.0516 -0.0321 0.7768 -0.6268
2398.0000 -43.4535 67.2135 21.7910 -0.0522 -0.0313 0.7754 -0.6285
2399.0000 -42.6948 67.0550 21.7951 -0.0531 -0.0302 0.7739 -0.6304
2400.0000 -41.9232 66.8927 21.7827 -0.0534 -0.0295 0.7723 -0.6323
2401.0000 -41.1357 66.7558 21.8097 -0.0532 -0.0297 0.7706 -0.6344
2402.0000 -40.3563 66.6078 21.8577 -0.0527 -0.0305 0.7689 -0.6364
2403.0000 -39.5897 66.4591 21.9060 -0.0524 -0.0307 0.7672 -0.6385
2404.0000 -38.8410 66.3246 21.9665 -0.0523 -0.0302 0.7657 -0.6403
2405.0000 -38.0828 66.1920 21.9949 -0.0525 -0.0294 0.7642 -0.6422
2406.0000 -37.3135 66.0713 22.0148 -0.0528 -0.0284 0.7627 -0.6439
2407.0000 -36.5410 65.9501 22.0359 -0.0530 -0.0277 0.7614 -0.6455
2408.0000 -35.7865 65.8232 22.0697 -0.0531 -0.0274 0.7599 -0.6473
2409.0000 -35.0069 65.6774 22.1018 -0.0533 -0.0268 0.7584 -0.6490
2410.0000 -34.2392 65.5494 22.1406 -0.0531 -0.0267 0.7573 -0.6503
2411.0000 -33.4460 65.4431 22.1983 -0.0525 -0.0266 0.7568 -0.6510
2412.0000 -32.6768 65.3295 22.2885 -0.0510 -0.0260 0.7571 -0.6508
2413.0000 -31.8968 65.2251 22.3408 -0.0501 -0.0258 0.7577 -0.6502
2414.0000 -31.1191 65.0887 22.3639 -0.0500 -0.0258 0.7586 -0.6491
2415.0000 -30.3584 64.9751 22.3742 -0.0499 -0.0256 0.7597 -0.6479
2416.0000 -29.5731 64.8469 22.4016 -0.0494 -0.0259 0.7610 -0.6463
2417.0000 -28.7989 64.7157 22.4328 -0.0493 -0.0258 0.7623 -0.6449
2418.0000 -28.0344 64.5719 22.4583 -0.0489 -0.0260 0.7634 -0.6435
2419.0000 -27.2675 64.4312 22.5085 -0.0485 -0.0260 0.7646 -0.6421
2420.0000 -26.5055 64.2808 22.5390 -0.0484 -0.0258 0.7659 -0.6406
2421.0000 -25.7285 64.1461 22.5716 -0.0484 -0.0255 0.7670 -0.6393
2422.0000 -24.9804 64.0060 22.5892 -0.0485 -0.0253 0.7684 -0.6377
2423.0000 -24.1924 63.8609 22.6199 -0.0483 -0.0250 0.7699 -0.6358
2424.0000 -23.4222 63.7134 22.6661 -0.0479 -0.0249 0.7717 -0.6337
2425.0000 -22.6523 63.5400 22.7042 -0.0475 -0.0248 0.7735 -0.6316
2426.0000 -21.8810 63.3819 22.7404 -0.0471 -0.0246 0.7753 -0.6293
2427.0000 -21.1235 63.2264 22.7719 -0.0468 -0.0246 0.7770 -0.6273
2428.0000 -20.3609 63.0476 22.7977 -0.0466 -0.0244 0.7786 -0.6253
2429.0000 -19.6064 62.8627 22.8259 -0.0467 -0.0246 0.7800 -0.6235
2430.0000 -18.8117 62.6702 22.8458 -0.0466 -0.0244 0.7811 -0.6222
2431.0000 -18.0598 62.5043 22.8910 -0.0465 -0.0246 0.7821 -0.6210
2432.0000 -17.2982 62.3200 22.9268 -0.0466 -0.0247 0.7827 -0.6201
2433.0000 -16.5179 62.1374 22.9657 -0.0475 -0.0251 0.7832 -0.6194
2434.0000 -15.7694 61.9385 22.9952 -0.0478 -0.0250 0.7836 -0.6189
2435.0000 -15.0143 61.7606 23.0195 -0.0480 -0.0248 0.7839 -0.6186
2436.0000 -14.2538 61.5914 23.0498 -0.0483 -0.0247 0.7840 -0.6184
2437.0000 -13.4846 61.3973 23.0805 -0.0484 -0.0246 0.7841 -0.6182
2438.0000 -12.7148 61.1982 23.0880 -0.0486 -0.0243 0.7841 -0.6182
2439.0000 -11.9571 61.0139 23.1141 -0.0486 -0.0243 0.7842 -0.6181
2440.0000 -11.1987 60.8154 23.1211 -0.0495 -0.0245 0.7843 -0.6179
2441.0000 -10.4226 60.6399 23.2079 -0.0495 -0.0245 0.7842 -0.6180
2442.0000 -9.6667 60.4503 23.2430 -0.0496 -0.0241 0.7843 -0.6179
2443.0000 -8.9281 60.2784 23.2881 -0.0503 -0.0239 0.7841 -0.6181
2444.0000 -8.1648 60.0801 23.3114 -0.0506 -0.0233 0.7839 -0.6184
2445.0000 -7.3916 59.9016 23.3291 -0.0508 -0.0229 0.7840 -0.6183
2446.0000 -6.6088 59.7188 23.3520 -0.0508 -0.0226 0.7838 -0.6185
2447.0000 -5.8503 59.5344 23.3865 -0.0509 -0.0224 0.7836 -0.6188
2448.0000 -5.0956 59.3526 23.4275 -0.0513 -0.0221 0.7834 -0.6190
2449.0000 -4.3308 59.1691 23.4695 -0.0515 -0.0217 0.7833 -0.6192
2450.0000 -3.5678 58.9817 23.5045 -0.0518 -0.0213 0.7834 -0.6190
2451.0000 -2.8211 58.7748 23.5453 -0.0521 -0.0212 0.7832 -0.6193
2452.0000 -2.0236 58.5815 23.5848 -0.0522 -0.0210 0.7831 -0.6193
2453.0000 -1.2634 58.3959 23.6190 -0.0523 -0.0208 0.7830 -0.6195
2454.0000 -0.4926 58.2091 23.6579 -0.0524 -0.0205 0.7828 -0.6197
2455.0000 0.2843 58.0124 23.6999 -0.0526 -0.0203 0.7824 -0.6202
2456.0000 1.0593 57.8195 23.7466 -0.0528 -0.0201 0.7820 -0.6207
2457.0000 1.8202 57.6294 23.7817 -0.0530 -0.0197 0.7811 -0.6218
2458.0000 2.5853 57.4533 23.8214 -0.0533 -0.0194 0.7806 -0.6225
2459.0000 3.3801 57.2763 23.8480 -0.0536 -0.0189 0.7801 -0.6230
2460.0000 4.1548 57.0859 23.8999 -0.0534 -0.0188 0.7796 -0.6237
2461.0000 4.9360 56.9026 23.9401 -0.0537 -0.0183 0.7793 -0.6240
2462.0000 5.7061 56.7370 23.9785 -0.0539 -0.0178 0.7793 -0.6240
2463.0000 6.4403 56.5648 24.0304 -0.0542 -0.0172 0.7795 -0.6238
2464.0000 7.2260 56.3989 24.0726 -0.0542 -0.0166 0.7798 -0.6234
2465.0000 7.9775 56.2019 24.1264 -0.0538 -0.0161 0.7799 -0.6234
2466.0000 8.7728 56.0304 24.1782 -0.0529 -0.0153 0.7801 -0.6232
2467.0000 9.5601 55.8874 24.2740 -0.0505 -0.0143 0.7803 -0.6232
2468.0000 10.3379 55.7153 24.3274 -0.0490 -0.0132 0.7803 -0.6233
2469.0000 11.0870 55.5234 24.3623 -0.0500 -0.0130 0.7801 -0.6235
2470.0000 11.8444 55.3334 24.3928 -0.0508 -0.0125 0.7801 -0.6235
2471.0000 12.5957 55.1845 24.4305 -0.0513 -0.0118 0.7802 -0.6233
2472.0000 13.3626 54.9951 24.4938 -0.0509 -0.0111 0.7800 -0.6237
2473.0000 14.1510 54.8077 24.5685 -0.0511 -0.0111 0.7800 -0.6236
2474.0000 14.9271 54.6284 24.6037 -0.0509 -0.0109 0.7806 -0.6229
2475.0000 15.6827 54.4341 24.6680 -0.0507 -0.0109 0.7812 -0.6222
2476.0000 16.4556 54.2467 24.7206 -0.0503 -0.0108 0.7818 -0.6214
2477.0000 17.2213 54.0579 24.7892 -0.0500 -0.0107 0.7823 -0.6208
2478.0000 17.9818 53.8865 24.8405 -0.0501 -0.0106 0.7830 -0.6200
2479.0000 18.7347 53.6916 24.8937 -0.0504 -0.0103 0.7834 -0.6193
2480.0000 19.4696 53.5170 24.9472 -0.0508 -0.0103 0.7839 -0.6187
2481.0000 20.2067 53.3280 24.9920 -0.0510 -0.0100 0.7843 -0.6182
2482.0000 20.9567 53.1264 25.0526 -0.0513 -0.0104 0.7845 -0.6179
2483.0000 21.6967 52.9262 25.1195 -0.0513 -0.0107 0.7846 -0.6178
2484.0000 22.4456 52.7313 25.1648 -0.0516 -0.0106 0.7844 -0.6181
2485.0000 23.1748 52.5700 25.2291 -0.0520 -0.0106 0.7839 -0.6186
2486.0000 23.8883 52.4059 25.2584 -0.0524 -0.0099 0.7834 -0.6192
2487.0000 24.6050 52.2262 25.3104 -0.0523 -0.0096 0.7830 -0.6197
2488.0000 25.3362 52.0574 25.3678 -0.0524 -0.0094 0.7826 -0.6202
2489.0000 26.0492 51.8804 25.4255 -0.0525 -0.0095 0.7823 -0.6207
2490.0000 26.7612 51.7033 25.4880 -0.0526 -0.0095 0.7817 -0.6213
2491.0000 27.4691 51.5368 25.5447 -0.0512 -0.0099 0.7813 -0.6220
2492.0000 28.1708 51.3971 25.5998 -0.0496 -0.0099 0.7807 -0.6229
2493.0000 28.8453 51.2451 25.7389 -0.0476 -0.0108 0.7802 -0.6236
2494.0000 29.5168 51.0735 25.7689 -0.0481 -0.0110 0.7797 -0.6243
2495.0000 30.1652 50.9174 25.7623 -0.0488 -0.0104 0.7794 -0.6245
2496.0000 30.7946 50.7780 25.7662 -0.0496 -0.0096 0.7790 -0.6249
2497.0000 31.3858 50.6756 25.8052 -0.0500 -0.0085 0.7785 -0.6256
2498.0000 32.0018 50.5526 25.8808 -0.0499 -0.0084 0.7780 -0.6262
2499.0000 32.6009 50.4014 25.9345 -0.0499 -0.0086 0.7778 -0.6265
2500.0000 33.1861 50.2597 25.9784 -0.0500 -0.0088 0.7780 -0.6262
2501.0000 33.7451 50.1441 26.0238 -0.0498 -0.0090 0.7783 -0.6259
2502.0000 34.2904 50.0123 26.0607 -0.0501 -0.0089 0.7785 -0.6255
