1.000000000000000000e+00 0.000000000000000000e+00 0.000000000000000000e+00 0.000000000000000000e+00 0.000000000000000000e+00 1.000000000000000000e+00 0.000000000000000000e+00 0.000000000000000000e+00 0.000000000000000000e+00 0.000000000000000000e+00 1.000000000000000000e+00 0.000000000000000000e+00
9.999917875508486098e-01 -4.050939106792443740e-03 -1.213392413339572516e-04 2.044939201808439883e-02 4.050946922298326834e-03 9.999917928178336801e-01 6.423400523271571806e-05 6.368004974867853829e-02 1.210780374369165989e-04 -6.472501654044977002e-05 9.999999905753904628e-01 2.448840992311563953e-03
9.999658165229414752e-01 -8.266219118656690373e-03 -1.881677160104505177e-04 1.160050210543324065e-02 8.266189578030536805e-03 9.999658221100701239e-01 -1.572310139540470102e-04 1.418121196973605169e-01 1.894609908485570850e-04 1.556702092382812477e-04 9.999999699356589833e-01 5.854151511923991191e-03
9.999359940127587887e-01 -1.131316117263676466e-02 -1.423446447789487976e-04 -3.508732624345385371e-03 1.131311778670467463e-02 9.999359590317772328e-01 -3.019952715231014723e-04 2.160279525905368647e-01 1.457520500701908555e-04 3.003655802849146037e-04 9.999999442684275319e-01 7.195860322723737594e-03
9.998930479840377750e-01 -1.462479280125524896e-02 8.960307551989121929e-05 3.096201897319461604e-03 1.462484335763283329e-02 9.998928758545656548e-01 -5.922601209009454486e-04 3.084573829919243781e-01 -8.093179531437514967e-05 5.935072084308816659e-04 9.999998205996029066e-01 9.459294919099929880e-03
9.998353440004352777e-01 -1.814618060082704917e-02 3.189252876458769661e-05 1.228878441498276394e-03 1.814620189510866496e-02 9.998349427587376326e-01 -8.958768965030291338e-04 4.081011690933147307e-01 -1.563052071172052853e-05 8.963081132630563346e-04 9.999995981936457001e-01 8.565963129841640267e-03
9.997876517873601765e-01 -2.060593828577530345e-02 2.159649948529231806e-04 -1.399335749849573048e-02 2.060619511676941434e-02 9.997868715357807190e-01 -1.263418974856111510e-03 4.933826722398050868e-01 -1.898850331402825262e-04 1.267600906917316873e-03 9.999991785654701593e-01 7.122340477530861649e-03
9.997542791472276980e-01 -2.216608320694669204e-02 2.146673467422291774e-04 -3.768621486770284967e-02 2.216636942062778087e-02 9.997532616308437703e-01 -1.438028232690045883e-03 5.993502041446775452e-01 -1.827389266114368561e-04 1.442433274876832794e-03 9.999989429958074938e-01 8.068258721239960143e-03
9.997285073739287098e-01 -2.329900656585022836e-02 -2.604552571809364177e-04 -6.737752794362630859e-02 2.329852353558222941e-02 9.997270643836845272e-01 -1.724975316429395176e-03 7.179074046875790760e-01 3.005743808882131805e-04 1.718438775411433280e-03 9.999984783104506336e-01 1.176140655162429341e-02
9.996799788660817310e-01 -2.529631529777504398e-02 1.904905925548711651e-04 -8.689252033164586442e-02 2.529666735564320076e-02 9.996776659590912439e-01 -2.154716520012988495e-03 8.266891851877740116e-01 -1.359228024848446791e-04 2.158845742343221130e-03 9.999976604522895496e-01 8.388288277808943205e-03
9.996222888289258979e-01 -2.748186022522671607e-02 1.644231749756929189e-04 -8.706706391467106121e-02 2.748220363750120132e-02 9.996186633438602920e-01 -2.693766482264088255e-03 9.347971576837953434e-01 -9.033076044697348217e-05 2.697267727748879108e-03 9.999963582869482170e-01 1.337808703445543188e-02
9.996240962520237527e-01 -2.741524281345125019e-02 2.658078331289587368e-04 -9.133759958401031775e-02 2.741597180787341825e-02 9.996186557491931746e-01 -3.302660746399399116e-03 1.065194186830826339e+00 -1.751632225469819718e-04 3.308706643905908861e-03 9.999945108740297961e-01 8.424900529307825792e-03
9.995914124199800632e-01 -2.858234485301593478e-02 2.403724870207155670e-04 -7.705916157601153116e-02 2.858299860748561919e-02 9.995856116022885374e-01 -3.408411401715145603e-03 1.200230279918377718e+00 -1.428524893661914028e-04 3.413889333610597293e-03 9.999941624593535749e-01 1.519189098302159251e-02
9.995296087685604514e-01 -3.066744080328814848e-02 2.631910812100786141e-04 -6.482379869680637841e-02 3.066810496882428627e-02 9.995249082552705167e-01 -3.070035002123241291e-03 1.329780198401389502e+00 -1.689159246084721746e-04 3.076662456283438957e-03 9.999952527965022542e-01 2.176849241753830988e-02
9.995234839920152936e-01 -3.086528988014054786e-02 3.725977435469069983e-04 -5.343967515167108440e-02 3.086619210810489372e-02 9.995198125249431520e-01 -2.724436611143633748e-03 1.474856259266165814e+00 -2.883283010142053369e-04 2.734639047017049188e-03 9.999962193008898881e-01 3.174752169357362291e-02
9.995323779102724959e-01 -3.057319919730678778e-02 5.522679404776165233e-04 -4.149235344441316864e-02 3.057455308292407123e-02 9.995290112629944268e-01 -2.636730437515011089e-03 1.612984152199792964e+00 -4.713945436020940908e-04 2.652382789579901898e-03 9.999963713197772552e-01 3.929948649959011386e-02
9.994984003088751567e-01 -3.166301152321302631e-02 6.336255048066521739e-04 -4.208794723491794676e-02 3.166461882599597849e-02 9.994948716226014218e-01 -2.711736477591793985e-03 1.726586343758918174e+00 -5.474436992456247235e-04 2.730439781500353883e-03 9.999961224944803329e-01 4.946565588363129040e-02
9.995003509426858557e-01 -3.160275249561170924e-02 5.608031284417125785e-04 -5.847401175623023750e-02 3.160436105736117579e-02 9.994955295906146064e-01 -3.138580974396463445e-03 1.872013879201783304e+00 -4.613324221366357130e-04 3.154736609924671965e-03 9.999949173917427325e-01 4.850284661746422088e-02
9.995473031095106764e-01 -3.007016575219727608e-02 9.869033080604672388e-04 -6.797082066532716960e-02 3.007348523933856335e-02 9.995414169723728648e-01 -3.541361661880896693e-03 2.001926961728488497e+00 -8.799613987922462553e-04 3.569438120536075777e-03 9.999932423668873582e-01 4.409531621137116608e-02
9.995674380683531313e-01 -2.937232369729646936e-02 1.484369930422722514e-03 -5.795429936010138006e-02 2.937833712085908405e-02 9.995595134996184683e-01 -4.206219254765444608e-03 2.142728599590379091e+00 -1.360169652014027453e-03 4.248008124667698206e-03 9.999900521332651948e-01 3.885346750195192017e-02
9.995724970888067995e-01 -2.920019847785741002e-02 1.473591700938661287e-03 -4.807128892863189729e-02 2.920623866482228992e-02 9.995643334947338365e-01 -4.258970331196602205e-03 2.268314677601347196e+00 -1.348586927409877118e-03 4.300187679893445816e-03 9.999898447980444249e-01 4.770089459395832759e-02
9.996092865661159177e-01 -2.787949820914864887e-02 2.001946649354391979e-03 -3.666336234087790719e-02 2.788814995421038875e-02 9.996012235493170195e-01 -4.432264752901871920e-03 2.423967272605289658e+00 -1.877579002934105529e-03 4.486363595877907069e-03 9.999881735494542401e-01 6.068295724646530220e-02
9.996567126407570614e-01 -2.609387931008284867e-02 2.359308124353046588e-03 -3.322351569526683229e-02 2.610493924521058856e-02 9.996477547136563002e-01 -4.785252652639436673e-03 2.581290558227626875e+00 -2.233611264000983764e-03 4.845199531139969366e-03 9.999857674098290294e-01 6.519404901766076565e-02
9.996737228029730638e-01 -2.509126796129071066e-02 4.782908042109542193e-03 -3.056742542531259987e-02 2.511440191405001424e-02 9.996728685539084669e-01 -4.839699753043828941e-03 2.727418599514138009e+00 -4.659909199129388599e-03 4.958240544261434575e-03 9.999768502805258530e-01 6.956194552843857071e-02
9.997228085646582274e-01 -2.309972259053674412e-02 4.550697949984866195e-03 -1.962248562285133155e-02 2.312229343301300602e-02 9.997202837138059461e-01 -4.971305420607430477e-03 2.872141548817063406e+00 -4.434589269525841815e-03 5.075149990646930960e-03 9.999772883773826448e-01 7.351783045775210634e-02
9.997970129667871353e-01 -1.943150688589898728e-02 5.324415726941558909e-03 -2.509455618947071739e-02 1.945935920631044341e-02 9.997969687926560045e-01 -5.230156048970690044e-03 3.044049557206522483e+00 -5.221704891108216486e-03 5.332704113305353558e-03 9.999721476445582180e-01 7.986547341461885940e-02
9.998614604331693689e-01 -1.574376891792176464e-02 5.403117684147775573e-03 -4.000103930326646268e-02 1.577210212435092851e-02 9.998618719053317117e-01 -5.241937098552389672e-03 3.200335016309083347e+00 -5.319843515434906009e-03 5.326429406761667464e-03 9.999716638059030771e-01 7.343656567684156422e-02
9.999105072970397856e-01 -1.274801472101430230e-02 4.057772498473653268e-03 -5.351438297098278646e-02 1.276842195380868336e-02 9.999057601327966394e-01 -5.043635004995846924e-03 3.373084708365250428e+00 -3.993093761241145283e-03 5.094994987919578000e-03 9.999790478946481986e-01 7.748694948543120853e-02
9.999471700930161466e-01 -9.407144243900732172e-03 4.142784105304845622e-03 -5.926701297511385164e-02 9.429088418793602627e-03 9.999414480996310362e-01 -5.309676449979571985e-03 3.537763853735980124e+00 -4.092592645169261696e-03 5.348458617895497300e-03 9.999773220807827157e-01 7.932721919178646608e-02
9.999871749963245016e-01 -4.254233390134575313e-03 2.747970366040606866e-03 -7.574530250518578256e-02 4.269854438558864582e-03 9.999746163474556582e-01 -5.703946338483573304e-03 3.694426815412804377e+00 -2.723634693546920799e-03 5.715606618815284416e-03 9.999799566266490691e-01 8.896064257980222656e-02
9.999976709501708916e-01 -3.945883189261561248e-04 2.121884608610406960e-03 -7.036997963485201735e-02 4.075122905567002385e-04 9.999813494749284493e-01 -6.093819494697438714e-03 3.868714275893520238e+00 -2.119440484358063419e-03 6.094669995945337961e-03 9.999791812681271264e-01 9.177546359388602526e-02
9.999917436605570975e-01 3.187242126702718049e-03 2.520733691671003720e-03 -5.976402555735597921e-02 -3.171846613496105780e-03 9.999764366459307219e-01 -6.088147663073739495e-03 4.032575229426498709e+00 -2.540078695435847665e-03 6.080102016636603109e-03 9.999782899441809203e-01 9.872834121798410023e-02
9.999668001245796134e-01 7.618458447104069740e-03 2.890975527191793314e-03 -5.740497872033683419e-02 -7.602312710978037687e-03 9.999556704274360497e-01 -5.555359705859407547e-03 4.190607543400711954e+00 -2.933170648560186160e-03 5.533197168611760954e-03 9.999803899272423635e-01 1.150625771045969414e-01
9.999285706641440896e-01 1.155412131652662835e-02 3.058733424936048266e-03 -4.788388482336856933e-02 -1.153717659551180275e-02 9.999183148808918897e-01 -5.500647412946152968e-03 4.376484106347342085e+00 -3.122038719460530805e-03 5.464965357672587308e-03 9.999801933177845381e-01 1.174748893555283002e-01
9.998820703053843406e-01 1.517861069924789086e-02 2.335649601083269068e-03 -5.372186001798557459e-02 -1.516454308029981449e-02 9.998674434713716863e-01 -5.927235374864727249e-03 4.557215798806207196e+00 -2.425307193757939624e-03 5.891117318810942458e-03 9.999797061049549018e-01 1.111113533842248147e-01
9.998349137471379544e-01 1.806559731202089444e-02 1.944079734265375965e-03 -4.804003232503648024e-02 -1.805425389525593463e-02 9.998207480539825776e-01 -5.702251928876226998e-03 4.723447398715581613e+00 -2.046745841308568372e-03 5.666211656357364283e-03 9.999818522737932147e-01 1.102302491908709048e-01
9.997587027351317879e-01 2.195807514303465754e-02 6.158257702129318108e-04 -4.927297038604516732e-02 -2.195459247482752993e-02 9.997455278539253420e-01 -5.184149432688509029e-03 4.919690952099275094e+00 -7.295030025032723815e-04 5.169378307789211299e-03 9.999863725837868644e-01 1.244451447400949096e-01
9.996612805842995941e-01 2.595076897942024188e-02 1.970200480933812816e-03 -3.199043533073781670e-02 -2.594164937727888240e-02 9.996532345685394949e-01 -4.521221543217070898e-03 5.112885646035965514e+00 -2.086846459286782057e-03 4.468579867618369811e-03 9.999878383589583253e-01 1.452091373868510393e-01
9.995616240610701864e-01 2.932487829735812290e-02 4.075686106759984773e-03 -5.285883397300102440e-03 -2.930652676821874497e-02 9.995603791851944697e-01 -4.491753770400029599e-03 5.295896505894838846e+00 -4.205614482971520296e-03 4.370340489636869580e-03 9.999816062962484375e-01 1.440129128409596004e-01
9.994711300228075190e-01 3.210544848863666062e-02 5.167245714658932725e-03 1.966962115231417688e-02 -3.208097027131518592e-02 9.994739748641934263e-01 -4.752358953271789560e-03 5.466403758130243595e+00 -5.317104229103911638e-03 4.584075317144008926e-03 9.999753570244136469e-01 1.472666053202278946e-01
9.993470729994377022e-01 3.570870318443235270e-02 5.506015287185046965e-03 2.413032991269788499e-02 -3.568292389128148445e-02 9.993520564472260226e-01 -4.711286158721570035e-03 5.655307067970338331e+00 -5.670681619136952976e-03 4.511739308344308273e-03 9.999737434444906370e-01 1.554192530384224669e-01
9.992054065956392783e-01 3.964026125760961722e-02 4.147905190765528716e-03 1.022718333621168776e-02 -3.962121697313581575e-02 9.992042886775330812e-01 -4.576969957613799198e-03 5.857731345291059988e+00 -4.326036940528759159e-03 4.408988075926205397e-03 9.999809229323004534e-01 1.510578906623593898e-01
9.990972090824059570e-01 4.245550292368623080e-02 1.515610518627847399e-03 9.603188028743740376e-03 -4.244780137208706283e-02 9.990871754457751885e-01 -4.795833447765909634e-03 6.054049531218395508e+00 -1.717836553094940003e-03 4.727169478634811288e-03 9.999873513731546426e-01 1.560541121194259362e-01
9.990453713295563976e-01 4.368422798541068269e-02 1.850683860173697184e-04 1.484702825543235231e-02 -4.368296245450475207e-02 9.990354038937941938e-01 -4.478901423539309937e-03 6.254815719390759199e+00 -3.805472206829072380e-04 4.466541400470395648e-03 9.999899525453896931e-01 1.683177790998475754e-01
9.989213000287374689e-01 4.642595350851042718e-02 9.312302199750979378e-04 2.568341826808227465e-02 -4.642168166065874929e-02 9.989131942394380292e-01 -4.178258747289559892e-03 6.447789560128492248e+00 -1.124197799955811618e-03 4.130522386874461473e-03 9.999908374400827693e-01 1.712137232603946069e-01
9.987223200674437695e-01 5.050499582342148075e-02 1.724179798805932804e-03 4.662174271230380002e-02 -5.049677505194793969e-02 9.987140037325176189e-01 -4.518236151175835866e-03 6.635465733958443302e+00 -1.950156007964567355e-03 4.425397772065511534e-03 9.999883063046804965e-01 1.782426921951471011e-01
9.986337575076940087e-01 5.215594154053759812e-02 3.221199789570166738e-03 6.732375276089409832e-02 -5.214054808153686937e-02 9.986287386776715458e-01 -4.691005521177391870e-03 6.827997655113562381e+00 -3.461446492616103692e-03 4.516641347594396901e-03 9.999838090384843836e-01 1.828929490191175400e-01
9.985198375749271271e-01 5.430973041363509196e-02 2.930384230663415305e-03 8.764832326342839042e-02 -5.429624978233780347e-02 9.985147354549702703e-01 -4.498926412457697650e-03 7.036220602469862584e+00 -3.170367315473656637e-03 4.333158396482485013e-03 9.999855861508184507e-01 1.897910488281309982e-01
9.983950858879386825e-01 5.659237139014482859e-02 2.134473062715281765e-03 8.464524647233265253e-02 -5.658237760193304128e-02 9.983878682168897400e-01 -4.483206692387314146e-03 7.241919894939072400e+00 -2.384747309005051576e-03 4.355237969883704249e-03 9.999876723652636468e-01 1.950271752398114178e-01
9.983328475325412565e-01 5.769314594277996644e-02 1.739669161911091416e-03 9.304707388338262497e-02 -5.768459449349326584e-02 9.983241693654328897e-01 -4.619569129220980723e-03 7.440401834872202080e+00 -2.003271247000456157e-03 4.511515492990927391e-03 9.999878164919148160e-01 2.047807312309362915e-01
9.982713989852054493e-01 5.875727633239249265e-02 1.340315679104628560e-03 9.361444451383323095e-02 -5.874974364188351866e-02 9.982597222619797872e-01 -5.098483249744995525e-03 7.642360862715483094e+00 -1.637556146747704564e-03 5.010926803878978757e-03 9.999861044146726163e-01 2.136229707556638602e-01
9.982203294706095686e-01 5.959400620290707801e-02 2.174455397438911693e-03 1.238216997921530171e-01 -5.958158171287173538e-02 9.982088870590143381e-01 -5.390075787624643705e-03 7.843864153958284291e+00 -2.491776912158804886e-03 5.250925736650726566e-03 9.999831092707157643e-01 2.123527666875786313e-01
9.981396836615797907e-01 6.088697985881978691e-02 3.153979015965646671e-03 1.494089277313660202e-01 -6.087052527538827640e-02 9.981327736464735700e-01 -5.073985169052501638e-03 8.061899095423310513e+00 -3.457029456020616585e-03 4.872561592132230480e-03 9.999821533861846801e-01 2.326727358988765759e-01
9.980833341567315609e-01 6.155271612167840384e-02 6.396969331347241924e-03 1.866685062523175120e-01 -6.152147302245943722e-02 9.980933794496718026e-01 -4.971343468340257664e-03 8.276482113583385924e+00 -6.690772431410384191e-03 4.568264087975354264e-03 9.999671817252272499e-01 2.278456378335816934e-01
9.979765628799851518e-01 6.329529270736081181e-02 6.040352915239625975e-03 2.030950290902285293e-01 -6.326124691150186719e-02 9.979808924564365080e-01 -5.670355461217409937e-03 8.475400017519126195e+00 -6.387063601775218313e-03 5.276761596289919823e-03 9.999656800138706503e-01 2.343266992020587580e-01
9.979049826978523274e-01 6.440869934098132632e-02 6.096306750991634452e-03 1.892605737698896395e-01 -6.437148113374298319e-02 9.979072616878172930e-01 -6.116329566850290875e-03 8.688742602652787639e+00 -6.477493608432631500e-03 5.711087455575133282e-03 9.999627120831193761e-01 2.159754206511209362e-01
9.979434588475172285e-01 6.381604952299896327e-02 6.030320615998636252e-03 1.828572105755528476e-01 -6.377967694132430365e-02 9.979457073762424413e-01 -6.043007412812547580e-03 8.902997148120318727e+00 -6.403573433162192824e-03 5.645967818642339681e-03 9.999635579833281440e-01 2.281483348361436625e-01
9.980165575297024194e-01 6.279629845990569725e-02 4.424454350149373445e-03 1.979394356420720869e-01 -6.277094408724026575e-02 9.980119460001599663e-01 -5.653690774212379380e-03 9.121176617102781492e+00 -4.770689149238904921e-03 5.364749827187103789e-03 9.999742296601112912e-01 2.381901996349497785e-01
9.980836246344492180e-01 6.179337819391819003e-02 3.264452165874484873e-03 2.046544642424837357e-01 -6.177663279690558812e-02 9.980774602260895634e-01 -5.003101929293801015e-03 9.329755657202078112e+00 -3.567334696405136379e-03 4.791847245270871442e-03 9.999821560023667288e-01 2.538969709674763764e-01
9.981357370892693925e-01 6.100760821962437214e-02 1.766942155755267486e-03 2.180288849240348270e-01 -6.099946947418295046e-02 9.981283519823426209e-01 -4.342544516871846803e-03 9.552877064288965769e+00 -2.028563316533728636e-03 4.226666338098205265e-03 9.999890100508791457e-01 2.653058061772707865e-01
9.981543646571390260e-01 6.070539692062117826e-02 1.648969560951951902e-03 2.205668194869524201e-01 -6.069795343322310216e-02 9.981471703703292953e-01 -4.240840803800461148e-03 9.739920496433031261e+00 -1.903356225562868225e-03 4.132924680506055645e-03 9.999896480307502999e-01 2.745734834561632809e-01
9.981548682233258862e-01 6.067140113709576510e-02 2.416635292425711561e-03 2.529893745760815049e-01 -6.065938514164907758e-02 9.981471321768873306e-01 -4.768807114211934088e-03 9.941958897498492931e+00 -2.701487796023966173e-03 4.613416425718518989e-03 9.999857090741701704e-01 2.761476303048517877e-01
9.982067725255976409e-01 5.971016468590464171e-02 4.235034499505465136e-03 2.847007407788479938e-01 -5.968740149391952438e-02 9.982029841659756375e-01 -5.311921031472148502e-03 1.012917354328600261e+01 -4.544599755039936684e-03 5.049617344224073892e-03 9.999769237226143748e-01 2.697025804335114740e-01
9.982332834486928874e-01 5.919144574358596589e-02 5.165710602205369345e-03 3.010016436122642247e-01 -5.916433090849722298e-02 9.982344357096751830e-01 -5.252933612393106272e-03 1.032148936213131840e+01 -5.467518942944588067e-03 4.938027356190763731e-03 9.999728606929479957e-01 2.878020499111489383e-01
9.982754278356568145e-01 5.834640752248212298e-02 6.470464338583586071e-03 3.120256166647798479e-01 -5.831242839170536901e-02 9.982841993910169798e-01 -5.321460447896228865e-03 1.051846592124654123e+01 -6.769850411838764480e-03 4.934974716929394281e-03 9.999649069592115858e-01 2.885405686458321073e-01
9.982751207422261297e-01 5.837498236677251401e-02 6.256575802532256259e-03 3.229577034588260731e-01 -5.834297670993438684e-02 9.982831501788809181e-01 -5.181615342139450978e-03 1.071635701993600520e+01 -6.548310905713649807e-03 4.807650424982953460e-03 9.999670025164196785e-01 2.897530629957790205e-01
9.982710885456194116e-01 5.845032686177538406e-02 6.196213658007957044e-03 3.345053432234513235e-01 -5.841728879750454628e-02 9.982777259653208279e-01 -5.385370094690469442e-03 1.091607633015390100e+01 -6.500318722417733862e-03 5.014093263936788072e-03 9.999663017948392518e-01 2.993472916642484494e-01
9.982511589468207047e-01 5.847174187319718192e-02 8.699371451062592672e-03 3.492946454861766137e-01 -5.842976948045528612e-02 9.982789833540935964e-01 -5.003342080868893212e-03 1.111200496987632036e+01 -8.976953814642260956e-03 4.486289762324328738e-03 9.999496424842494458e-01 2.990897084440301557e-01
9.981986227815651258e-01 5.925502025572262910e-02 9.399577196899964321e-03 3.712654821417502027e-01 -5.920378253121733048e-02 9.982299904967762982e-01 -5.638989874282508870e-03 1.130597687928967154e+01 -9.717078315157591517e-03 5.072341402137337495e-03 9.999399230662396887e-01 3.008265001879810718e-01
9.981330354806161598e-01 6.045142047487785802e-02 8.721768445711104711e-03 3.855712754918526053e-01 -6.039267014476173284e-02 9.981511968006172575e-01 -6.849358968643416180e-03 1.149418975617304461e+01 -9.119697091301236930e-03 6.309840573647613506e-03 9.999385066277316492e-01 2.935193409549894383e-01
9.980597423958937897e-01 6.186799197658068850e-02 7.007294586918075621e-03 3.883833536010881660e-01 -6.181436610796153808e-02 9.980585201305964826e-01 -7.627223439407176259e-03 1.168872601570118874e+01 -7.465571064091425582e-03 7.179273188108558149e-03 9.999463602039748711e-01 3.103536586005572473e-01
9.979383775270367352e-01 6.364387713159402882e-02 8.273545936545492405e-03 3.945227503918218304e-01 -6.358293025957459377e-02 9.979488838381740390e-01 -7.432107759495349721e-03 1.190241170054956932e+01 -8.729584085833521148e-03 6.890729264834131139e-03 9.999381541934916351e-01 3.069164366487238116e-01
9.978057497317903701e-01 6.594835355596757875e-02 5.873709682713799084e-03 3.960163940339317956e-01 -6.590431350847235359e-02 9.977985070446595550e-01 -7.400054082604017036e-03 1.211076350329910234e+01 -6.348800135198440046e-03 6.996713707561177942e-03 9.999553683710776797e-01 3.281903363063424228e-01
9.977593317527382322e-01 6.663830936739018052e-02 5.970898172402136495e-03 4.052967964062580419e-01 -6.659072645419142344e-02 9.977495554797173316e-01 -7.842173826784889709e-03 1.230294215733884933e+01 -6.480050202911029344e-03 7.426995670017443908e-03 9.999514231624880845e-01 3.244195210054465206e-01
9.977322510729452754e-01 6.691510528531170732e-02 7.261119305522267982e-03 4.564733207426336925e-01 -6.686210870365676129e-02 9.977354362113455277e-01 -7.311480551597466897e-03 1.252840339076301923e+01 -7.733924528579536571e-03 6.809406201105349006e-03 9.999469077898959224e-01 3.327367472001256377e-01
9.974342196596039933e-01 7.052653269164226024e-02 1.228762135368336068e-02 5.212827664634518410e-01 -7.046633018598870424e-02 9.975002588775222501e-01 -5.265913918330721033e-03 1.275608088753343239e+01 -1.262829213140064834e-02 4.386539156415793575e-03 9.999106382632766410e-01 3.534189339651494510e-01
9.971590126523304232e-01 7.300076325318360926e-02 1.856857696976718999e-02 5.461051266964156437e-01 -7.294835434128413287e-02 9.973296300493530442e-01 -3.485200786046630493e-03 1.296759763075119842e+01 -1.877341431727284557e-02 2.120752242305398889e-03 9.998215147339042375e-01 3.701126848970530125e-01
9.970649066469906563e-01 7.405912061054473194e-02 1.941181566522286184e-02 5.478780485923626653e-01 -7.398758753867243354e-02 9.972495496533790860e-01 -4.378653484785915984e-03 1.317031582807935841e+01 -1.968270365663945393e-02 2.929568317232341106e-03 9.998019847981096664e-01 3.585223849610890134e-01
9.969808386418903545e-01 7.626211206586881730e-02 1.460471308056971070e-02 5.444538131807640235e-01 -7.616855242328783582e-02 9.970713611748098781e-01 -6.859471317289526048e-03 1.338624478444475052e+01 -1.508505892112293849e-02 5.726341612646851896e-03 9.998698165306728614e-01 3.469443693896692715e-01
9.968060748439848684e-01 7.888344452639031723e-02 1.245196104153317891e-02 5.446470000510247322e-01 -7.879182688846647631e-02 9.968614683836857226e-01 -7.685106863269796501e-03 1.360269238876195175e+01 -1.301910786904733781e-02 6.679448448326123777e-03 9.998929381682422068e-01 3.496560107382601368e-01
9.966096442891586582e-01 8.151250780733677870e-02 1.117711862670820594e-02 5.626983054565565245e-01 -8.143133900162900785e-02 9.966504695161428895e-01 -7.535160360186853382e-03 1.382984816221533464e+01 -1.175389034483562481e-02 6.599445750274690256e-03 9.999091425612383066e-01 3.418909040912397890e-01
9.964100669164916990e-01 8.394979645373325250e-02 1.092749847171801784e-02 5.942106437147387510e-01 -8.388840732052342541e-02 9.964573269491012741e-01 -5.960762256439536798e-03 1.405934354820475818e+01 -1.138919069550572115e-02 5.022673076022338666e-03 9.999225265441682442e-01 3.717729881069614106e-01
9.962584943526140435e-01 8.528058230909356385e-02 1.400838003783236828e-02 6.249684786819591498e-01 -8.523131904050619545e-02 9.963528454806773738e-01 -4.077935405679732409e-03 1.428278658694061498e+01 -1.430505801728423725e-02 2.868725079084558267e-03 9.998935622012689040e-01 4.027113932341905844e-01
9.961330348368433452e-01 8.631447995586818966e-02 1.639473868923571956e-02 6.496205650836928136e-01 -8.625610039488801339e-02 9.962639895164852044e-01 -4.236547812030536792e-03 1.449870178270046850e+01 -1.669916319482183872e-02 2.806019002902696621e-03 9.998566218243234438e-01 4.220130661240960590e-01
9.960090942446346851e-01 8.752909019752244668e-02 1.745114756044710905e-02 6.789569612351324945e-01 -8.742414467230302799e-02 9.961487154339608852e-01 -6.689967681979345181e-03 1.471468753084015901e+01 -1.796950500984237017e-02 5.137617002431889464e-03 9.998253356367988731e-01 4.041864245183941495e-01
9.960067229371850628e-01 8.772460163638404196e-02 1.658318822383667013e-02 6.910514574594571746e-01 -8.761408989292493454e-02 9.961279007768393257e-01 -7.278498894808734486e-03 1.493212090336077047e+01 -1.715747988965558163e-02 5.796512888365850692e-03 9.998359972126283912e-01 3.868405834835935697e-01
9.961231107997987611e-01 8.656401102471167341e-02 1.566589052193988543e-02 7.207619002268813579e-01 -8.642745025186510111e-02 9.962157137550174957e-01 -9.194972025107469096e-03 1.516289668889875664e+01 -1.640255996767562771e-02 7.805361163631052528e-03 9.998350025697300136e-01 4.003031881317149487e-01
9.961059729216276137e-01 8.653792078388494735e-02 1.685464257288451714e-02 7.533393542783928254e-01 -8.631798340935600833e-02 9.961779496706630876e-01 -1.336780947261182427e-02 1.539306647608268008e+01 -1.794704571788291805e-02 1.186089610257008188e-02 9.997685845702716234e-01 3.714537276899174678e-01
9.960938838619822766e-01 8.696544414764798003e-02 1.529660279127525481e-02 7.568568415173914099e-01 -8.674521780968236229e-02 9.961247620754060117e-01 -1.451638961197262122e-02 1.561846993139743667e+01 -1.649974908604655635e-02 1.313277976736617648e-02 9.997776194612877365e-01 3.815918102353683117e-01
9.962163704519721996e-01 8.587896375822372252e-02 1.333217264036899372e-02 7.570455129843458586e-01 -8.571078017016610373e-02 9.962389531990026859e-01 -1.271260365058267047e-02 1.585988198634692559e+01 -1.437377494329064240e-02 1.152179294940858939e-02 9.998303070427053685e-01 4.022346634469821103e-01
9.964356111939887128e-01 8.421196474648351415e-02 4.941430764384635577e-03 7.472990285330468607e-01 -8.416724856604634875e-02 9.964140940432553162e-01 -8.650286745541349229e-03 1.608326446263115272e+01 -5.652168900834288190e-03 8.203547128878883529e-03 9.999503761693481207e-01 4.129996050807227537e-01
9.964473744091243423e-01 8.419900044633964187e-02 1.777176693443776895e-03 7.536233947608281802e-01 -8.418042957897316214e-02 9.964121609827741866e-01 -8.744182153734823132e-03 1.631837746556636759e+01 -2.507051866627728071e-03 8.563513850952348544e-03 9.999601896683000257e-01 4.371517157133215092e-01
9.965244607576561053e-01 8.329609393339983126e-02 8.716920907211577743e-04 7.860792305852644102e-01 -8.327787168666540840e-02 9.964420849093941213e-01 -1.296022795937819272e-02 1.655661367666371930e+01 -1.948127049779859506e-03 1.284259151643429159e-02 9.999156327631546493e-01 4.370230287370694411e-01
9.966567742492968840e-01 8.117004142954420409e-02 9.311214599185395693e-03 8.354904329150317777e-01 -8.103361539505352096e-02 9.966102505013313406e-01 -1.419724521448077759e-02 1.678013503545270169e+01 -1.043204289641061315e-02 1.339525923599948348e-02 9.998558593672428607e-01 4.348736494992848645e-01
9.966714968910224126e-01 8.041550202184721829e-02 1.338933603965857151e-02 8.614954175535534109e-01 -8.023289180293224909e-02 9.966825483602215208e-01 -1.365946071825991856e-02 1.703205108923134858e+01 -1.444334995586483462e-02 1.253973001100920637e-02 9.998170556723382507e-01 4.365763047943415631e-01
9.966950198404846972e-01 8.012420236670621254e-02 1.338467856449465469e-02 8.747195313015508900e-01 -7.996617055659656359e-02 9.967259110058578342e-01 -1.195281958602613728e-02 1.727449278321868675e+01 -1.429856607107999993e-02 1.084299426551045206e-02 9.998389772776760109e-01 4.695054111818561249e-01
9.967810306140271193e-01 7.908591698111124002e-02 1.315274660649777549e-02 9.003732756891781319e-01 -7.893052324648654194e-02 9.968085856089992092e-01 -1.194220064403519847e-02 1.750179452469028973e+01 -1.405523063040255149e-02 1.086560589398158534e-02 9.998421820969961571e-01 4.702442937797867151e-01
9.967729855029292541e-01 7.971320441176979466e-02 9.456236777099594551e-03 8.834165077805716804e-01 -7.960280816603132470e-02 9.967600076256386554e-01 -1.152736440903472451e-02 1.774716816167638811e+01 -1.034448179751798307e-02 1.073742243483372105e-02 9.998888435500201677e-01 4.765216565021399009e-01
9.968291181851579585e-01 7.957199977659454304e-02 -7.739350134947461284e-05 9.179680909472180961e-01 -7.956995001835440173e-02 9.967954521478193941e-01 -8.212772461282087308e-03 1.798691780557412656e+01 -5.763612382834076061e-04 8.192888927469296409e-03 9.999662716205708346e-01 4.853600847469150548e-01
9.967819074281127900e-01 8.016108605988246649e-02 1.711889989139411621e-04 9.252502055279043791e-01 -8.015848900384402176e-02 9.967628528132956856e-01 -6.199346104305712181e-03 1.822130170991922427e+01 -6.675811515099592999e-04 6.165673783169864884e-03 9.999807692161912787e-01 4.917166700167761584e-01
9.966867033191774139e-01 8.133265866359561114e-02 -7.836207379971299415e-04 9.409815837089217094e-01 -8.133590853786189234e-02 9.966686294267380619e-01 -6.009417521527062392e-03 1.845164927477143735e+01 2.922483028845772801e-04 6.053243043073416180e-03 9.999816362511818602e-01 4.998064749949471808e-01
9.965619476045457503e-01 8.284104678374151765e-02 -1.282791646606979471e-03 9.596738035544863932e-01 -8.284730502648923745e-02 9.965441062664267546e-01 -6.014009934854146200e-03 1.868041026832729656e+01 7.801515766228516585e-04 6.099609284423216510e-03 9.999810928863079873e-01 5.013214382971478145e-01
9.964892237061467872e-01 8.365181510217545302e-02 -3.406004643635422106e-03 9.344011630063969731e-01 -8.367106268354421172e-02 9.964755651210635001e-01 -5.966689707336732436e-03 1.887363375475174365e+01 2.894875977901387783e-03 6.230726022597498324e-03 9.999763985946388267e-01 5.039354172096720541e-01
9.966244876219861881e-01 8.193417438247903306e-02 -5.140208213204676413e-03 9.685401173245505868e-01 -8.195951722607959511e-02 9.966234660438300086e-01 -4.929956069871736964e-03 1.911204033555966930e+01 4.718920245304174255e-03 5.334603925730604414e-03 9.999746365746853272e-01 5.327652092521858451e-01
9.965418461286827956e-01 8.298404948994385355e-02 -4.242221668808548486e-03 9.838211434366851416e-01 -8.299802472099614137e-02 9.965444721251708327e-01 -3.231558320297754291e-03 1.934381897324453448e+01 3.959394757999547439e-03 3.572479113321746884e-03 9.999857801919661560e-01 5.314670320476033716e-01
9.964250369503054872e-01 8.429556493315241983e-02 -5.603880011483474213e-03 1.000597166569523022e+00 -8.431105658135383540e-02 9.964361239255848934e-01 -2.587793324841525765e-03 1.955904925897741720e+01 5.365768977338898973e-03 3.051011104048271909e-03 9.999809497458063134e-01 5.204589922472524499e-01
9.965428312554314161e-01 8.294969029608567634e-02 -4.662011710867258046e-03 1.026932596620486970e+00 -8.296189726630903705e-02 9.965496124411650225e-01 -2.488683454817440868e-03 1.976744728146323382e+01 4.439490441838838883e-03 2.866848992773620222e-03 9.999860359532374288e-01 5.226133182526685461e-01
9.965948099053094644e-01 8.228695694592974563e-02 -5.257526640812363455e-03 1.053771829948500827e+00 -8.229965889416501756e-02 9.966050964897004150e-01 -2.246730214995642117e-03 1.999435852677927627e+01 5.054801252693509606e-03 2.671772320687939520e-03 9.999836551749043956e-01 5.472384438079610502e-01
9.964787276129374316e-01 8.356848157549157108e-02 -6.815739289910063316e-03 1.064407335573270608e+00 -8.357580222510188617e-02 9.965011047553845591e-01 -7.959294746963520122e-04 2.022375295804540585e+01 6.725377114478505065e-03 1.362757669126434413e-03 9.999764558199374376e-01 5.656753594262007301e-01
9.962560975181913303e-01 8.467913427102985446e-02 -1.741356875924704103e-02 1.064465648436608403e+00 -8.467425678121887067e-02 9.964081657813209647e-01 1.018529750100042198e-03 2.042534988117871464e+01 1.743727032457602008e-02 4.597645185570475466e-04 9.998478535358342745e-01 5.653594915999436976e-01
9.962086417223148249e-01 8.351304412477855710e-02 -2.437034301755813467e-02 1.068191808058758907e+00 -8.349619976046418479e-02 9.965066289308371905e-01 1.709714145518357112e-03 2.065064750592776122e+01 2.442799179919045646e-02 3.315990221847965559e-04 9.997015370893190811e-01 5.771206635884400526e-01
9.962781743617418195e-01 8.251984097584430522e-02 -2.490532344210993204e-02 1.094528193874486632e+00 -8.244825098370717198e-02 9.965877569923036194e-01 3.889540175495970111e-03 2.086197800705661720e+01 2.514130466309125872e-02 -1.821663627164289093e-03 9.996822476874674956e-01 5.910666178225130185e-01
9.962684093681700714e-01 8.330228465716303654e-02 -2.258286664516362743e-02 1.120754156221964282e+00 -8.316223036401572399e-02 9.965109197371080363e-01 7.073209001960642159e-03 2.107137583621689103e+01 2.309328768059340162e-02 -5.168773123287007110e-03 9.997199527110086636e-01 5.873583117744559656e-01
9.965663488240388279e-01 8.213306639874631832e-02 -1.047243025582906065e-02 1.137677435903277523e+00 -8.202599354459724768e-02 9.965772280640650127e-01 1.027447746439189707e-02 2.128189663397611753e+01 1.128045985524369493e-02 -9.380186996203021543e-03 9.998923758672082496e-01 5.891098241926850942e-01
9.968191013813799684e-01 7.931832433841426444e-02 -7.764183496300273470e-03 1.172454857578548282e+00 -7.923143518234171401e-02 9.967963970941702279e-01 1.092348017015268985e-02 2.149340702450102114e+01 8.605742278530538469e-03 -1.027356628573800404e-02 9.999101934851989393e-01 5.891964568673601077e-01
9.970705644430163384e-01 7.586349200769988699e-02 -9.747825484819892458e-03 1.177035029316635395e+00 -7.574925716315132618e-02 9.970594433134820633e-01 1.159812651422859053e-02 2.170304397956540399e+01 1.059903582952796859e-02 -1.082576001059227036e-02 9.998852250931991037e-01 5.944993000604218425e-01
9.972307046318396040e-01 7.250926230347960744e-02 -1.653265313522830210e-02 1.162357180913881294e+00 -7.233183470527947134e-02 9.973189719976265355e-01 1.108935443412196672e-02 2.190029070352312246e+01 1.729240953865922997e-02 -9.862807602434610355e-03 9.998018291634320764e-01 5.994468882461602144e-01
9.973729926671126567e-01 6.932557623229444743e-02 -2.100185654431272614e-02 1.180105974533135482e+00 -6.908727898679857538e-02 9.975400230991914308e-01 1.186803258611101100e-02 2.211045576865001649e+01 2.177295066011541297e-02 -1.038589405516269701e-02 9.997089935697422991e-01 5.980394628247462929e-01
9.975285863402207909e-01 6.758418478096704651e-02 -1.921190780669045084e-02 1.200417467762834756e+00 -6.734335686541782773e-02 9.976462260405931648e-01 1.291820239269449166e-02 2.231783047409732745e+01 2.003975349593033195e-02 -1.159248180734993167e-02 9.997319754040923101e-01 6.163025448158581110e-01
9.977500260187930348e-01 6.456158042439835709e-02 -1.807451002383493252e-02 1.214461858316402409e+00 -6.430986094615664950e-02 9.978292510105152280e-01 1.417842067651381432e-02 2.252545462034346357e+01 1.895065604626295849e-02 -1.298415037259431290e-02 9.997361074176115414e-01 6.146641918965156659e-01
9.980498445787654438e-01 6.070616989489350385e-02 -1.453508421009542910e-02 1.226628959334803870e+00 -6.044602990608411580e-02 9.980142755820863298e-01 1.771392680791658222e-02 2.275955808787782075e+01 1.558156618877010353e-02 -1.680079376266989041e-02 9.997374395930409552e-01 6.068466654071580368e-01
9.979631902061599780e-01 5.843604618746872648e-02 -2.558709634796017124e-02 1.221905405315445226e+00 -5.790327379330195701e-02 9.980993932513728684e-01 2.109056839583112880e-02 2.295088024004242655e+01 2.677091476886222371e-02 -1.956603427415331414e-02 9.994500930137637518e-01 5.866475508170562181e-01
9.978963099576655393e-01 5.621146975495571602e-02 -3.229899752101229177e-02 1.215509957139392361e+00 -5.535294549168471440e-02 9.981047639197868637e-01 2.688738860546276491e-02 2.317644257361327575e+01 3.374916292694146031e-02 -2.504298122457242551e-02 9.991165312880757599e-01 6.071717382280470421e-01
9.978605058422140850e-01 5.240892616179330249e-02 -3.908599926941005304e-02 1.192850275946694127e+00 -5.129783935750633489e-02 9.982649195744536241e-01 2.890816535619337990e-02 2.336939845351144385e+01 4.053322782079043368e-02 -2.684128919365168925e-02 9.988176022862486070e-01 5.975202279079225853e-01
9.982499442497489994e-01 4.696178395454720517e-02 -3.593938860330558871e-02 1.201659549617225542e+00 -4.602428178483105453e-02 9.985892048627647011e-01 2.648330450948055761e-02 2.356545648480657817e+01 3.713238871340554526e-02 -2.478287270188500938e-02 9.990030004604985026e-01 6.119213163335754935e-01
9.985176534589063069e-01 4.397365689020543006e-02 -3.207511855974817805e-02 1.220303842063997557e+00 -4.335331581315527566e-02 9.988638524605905067e-01 1.978621377607355653e-02 2.376427161785700193e+01 3.290874866846556224e-02 -1.836632100585609134e-02 9.992895939184924803e-01 6.163708589635433777e-01
9.986433035328985408e-01 4.151886533672897311e-02 -3.142826959999116265e-02 1.240184034712604300e+00 -4.090557146053807464e-02 9.989645863028953077e-01 1.991204500226309224e-02 2.398630885270311452e+01 3.222245385419887642e-02 -1.859943907315226089e-02 9.993076474908906270e-01 5.955499979355662887e-01
9.987574011825173237e-01 3.739387214183774455e-02 -3.294467953075173872e-02 1.243738159047875103e+00 -3.662117631990791100e-02 9.990468699244671180e-01 2.375376052483058054e-02 2.418744553145215548e+01 3.380152404981554004e-02 -2.251777121219313699e-02 9.991748630502795825e-01 6.076228655021855829e-01
9.988429837261043609e-01 3.435047914861158458e-02 -3.365617986928862160e-02 1.243500803050914483e+00 -3.344904834495895929e-02 9.990759164386517899e-01 2.699026411661468658e-02 2.439208788999192024e+01 3.455220725148692995e-02 -2.583326875424055494e-02 9.990689601821896026e-01 5.895997140728252983e-01
9.987713105513916778e-01 3.029234839553419933e-02 -3.922043916300724242e-02 1.234561227869177102e+00 -2.922349685628235910e-02 9.991933085439701490e-01 2.754486145264264246e-02 2.458787209545767993e+01 4.002319890946287595e-02 -2.636485899143024836e-02 9.988508586167483827e-01 6.091396372280397653e-01
9.989889266600752160e-01 2.685409401062914536e-02 -3.605526376854095022e-02 1.247703769643100147e+00 -2.594182740126681902e-02 9.993372538791619464e-01 2.553575141518851094e-02 2.478598273335134650e+01 3.671710775147807998e-02 -2.457459346812702894e-02 9.990234948960122763e-01 6.319584570704641635e-01
9.995336325630109764e-01 2.409282853054863296e-02 -1.876307514213154323e-02 1.285054833818773501e+00 -2.370477280749783491e-02 9.995059824659235925e-01 2.063673329220933050e-02 2.497963331561218325e+01 1.925100313065799748e-02 -2.018233455838178148e-02 9.996109604492324774e-01 6.248466346644085956e-01
9.997182275157449061e-01 2.265909775521555633e-02 -7.073249726748068178e-03 1.322094193161731379e+00 -2.257128570876113308e-02 9.996700972726104695e-01 1.225698496462368330e-02 2.515922345637687485e+01 7.348648462869322023e-03 -1.209387894304887572e-02 9.998998627152021479e-01 6.257788418812713083e-01
9.997967322710021865e-01 2.016142578663659979e-02 1.051212440207412342e-04 1.339477167008632730e+00 -2.016139951287704984e-02 9.997397919452836179e-01 1.067081866040362446e-02 2.534472892099230279e+01 1.100450278780594200e-04 -1.067076901872597051e-02 9.999430596682197248e-01 6.248769242579865768e-01
9.997933955835580644e-01 1.787402144231455686e-02 -9.679127283935128057e-03 1.335002466187928949e+00 -1.777278005193436844e-02 9.997874751019680817e-01 1.044667020907365587e-02 2.555106896744025846e+01 9.863794235713842923e-03 -1.027248688055929296e-02 9.998985856458465493e-01 5.918387008611482036e-01
9.996802585789118512e-01 1.632828254981657026e-02 -1.930719546110686025e-02 1.316740189333017286e+00 -1.614322405754671855e-02 9.998226153342153477e-01 9.702277221224023945e-03 2.575732741488573652e+01 1.946219218453754812e-02 -9.387494619066020368e-03 9.997665217540289140e-01 6.013487791933923576e-01
9.995085318291434540e-01 1.646457997249203484e-02 -2.667606431015508497e-02 1.282193049752242908e+00 -1.623179575319766074e-02 9.998284708453458736e-01 8.919511964436188656e-03 2.593962448582979619e+01 2.681834460544852902e-02 -8.482127880824492233e-03 9.996043366748849079e-01 5.951507033336193020e-01
9.994257872858675062e-01 1.653206104846986421e-02 -2.957679268469604050e-02 1.284596893358866065e+00 -1.630033482086524002e-02 9.998346639406201497e-01 8.058775804975434193e-03 2.613629506011396941e+01 2.970513074792824337e-02 -7.572036729760010972e-03 9.995300242949241021e-01 6.126597712780129656e-01
9.994707374678825085e-01 1.719671725531419712e-02 -2.761372595373200525e-02 1.303861647161969284e+00 -1.697555406928828378e-02 9.998220844917443673e-01 8.223741643790034861e-03 2.634513514506677723e+01 2.775023440347312506e-02 -7.750630827482076456e-03 9.995848399272211360e-01 6.243137166299445040e-01
9.994687771517012376e-01 1.898385437626122496e-02 -2.649106966326441812e-02 1.302601122063419936e+00 -1.875133765454851248e-02 9.997836866552963775e-01 8.998179488615708904e-03 2.654904429531531207e+01 2.665615942044411921e-02 -8.496656457992225742e-03 9.996085513809827017e-01 6.137437705137575028e-01
9.994570292915299081e-01 2.048453267214745896e-02 -2.580756712582037496e-02 1.301509349088151968e+00 -2.027384370260705906e-02 9.997591829859260315e-01 8.399243825247567144e-03 2.673227139774825645e+01 2.597340680912424080e-02 -7.871464699623737307e-03 9.996316432477566627e-01 6.147845538148628552e-01
9.994146577768859840e-01 1.923980215809096422e-02 -2.828730870244358306e-02 1.300545282905610778e+00 -1.905009941649255661e-02 9.997943008916777563e-01 6.960575891625151411e-03 2.693190156014083669e+01 2.841541013132789853e-02 -6.417625529652029419e-03 9.995755992168023907e-01 6.028591125461709721e-01
9.993335075497923325e-01 2.015274404070175468e-02 -3.043694458809970485e-02 1.293174237622505052e+00 -2.003212090156591962e-02 9.997902492334599378e-01 4.262824167268200286e-03 2.711983120592933005e+01 3.051646801997469002e-02 -3.650266473281077624e-03 9.995275987856763189e-01 5.805058956640181123e-01
9.992317473221143942e-01 2.293243493793292037e-02 -3.178078934532100469e-02 1.296069426852764384e+00 -2.285230792770890501e-02 9.997346972140473964e-01 2.882222877233903396e-03 2.730206260049242672e+01 3.183845420197670834e-02 -2.153744217485279323e-03 9.994907074204714137e-01 6.067537220220853289e-01
9.993555341535508285e-01 2.178886285709407539e-02 -2.852651068858217190e-02 1.314859242860341393e+00 -2.166998819520250807e-02 9.997551865610617705e-01 4.469737786078599451e-03 2.749984809859583379e+01 2.861691751902762856e-02 -3.848688042860994984e-03 9.995830428894129094e-01 6.371999382248386690e-01
9.996716505939563513e-01 1.996625650509891228e-02 -1.606049812202155203e-02 1.362840124190954683e+00 -1.980942471929172596e-02 9.997550983389581480e-01 9.865598691966332920e-03 2.771307921125356089e+01 1.625354395341447461e-02 -9.544210099993047716e-03 9.998223494013932511e-01 6.810149492936511395e-01
9.997096408840372428e-01 2.276756814306277882e-02 -7.891246058787099518e-03 1.374837767759399920e+00 -2.266115067674662198e-02 9.996544344056791376e-01 1.332231297739002243e-02 2.790857358227042795e+01 8.191835784188800443e-03 -1.313962000640587005e-02 9.998801149200698957e-01 6.346820775248519508e-01
9.996288563376496406e-01 2.571298186481877496e-02 -8.999563361750945525e-03 1.369063752281917123e+00 -2.560483416792941336e-02 9.996009216909128581e-01 1.193272064159623877e-02 2.807851459517442905e+01 9.302797660677328620e-03 -1.169785956049410741e-02 9.998883027805592905e-01 6.181984429621811827e-01
9.995603047891423731e-01 2.522625245319953108e-02 -1.558310870796161991e-02 1.364384601633686467e+00 -2.509476160694280866e-02 9.996482842998448692e-01 8.576749749602784190e-03 2.827204201155296914e+01 1.579398713838319965e-02 -8.181924195691789303e-03 9.998417905282458440e-01 6.198087225746498063e-01
9.994519021626298017e-01 2.506061654923320489e-02 -2.163008926642193477e-02 1.351984638289077889e+00 -2.492025251755675477e-02 9.996667570973191141e-01 6.734669181987291975e-03 2.844839069907137485e+01 2.179165615464526487e-02 -6.191950637876713140e-03 9.997433588023156847e-01 6.197376590539771524e-01
9.992561595907499816e-01 2.794367221610792595e-02 -2.657590455703053023e-02 1.364170483431148995e+00 -2.777200593423310299e-02 9.995911076248819027e-01 6.806852697881901962e-03 2.863298345179912019e+01 2.675524633290823906e-02 -6.063723306719939407e-03 9.996236231969135577e-01 6.395216717264233797e-01
9.992299421875818766e-01 3.110510505730977593e-02 -2.391641852735298251e-02 1.370209539613384653e+00 -3.097555556705981067e-02 9.995034971904365184e-01 5.768367307917156121e-03 2.879559161102012510e+01 2.408396962948136655e-02 -5.023100980547715901e-03 9.996973196240077630e-01 6.462100458327136865e-01
9.993499656412617727e-01 3.194922909894904600e-02 -1.670008780790414524e-02 1.398705836766025223e+00 -3.190037862262767171e-02 9.994859835442031493e-01 3.183479607262628547e-03 2.898282583393385536e+01 1.679321340726189563e-02 -2.648671112034295047e-03 9.998554758187797598e-01 6.369456643961588505e-01
9.993502890779728531e-01 3.291597370097945618e-02 -1.468122593956744902e-02 1.404324286315352444e+00 -3.289850248205336558e-02 9.994576747181972420e-01 1.430028437695929052e-03 2.918077648274173086e+01 1.472033471801941461e-02 -9.461089845887026440e-04 9.998912023933297366e-01 6.192275743208337513e-01
9.991975214817365725e-01 3.449651726065872115e-02 -2.035444328985027210e-02 1.400062135355256698e+00 -3.440632970502457977e-02 9.993965692666226808e-01 4.764642099227276925e-03 2.936722529101824719e+01 2.050652435162524448e-02 -4.060496889502619375e-03 9.997814735351053805e-01 6.512125207572171393e-01
9.990141044769489387e-01 3.572045089384515842e-02 -2.636035743422518104e-02 1.385056878619082221e+00 -3.553386142801619879e-02 9.993402294130672159e-01 7.513359345373558582e-03 2.956419193623883857e+01 2.661134622927327151e-02 -6.569266669771147218e-03 9.996242699070921889e-01 6.551129277519172067e-01
9.988030454527456747e-01 3.668850407993714396e-02 -3.234857126206400202e-02 1.381767164664662095e+00 -3.639043982501664193e-02 9.992900316919459680e-01 9.755431843416650928e-03 2.975640797859621500e+01 3.268351700264585102e-02 -8.566576298973841569e-03 9.994290377444772222e-01 6.569103874996025105e-01
9.987885070184456815e-01 3.640199043282370955e-02 -3.311213282760537557e-02 1.389151370747346181e+00 -3.611396953270675642e-02 9.993048175633201247e-01 9.255419997509265265e-03 2.994369026588086768e+01 3.342602956462370489e-02 -8.048396565041865056e-03 9.994087871638295262e-01 6.593339312633937910e-01
9.989966079626032558e-01 3.743053249294489571e-02 -2.459130977616517597e-02 1.405425250611506138e+00 -3.728435934880156011e-02 9.992843547857302999e-01 6.376113896104413856e-03 3.013405268748170585e+01 2.481237246137809119e-02 -5.452844923639288410e-03 9.996772542451271004e-01 6.779355008546422701e-01
9.990830660539641306e-01 3.976078120439950625e-02 -1.587789035817375669e-02 1.433310911152562150e+00 -3.974696788298852368e-02 9.992090747096218362e-01 1.184720241216235571e-03 3.031451520861718052e+01 1.591243753543105169e-02 -5.525359328945630803e-04 9.998732364833673447e-01 6.675326093765737712e-01
9.991468602384123709e-01 4.047398053183320910e-02 -8.210272567420590778e-03 1.461629641989987682e+00 -4.049279833571914344e-02 9.991775412320625938e-01 -2.138780117872290769e-03 3.050060367013170293e+01 8.116955011907723422e-03 2.469412350866289838e-03 9.999640078742714211e-01 6.646593896937115220e-01
9.990672362513217664e-01 4.140645321188687195e-02 -1.225410468200245628e-02 1.474675838220284918e+00 -4.142408690640633079e-02 9.991409471497617600e-01 -1.188592717212744307e-03 3.069713346513243479e+01 1.219436234971500721e-02 1.695099138321655820e-03 9.999242092107757385e-01 6.591578583773528566e-01
9.987257477860277399e-01 4.342267359337340787e-02 -2.571676743377732111e-02 1.454020015091811446e+00 -4.333796954017626185e-02 9.990530804973832835e-01 3.842231750389648627e-03 3.089395410230153871e+01 2.585925570031728793e-02 -2.722823294358281757e-03 9.996618854032264245e-01 6.701106640035349171e-01
9.985014451883447162e-01 4.500747465017670285e-02 -3.113183551287465253e-02 1.426851771689339632e+00 -4.490437434983386017e-02 9.989832683295581939e-01 4.003343832848203082e-03 3.112730426319874866e+01 3.128036318582258501e-02 -2.599389006617202139e-03 9.995072696362720110e-01 6.535474803620811013e-01
9.983815892733078901e-01 4.565387046667990917e-02 -3.391056342079200314e-02 1.414328922091170115e+00 -4.561255987220211999e-02 9.989572210089088244e-01 1.991224764516750026e-03 3.131403402074619535e+01 3.396610931515002541e-02 -4.412545406676187222e-04 9.994228878269806327e-01 6.381165573401913482e-01
9.978454072666035346e-01 4.752631135494857911e-02 -4.523044246896765902e-02 1.446797018306713145e+00 -4.782702356976812480e-02 9.988399963706712237e-01 -5.589048818391170043e-03 3.150690074396468177e+01 4.491234811722664283e-02 7.740244132454823442e-03 9.989609449860225032e-01 7.158524321697983250e-01
9.980368331850171248e-01 5.122453232733555767e-02 -3.603507865771968244e-02 1.486210164412907764e+00 -5.155088868367262850e-02 9.986368188434365800e-01 -8.185959087662720429e-03 3.169408010333382109e+01 3.556663439160197282e-02 1.002752901302450886e-02 9.993169983443427329e-01 7.192340463616547774e-01
9.978989388904925262e-01 5.514676413588304876e-02 -3.400797210317464681e-02 1.506738239515032829e+00 -5.547566524645074909e-02 9.984212233973159822e-01 -8.804046528191760562e-03 3.190221770345685215e+01 3.346876643518188754e-02 1.067216356453143389e-02 9.993827828205562591e-01 7.301623717494543087e-01
9.976511412615107766e-01 5.801277252948215668e-02 -3.642414807579823915e-02 1.512578875719850835e+00 -5.832672973328573152e-02 9.982684957254430724e-01 -7.615972733760879680e-03 3.214019671409424461e+01 3.591925581391349626e-02 9.722585330235353554e-03 9.993073993503054364e-01 7.053478798162292618e-01
9.972514875317718408e-01 6.155444013179233592e-02 -4.123738007839419101e-02 1.517607969626175279e+00 -6.187807402398718543e-02 9.980617813751656575e-01 -6.616986724567324590e-03 3.234902985986266799e+01 4.075014810709663010e-02 9.150489511098921364e-03 9.991274663279741119e-01 6.873575235862668942e-01
9.969910833316460996e-01 6.488175372592776269e-02 -4.241624441931100137e-02 1.513297592542039771e+00 -6.533096953604285162e-02 9.978204027463100090e-01 -9.290225114192428996e-03 3.254253390302125837e+01 4.172102799154536051e-02 1.203336597298492947e-02 9.990568321805766150e-01 6.809600955923613697e-01
9.970723281974712693e-01 6.490481327464751871e-02 -4.042446730208336392e-02 1.552759669298090728e+00 -6.535104495175346473e-02 9.978140600196343524e-01 -9.815424129773923922e-03 3.274543555909408354e+01 3.969903357246831743e-02 1.242846896912846305e-02 9.991343853018448407e-01 7.143622302263814561e-01
9.970938397515077822e-01 6.879730465623032365e-02 -3.272316613092762089e-02 1.604266019782259578e+00 -6.908963057476483205e-02 9.975792811492164569e-01 -7.886746404885125461e-03 3.294955615217975264e+01 3.210136565065385000e-02 1.012465771521575686e-02 9.994333362608597282e-01 7.847577155023606199e-01
9.970499361855190701e-01 7.472818629075429764e-02 -1.752492299973362755e-02 1.620304070421562548e+00 -7.477006153314132153e-02 9.971992733036537659e-01 -1.745629111529170725e-03 3.315439433375240696e+01 1.734539278259594752e-02 3.050818965307390725e-03 9.998449028988738441e-01 7.303547030937288520e-01
9.967254119408111013e-01 7.932034760188022560e-02 -1.570782122820487542e-02 1.665908666748841194e+00 -7.935118100894644755e-02 9.968458113293822143e-01 -1.348520504490887621e-03 3.334955505203119941e+01 1.555131068128230189e-02 2.590538820884766714e-03 9.998757151989999814e-01 7.445038011911450093e-01
9.965392407305305733e-01 8.014064314133187428e-02 -2.206850699778686864e-02 1.653452579226269537e+00 -8.017465084018901567e-02 9.967806132222285509e-01 -6.591410863566809445e-04 3.355416697748859889e+01 2.194463594757153913e-02 2.426194800844013941e-03 9.997562435573568163e-01 7.038215036406805236e-01
9.956994094328776024e-01 8.498833832491839435e-02 -3.687368172271469902e-02 1.655324021380851773e+00 -8.483380838164500393e-02 9.963785918037684208e-01 5.738183563271556133e-03 3.375809337280929867e+01 3.722782575554463291e-02 -2.585371135576389028e-03 9.993034598387049439e-01 7.217095888790644453e-01
9.949142335269451909e-01 9.046271343686095034e-02 -4.429633622695668821e-02 1.661721362147108305e+00 -9.002228180557904358e-02 9.958693371614905088e-01 1.184280710179834786e-02 3.397149175222836703e+01 4.518469546215988369e-02 -7.794920087715390827e-03 9.989482381569216862e-01 7.510671176863659149e-01
9.948821063252365482e-01 9.171274915974853004e-02 -4.240714745678735020e-02 1.666953303942946496e+00 -9.120508439143093504e-02 9.957370755615578828e-01 1.375895829153650149e-02 3.414446161505023269e+01 4.348824088202032923e-02 -9.820793943328767067e-03 9.990056681076989742e-01 8.009463843302251362e-01
9.949888269596226520e-01 9.251931382580019791e-02 -3.791320079757539568e-02 1.692624544589132363e+00 -9.214575284501314023e-02 9.956792525981015274e-01 1.148852376554993296e-02 3.433657139116553481e+01 3.881229776939169179e-02 -7.937412354725538466e-03 9.992149933958012209e-01 7.889167809571413503e-01
9.948099813701066774e-01 9.605715947584966830e-02 -3.355775737201902031e-02 1.716477187948287630e+00 -9.582344118531346822e-02 9.953619805073158355e-01 8.508576846845352856e-03 3.454111686144091919e+01 3.421942556228677046e-02 -5.248797384647662170e-03 9.994005608564575649e-01 7.818072461686543795e-01
9.942467559705489011e-01 1.009171228100208678e-01 -3.590435302002913109e-02 1.729203333500805462e+00 -1.007224287702498527e-01 9.948885467228970603e-01 7.195272213318171239e-03 3.470679579790610347e+01 3.644695576672560278e-02 -3.537502416814834044e-03 9.993293278454252748e-01 7.617704837573349153e-01
9.941924593697496482e-01 1.011625960184211054e-01 -3.670807675624471883e-02 1.758883019724219787e+00 -1.009800124289424589e-01 9.948652217404363451e-01 6.799092674993752368e-03 3.488866829553945337e+01 3.720740278733856293e-02 -3.052824620946722849e-03 9.993029017468399999e-01 7.470094897877912477e-01
9.940424276136672344e-01 1.010516514504734009e-01 -4.084379809786644472e-02 1.780869401199287161e+00 -1.007588137765748071e-01 9.948686111208540073e-01 9.171044259001469301e-03 3.510057888069493970e+01 4.156096185442244989e-02 -5.001034452499260839e-03 9.991234538855247038e-01 7.633193950662846561e-01
9.939329930104752187e-01 1.026901068112331811e-01 -3.939476320954499872e-02 1.801988966807031245e+00 -1.022983837794240874e-01 9.946833053074363162e-01 1.183903791661486404e-02 3.528059440700406668e+01 4.040106534927342258e-02 -7.737189785115942964e-03 9.991535866986981373e-01 8.491988617710870546e-01
9.940077637546628209e-01 1.030197622505657912e-01 -3.654441381786328880e-02 1.839421130338601218e+00 -1.026505476129714739e-01 9.946469584054852264e-01 1.184454344725580088e-02 3.543612273795267242e+01 3.756901210055189899e-02 -8.022264054102976744e-03 9.992618338599923433e-01 8.811584382292600992e-01
9.942832809479014156e-01 1.013412033219064368e-01 -3.362614662349066447e-02 1.881594326166820874e+00 -1.010399723418287099e-01 9.948264900745910078e-01 1.054412798822752448e-02 3.557675553232233057e+01 3.452073603848795219e-02 -7.086265246069684172e-03 9.993788589059823257e-01 8.739281952354494010e-01
9.942851670978856138e-01 1.010350285850059732e-01 -3.448085683327287154e-02 1.889764572557434130e+00 -1.007484352860353177e-01 9.948621288641849025e-01 9.954764650031762419e-03 3.574687381794472429e+01 3.530947856518398820e-02 -6.423982460202915662e-03 9.993557790761035120e-01 8.602650838256884480e-01
9.942732885504567131e-01 1.009125283591026517e-01 -3.517512324404314938e-02 1.883849360549993524e+00 -1.006455067671899600e-01 9.948790186139253588e-01 9.285488106088091165e-03 3.590571576151726418e+01 3.593201417449125301e-02 -5.692094690541271707e-03 9.993380261029788381e-01 8.360014245199333116e-01
9.942220937178910534e-01 1.004537219300132289e-01 -3.783487959040873760e-02 1.881834508451907917e+00 -1.001798851490847686e-01 9.949279995217469308e-01 9.070081541583034299e-03 3.607872105513986583e+01 3.855410451209226319e-02 -5.227381568468083065e-03 9.992428411088108975e-01 8.011156436116013690e-01
9.944285334288148759e-01 9.784787074289608144e-02 -3.921334076176151429e-02 1.882913494478501093e+00 -9.763649968257265277e-02 9.951955587325979069e-01 7.274187834206662616e-03 3.624019647894105844e+01 3.973670636013400259e-02 -3.405006607017517332e-03 9.992043835460564516e-01 7.699249428013631436e-01
9.946477712003224392e-01 9.533107613822343340e-02 -3.984717265452285273e-02 1.893408055105906262e+00 -9.514727953109987368e-02 9.954420623057810280e-01 6.488126867156411223e-03 3.642053140870946493e+01 4.028407184064008995e-02 -2.662050852598171324e-03 9.991847211808216889e-01 7.737262499644763647e-01
9.947194703735194876e-01 9.547023851531750982e-02 -3.766442376637664513e-02 1.923815775665113526e+00 -9.530004111628455343e-02 9.954287039310465435e-01 6.292658690208237371e-03 3.658764914017228165e+01 3.809301016012367480e-02 -2.670008986008404889e-03 9.992706308247808478e-01 8.012972457206091192e-01
9.947128365560473640e-01 9.567108055861196780e-02 -3.732850298859678728e-02 1.957622788876243636e+00 -9.544198853436912378e-02 9.954038374184133176e-01 7.875739793965436455e-03 3.674703639200688343e+01 3.791041565622108034e-02 -4.271392916189883232e-03 9.992720128109903177e-01 8.419162212946461610e-01
9.950209613216097759e-01 9.307187284977476438e-02 -3.564986696826311086e-02 1.997478972974948253e+00 -9.282886703909461190e-02 9.956465126414961730e-01 8.415658563951209856e-03 3.691673850051184758e+01 3.627792682689562342e-02 -5.064419913698863657e-03 9.993289066549011501e-01 8.593568862294842514e-01
9.952086493157157321e-01 9.086805184595157792e-02 -3.609351023259192021e-02 2.015962995166206806e+00 -9.059030942850233858e-02 9.958451860535059152e-01 9.260737103838101100e-03 3.709395806668907625e+01 3.678505355218290168e-02 -5.946643404447334719e-03 9.993055074737572374e-01 8.642891322447545654e-01
9.951551868797693379e-01 9.081475659637809617e-02 -3.766741311308674511e-02 2.014577432560999082e+00 -9.051422650451311502e-02 9.958487750422974072e-01 9.612078185566188746e-03 3.727734685707466866e+01 3.838396574848715326e-02 -6.156072700703074836e-03 9.992441012797236288e-01 8.707739546850418177e-01
9.953065021692582004e-01 8.905603928645050571e-02 -3.786804201706934353e-02 2.020649072128828827e+00 -8.876282885630276676e-02 9.960088264910953448e-01 9.358299271652244580e-03 3.741903146949294268e+01 3.855031715852735158e-02 -5.953101581636905011e-03 9.992389271983631582e-01 8.592467169654659509e-01
9.954224323624075721e-01 8.704971168155474504e-02 -3.945286866460188946e-02 2.021783821479293142e+00 -8.672728286066137826e-02 9.961837414914836986e-01 9.814866052857156367e-03 3.758228695552357834e+01 4.015668757896952157e-02 -6.348297739306842449e-03 9.991732280032817881e-01 8.574445561334524957e-01
9.954745691781793360e-01 8.634570484588069417e-02 -3.968376713703316433e-02 2.061724727325813689e+00 -8.597113294888170110e-02 9.962363080926190939e-01 1.105363005866998385e-02 3.776396822814509591e+01 4.048884314232659848e-02 -7.591949200059135670e-03 9.991511476690300153e-01 8.856964624991652268e-01
9.958039845118911160e-01 8.359807305295260949e-02 -3.722615494614688048e-02 2.101219403706471311e+00 -8.309012321909869936e-02 9.964292622205336292e-01 1.499189161106525420e-02 3.793792774890159336e+01 3.834652335840019188e-02 -1.183585960022057182e-02 9.991944037943004675e-01 9.549445994993661646e-01
9.964454552450993097e-01 8.151652722170525667e-02 -2.124877669654971074e-02 2.100596259160877111e+00 -8.112384050301225946e-02 9.965280008443384574e-01 1.873141839872510123e-02 3.810798668097865516e+01 2.270192113960127489e-02 -1.694105436208903637e-02 9.995987312185184992e-01 8.856970526032488245e-01
9.964272331168422259e-01 8.165526800417208242e-02 -2.156817818641794740e-02 2.112222950836149860e+00 -8.125593965830005261e-02 9.965162211690180571e-01 1.878545227742562176e-02 3.825144222180861675e+01 2.302697056412203111e-02 -1.696579365038865597e-02 9.995908765452251599e-01 8.771882119957573609e-01
9.964880604291592725e-01 8.050127479023277965e-02 -2.304539388423857901e-02 2.127054386053877977e+00 -8.005949821650329423e-02 9.965994921323488853e-01 1.949176818213361681e-02 3.842000924402452711e+01 2.453614002759956295e-02 -1.757831159957531572e-02 9.995443866051443305e-01 8.760107939995216420e-01
9.967000676266213333e-01 7.715714216628097311e-02 -2.521409537978185414e-02 2.115882532444115061e+00 -7.662278180835946362e-02 9.968280071989722435e-01 2.151449213144963901e-02 3.858630985070631425e+01 2.679411317877435431e-02 -1.951152163358808173e-02 9.994505370564893409e-01 8.983801983751069642e-01
9.968096888149542423e-01 7.573816540965176702e-02 -2.518282321373540439e-02 2.159019244056350040e+00 -7.517068420327520373e-02 9.969107551019669167e-01 2.276652363532294041e-02 3.877454121818794874e+01 2.682932203849913710e-02 -2.080088128917794918e-02 9.994235892836170754e-01 9.055011151402624359e-01
9.968640244514638260e-01 7.545149221811932316e-02 -2.385768380397275054e-02 2.180697387683988353e+00 -7.489359544582212258e-02 9.969152267864260786e-01 2.347296237304287436e-02 3.895283749099347403e+01 2.555515829786219120e-02 -2.161256401790022375e-02 9.994397585452278188e-01 9.301078117115532118e-01
9.971426631369887383e-01 7.308193066059470722e-02 -1.911912035094478698e-02 2.229525474119212980e+00 -7.257629634270446051e-02 9.970258767729250904e-01 2.592454926041917046e-02 3.912645965427357453e+01 2.095687384248492643e-02 -2.446287914575841910e-02 9.994810538387659538e-01 9.532015597374151605e-01
9.975350554101209966e-01 6.993339720971160356e-02 -5.756143034670129638e-03 2.222936338162604386e+00 -6.972085892251141115e-02 9.970765615051466746e-01 3.126231482441323845e-02 3.929755041088640155e+01 7.925595184851440267e-03 -3.078393171416167126e-02 9.994946395499996195e-01 8.630018967094694737e-01
9.974614274846715922e-01 7.087007822877883223e-02 -6.937772847831060602e-03 2.220479996078170259e+00 -7.062266968238717357e-02 9.970195250821223265e-01 3.105648292952290987e-02 3.946949054905766729e+01 9.118070364598190869e-03 -3.048767975537144612e-02 9.994935528436189598e-01 8.799599286742600945e-01
9.973400341658098522e-01 7.246319099939857455e-02 -7.870336735235374664e-03 2.220463759969322215e+00 -7.218026907143246240e-02 9.968880184410086054e-01 3.169049456122432357e-02 3.963291646615618902e+01 1.014223875270766836e-02 -3.103811590519080926e-02 9.994667429955531590e-01 8.559058052704777708e-01
9.971876914346105014e-01 7.266644819494090524e-02 -1.833835756124371774e-02 2.220516193048271525e+00 -7.200283137255460153e-02 9.968051574865929298e-01 3.456978857997302507e-02 3.978570120215874795e+01 2.079183314783766834e-02 -3.315215400031402276e-02 9.992340238199918234e-01 8.349180536545914855e-01
9.969730172972236515e-01 7.257211013032041635e-02 -2.789429354728991881e-02 2.183122823067769058e+00 -7.152904171914878373e-02 9.967619606913045160e-01 3.673132055299026949e-02 3.997499674966512373e+01 3.046964016869921701e-02 -3.462488339415594613e-02 9.989357929706649264e-01 7.978957468694264366e-01
9.959639247346082636e-01 7.489196709591022794e-02 -4.946770554352374061e-02 2.177753573229821438e+00 -7.307689351827340030e-02 9.966196661763898623e-01 3.753676363486978251e-02 4.016097908622609935e+01 5.211169025232820218e-02 -3.377031618102284416e-02 9.980701064975742165e-01 8.469687830735682654e-01
9.957072812190476130e-01 7.661293341415528757e-02 -5.193715973222549215e-02 2.159871149947285573e+00 -7.464388926468307206e-02 9.964532082918444722e-01 3.884962651469955203e-02 4.033681061035176185e+01 5.472933329407756592e-02 -3.480606439355251464e-02 9.978944022082785192e-01 8.546717644616607101e-01
9.958928296586988527e-01 7.840333619036921053e-02 -4.528121805572120351e-02 2.197634397100631798e+00 -7.673846640899464888e-02 9.963493091386493861e-01 3.740670998807049674e-02 4.049015183694871922e+01 4.804872118574468609e-02 -3.377826302751452126e-02 9.982736845871770237e-01 9.126871459177717805e-01
9.962159965326765620e-01 8.125587032104904239e-02 -3.084107311322150519e-02 2.244833337689329245e+00 -8.024584431370641868e-02 9.962390372757596868e-01 3.268616034727613029e-02 4.065784813780570772e+01 3.338102339333839236e-02 -3.008760785167733862e-02 9.989897112237828836e-01 9.200943544723427792e-01
9.962906157367698023e-01 8.522573048866197154e-02 -1.189890152585761085e-02 2.301505153490314370e+00 -8.483068517874867154e-02 9.959288883922797764e-01 3.048612992529396368e-02 4.079722110282706637e+01 1.444866246239200763e-02 -2.936365318538932886e-02 9.994643625585937219e-01 8.764706304299363371e-01
9.959236375428772714e-01 8.952142022819806200e-02 -1.104642492800182209e-02 2.339170687058511167e+00 -8.914903594300743750e-02 9.955498487149536668e-01 3.054419935217337484e-02 4.095303152541632130e+01 1.373162677165307329e-02 -2.943491199170313738e-02 9.994723749970504389e-01 8.737425002767088555e-01
9.957025425335384039e-01 9.201236371503977718e-02 -1.049627151984502960e-02 2.347575085422116903e+00 -9.164568590818629457e-02 9.953008233993645426e-01 3.126242464949014616e-02 4.111838208176790488e+01 1.332347727378796823e-02 -3.016613770634574143e-02 9.994560966291698989e-01 8.631875839866492983e-01
9.953167667617088821e-01 9.606142997323190158e-02 -1.080441921233720771e-02 2.343711049540350366e+00 -9.569914725361840235e-02 9.949537120694795789e-01 3.014604541384152681e-02 4.128725712661261582e+01 1.364576923256131426e-02 -2.897089074676510723e-02 9.994871087069561177e-01 8.537343126007785887e-01
9.948244513813190304e-01 1.011949203455983770e-01 -9.159641374288447074e-03 2.355484356240121535e+00 -1.009172785786541515e-01 9.945308100410397145e-01 2.691042109279632305e-02 4.143416222706356677e+01 1.183274347460854664e-02 -2.584677881983174497e-02 9.995958834481576405e-01 8.563249577097409304e-01
9.944410233870288884e-01 1.052923122554516450e-01 -7.615673700841758646e-04 2.407708669561452908e+00 -1.052667291555105938e-01 9.943151813831655472e-01 1.600736717461879316e-02 4.160652718162454278e+01 2.442690700658376336e-03 -1.583821488877951850e-02 9.998715838602864059e-01 8.753509265053858179e-01
9.937124356691923177e-01 1.119544948729410544e-01 1.336515673626146542e-03 2.462731135651721637e+00 -1.119614773830127502e-01 9.935824807426251182e-01 1.607736121209411839e-02 4.176259883795823669e+01 4.719942948369446750e-04 -1.612591203856818256e-02 9.998698576226358048e-01 8.995079697158472332e-01
9.927612366877988093e-01 1.200835922907414755e-01 2.248953681890311727e-03 2.509481018770657546e+00 -1.201046498205378954e-01 9.925879023863735107e-01 1.855071771401459874e-02 4.190823819585919097e+01 -4.647395001250876484e-06 -1.868654325363743735e-02 9.998253912957160150e-01 9.004283557306029806e-01
9.922015909901599207e-01 1.246377347929474300e-01 1.199125630713545731e-03 2.498397447319501197e+00 -1.246352546592094379e-01 9.919793427488018400e-01 2.104844069495935902e-02 4.205844463588856996e+01 1.433922114114961639e-03 -2.103374967375307505e-02 9.997777379208003801e-01 8.967063484608304158e-01
9.916377686901390875e-01 1.290033288473564910e-01 -3.560456928957993032e-03 2.517739816543973497e+00 -1.288951962245055149e-01 9.914139777647763552e-01 2.200802314770259130e-02 4.222656732742328245e+01 6.368995014001714410e-03 -2.136506117296179189e-02 9.997514541442724667e-01 8.685624532039709633e-01
9.906093024183023621e-01 1.366360885530854552e-01 -4.877424242132449503e-03 2.494018996889840967e+00 -1.365204730655601995e-01 9.904530302345215809e-01 1.910380415544399996e-02 4.238520602947341587e+01 7.441128696643447768e-03 -1.825853784308289346e-02 9.998056088058081547e-01 8.542508064216753905e-01
9.894031390294986128e-01 1.451132022980604341e-01 -4.856644662404195102e-03 2.518126468420828434e+00 -1.450102052255231311e-01 9.892792409739066262e-01 1.728073373855453995e-02 4.252858034409906907e+01 7.312240356164979686e-03 -1.639334916645615245e-02 9.998388816424775838e-01 8.367171694204068588e-01
9.883489518201006296e-01 1.521318922932196616e-01 -4.715589400331329784e-03 2.544477300383912066e+00 -1.520325011371809754e-01 9.882296059560657930e-01 1.698129882818058545e-02 4.265655847396786982e+01 7.243482179267776710e-03 -1.606652604650783689e-02 9.998446872923392181e-01 8.418180104584213064e-01
9.870741599840671121e-01 1.600895931580553211e-01 -7.478292200544278331e-03 2.540437919000475553e+00 -1.599493141027020782e-01 9.869853847613496711e-01 1.661526965070427714e-02 4.281417598810175207e+01 1.004089686350462772e-02 -1.520435562524104223e-02 9.998339902004720336e-01 8.071798147814125413e-01
9.859400551185627526e-01 1.668412851616710713e-01 -9.284033520378171672e-03 2.560141219374524102e+00 -1.666770723871927040e-01 9.858767711772711273e-01 1.630170523329224977e-02 4.294626309949019571e+01 1.187271044202120249e-02 -1.452506862911752579e-02 9.998240150786934510e-01 7.918713001064331403e-01
9.851247635048444584e-01 1.716301757617167689e-01 -8.501946690399312181e-03 2.594448518039193630e+00 -1.714680935886905011e-01 9.850413259069388250e-01 1.709617315541481913e-02 4.312158761365420645e+01 1.130898804421763722e-02 -1.538405094577044961e-02 9.998177022667250613e-01 8.182852919862437790e-01
9.837302992330700935e-01 1.794754976329005214e-01 -7.952617194177355117e-03 2.649347218600324183e+00 -1.793156443355840846e-01 9.836341013658482790e-01 1.760267953223414519e-02 4.327145309733984391e+01 1.098171513602143150e-02 -1.589026052722037827e-02 9.998134333729710166e-01 8.456705509226678519e-01
9.819458625078533176e-01 1.890437154843755130e-01 -6.693036647925639654e-03 2.684103807902570527e+00 -1.889068531884977864e-01 9.818442197463786991e-01 1.720839821262456354e-02 4.338939012379385218e+01 9.824658880965699698e-03 -1.563335493383930658e-02 9.998295226144231496e-01 8.593258534364606183e-01
9.806575692956183143e-01 1.956479893857793473e-01 -5.709293521237300550e-03 2.762841235134491757e+00 -1.955307507915069187e-01 9.805560658447548539e-01 1.665914853665993733e-02 4.351342145310173493e+01 8.857611310013958558e-03 -1.522057766179897575e-02 9.998449263448416779e-01 8.807366375320707652e-01
9.797479726018663015e-01 2.001838953431676338e-01 -4.507574488380915873e-03 2.809113073127318838e+00 -2.000892435543441261e-01 9.796461726610091736e-01 1.605213395429446951e-02 4.366180803856792636e+01 7.629206799067761099e-03 -1.482512852800858989e-02 9.998609957227779788e-01 8.940524873052055899e-01
9.781219300610857204e-01 2.080067154009372088e-01 -3.270517037121866040e-03 2.867912074355605689e+00 -2.079345915235764342e-01 9.780232029876593236e-01 1.529117607259465605e-02 4.381886632728874531e+01 6.379308857549454391e-03 -1.427658102884534624e-02 9.998777343518689964e-01 8.890915645680300683e-01
9.760228572094439281e-01 2.176296423591907170e-01 -4.089128430863807340e-03 2.894615076519265973e+00 -2.175401527134579183e-01 9.759211180236896377e-01 1.594532385362397095e-02 4.396401740653499957e+01 7.460841917556720881e-03 -1.467345092342891601e-02 9.998645036583101442e-01 9.000116655291052759e-01
9.748753316123136559e-01 2.227183666951313146e-01 -3.823212057211373971e-03 2.937504699096560312e+00 -2.226186874947908845e-01 9.747438527939581432e-01 1.775785512068074265e-02 4.409159487683820089e+01 7.681652939181318404e-03 -1.646057644930640565e-02 9.998350072042279102e-01 9.113878113907749601e-01
9.741352101356374193e-01 2.259388097187516320e-01 -3.499519520053017124e-03 2.985442211351545971e+00 -2.258444572909162340e-01 9.740025616839542710e-01 1.770002666852023288e-02 4.425544058080537013e+01 7.407663934670263156e-03 -1.645187211136000388e-02 9.998372179605350407e-01 9.349611300174748285e-01
9.722749310262690514e-01 2.338079212804535512e-01 -3.913367396130445347e-03 3.013679528418189868e+00 -2.337108827832864166e-01 9.721567074575957479e-01 1.704580340915312284e-02 4.440621912231657831e+01 7.789850224543438603e-03 -1.565861078511671459e-02 9.998470513742386823e-01 9.238345265567762254e-01
9.705147178144127862e-01 2.409977854561282939e-01 -4.609762559247038323e-03 3.035825275092503439e+00 -2.408987904565529081e-01 9.704200840861073596e-01 1.589443798572683086e-02 4.452623792770000222e+01 8.303930525991431999e-03 -1.431529977172184449e-02 9.998630490873563481e-01 8.959455955930696325e-01
9.699881655470330433e-01 2.431233731754562366e-01 -3.739533993627474750e-03 3.102299767513193363e+00 -2.430358602279955593e-01 9.698852230639724015e-01 1.600702112782666220e-02 4.467222211159995737e+01 7.518599732652703205e-03 -1.461778019866009741e-02 9.998648864522264867e-01 9.178443890420543427e-01
9.692019539880066814e-01 2.462435540065833761e-01 -3.418259211452043689e-03 3.174752471645501561e+00 -2.461563731921480591e-01 9.690886732911067059e-01 1.655847927107691533e-02 4.486308288695921931e+01 7.390015068845484647e-03 -1.520708417447596238e-02 9.998570559175909978e-01 9.368491977824493500e-01
9.676237911299182537e-01 2.523917336347846208e-01 -1.616054514023122042e-03 3.206947941303423200e+00 -2.523394598840913439e-01 9.675203239734024852e-01 1.514000276774885544e-02 4.502791547780709180e+01 5.384777132753901067e-03 -1.424203255263476083e-02 9.998840776230013550e-01 9.541706203940747422e-01
9.658878164676866218e-01 2.589540537176788226e-01 -1.877248642593335511e-03 3.256901584134882288e+00 -2.588985135355518774e-01 9.657889661995460173e-01 1.494096570821042830e-02 4.515608080002183300e+01 5.682049662427638564e-03 -1.394527986071790460e-02 9.998866153125762768e-01 9.569554624851981384e-01
9.647856737207758382e-01 2.630163352313954483e-01 -3.318310503084664735e-03 3.308732090107195933e+00 -2.629364080480829369e-01 9.646883100984479098e-01 1.552126548232656347e-02 4.532269706129340392e+01 7.283481716917765240e-03 -1.410218993089614944e-02 9.998740316326013566e-01 9.260120458470798566e-01
9.638041558103157547e-01 2.665417912723633265e-01 -6.084632124006610077e-03 3.336017275514544966e+00 -2.663893219950318469e-01 9.636820820152278699e-01 1.880356162600145195e-02 4.553092076187123638e+01 1.087558595165412714e-02 -1.650206981307226692e-02 9.998046825866003795e-01 8.692485974026011863e-01
9.622143681025527862e-01 2.721498567122930812e-01 -8.829796627520893754e-03 3.359624890002137931e+00 -2.717719211905059717e-01 9.618730287805714596e-01 3.066430101781932038e-02 4.571155310667175087e+01 1.683842835381214875e-02 -2.710594023398468083e-02 9.994907379934069303e-01 8.746087691118216156e-01
9.606294850221457349e-01 2.776998849961430094e-01 -8.588735600536552897e-03 3.410779392700840518e+00 -2.773264099629879076e-01 9.602861111876765943e-01 3.066996897764903349e-02 4.588310895059705530e+01 1.676469036778681365e-02 -2.708059329442607036e-02 9.994926646172517248e-01 8.855101398154376913e-01
9.594436760520499430e-01 2.818008778862561292e-01 -7.489840202859167177e-03 3.493289485985480614e+00 -2.814351114727522973e-01 9.590478380107627654e-01 3.196126463707704007e-02 4.604772834420969474e+01 1.618982748668143859e-02 -2.855712922226481473e-02 9.994610446918550384e-01 9.196491757864183603e-01
9.585320279643126939e-01 2.848955058360646553e-01 -7.134572239101408427e-03 3.565154072021058607e+00 -2.845297228221350117e-01 9.581156328340163508e-01 3.251570312681723030e-02 4.623880891862630449e+01 1.609932288579655341e-02 -2.913734499718764054e-02 9.994457598735079218e-01 9.260482960098624927e-01
9.569874784108957089e-01 2.900327856933536119e-01 -7.479932333166937515e-03 3.603604209807683034e+00 -2.896553963897943729e-01 9.565798362060946580e-01 3.247719671080520620e-02 4.642724476402922562e+01 1.657460427963935307e-02 -2.891366782119580287e-02 9.994444868556227046e-01 9.225104903366071474e-01
9.552932712346289268e-01 2.955560015993632939e-01 -7.836826681697960095e-03 3.624425590512484252e+00 -2.951702001358613159e-01 9.549009024320629369e-01 3.223072270656490018e-02 4.660974107417526824e+01 1.700937640236718090e-02 -2.847659482854376922e-02 9.994497309326635381e-01 9.109588409441280454e-01
9.539473372870939105e-01 2.998387960314231049e-01 -9.009665770170049298e-03 3.670223556191545722e+00 -2.994294849650916412e-01 9.535948050623375138e-01 3.160587432207039027e-02 4.678812468848362727e+01 1.806823777803217776e-02 -2.745258007089994637e-02 9.994598014082644033e-01 8.774922175664532364e-01
9.527774690094947818e-01 3.035098836351080021e-01 -9.840989973795236795e-03 3.713953691752422959e+00 -3.031193721978949762e-01 9.525018303253178775e-01 2.930715655387648028e-02 4.696874766115788447e+01 1.826857263759600405e-02 -2.494020374260486755e-02 9.995220085075977590e-01 8.767066735857871329e-01
9.509708808331638341e-01 3.091281806422915834e-01 -9.703181961774129047e-03 3.783501201416285209e+00 -3.088061911260348569e-01 9.507820168689081752e-01 2.554002194443063742e-02 4.712544420340487505e+01 1.712075143290766113e-02 -2.129141450157522389e-02 9.996267080960246076e-01 8.560413929582162407e-01
9.492200047126027052e-01 3.145628591816692077e-01 -5.620522827975702948e-03 3.862609326696333056e+00 -3.144865643738813943e-01 9.491934694648109794e-01 1.139992779220698471e-02 4.728718673928545257e+01 8.920957444073630491e-03 -9.053460598486995359e-03 9.999192224222277492e-01 9.250732419436631382e-01
9.477549862948657644e-01 3.189564060723716343e-01 -5.224651051996537579e-03 3.958501399720142366e+00 -3.188912552376014231e-01 9.477332449390891700e-01 1.049112816676168146e-02 4.744720991809609956e+01 8.297788030898039721e-03 -8.276923499757267086e-03 9.999313172669278549e-01 9.208808912187305129e-01
9.461650169039665936e-01 3.236419210454263284e-01 -5.260012275904580974e-03 4.055404662533657500e+00 -3.235809113109937574e-01 9.461482581113688228e-01 9.943214166926101980e-03 4.762981682543843931e+01 8.194792386841596304e-03 -7.705881834585178239e-03 9.999367303799215900e-01 9.362292434376259243e-01
9.438041334842911523e-01 3.304483225420612458e-01 -6.137079688601188368e-03 4.075954686722746523e+00 -3.304056461628924746e-01 9.438128342244650471e-01 7.031567169835307995e-03 4.780183537181337527e+01 8.115824150873991033e-03 -4.608696379697563988e-03 9.999564457095277970e-01 8.934476633725548789e-01
9.421709953758840017e-01 3.350444781523643778e-01 -7.682000522381037325e-03 4.139920628283385362e+00 -3.350479017506570178e-01 9.422006886199537634e-01 8.751551673658057497e-04 4.796180323733705819e+01 7.531202088518679227e-03 1.749292341125827403e-03 9.999701100389987163e-01 8.528843129561731740e-01
9.409844111623834051e-01 3.384018273514020625e-01 -5.704488988020029253e-03 4.215691817317711809e+00 -3.384471034136752876e-01 9.409115305115035577e-01 -1.179194391916799090e-02 4.815545940377730716e+01 1.377004094232242484e-03 1.302670317968872629e-02 9.999142007512408226e-01 8.896702662958810848e-01
9.386957026323279329e-01 3.446712450297179653e-01 -7.218774775842434419e-03 4.278551613205020310e+00 -3.447464652209975555e-01 9.385194195790121929e-01 -1.819818097232820536e-02 4.834730087138945009e+01 5.025706196867697068e-04 1.957120136164806207e-02 9.998083393831209698e-01 8.463290614301273163e-01
9.360763116478635348e-01 3.516883439880921225e-01 -8.743424652002493302e-03 4.333294665814004354e+00 -3.517969893697695527e-01 9.357778718454856648e-01 -2.363583793099049285e-02 4.851246943945116641e+01 -1.305453872287283892e-04 2.520085846250415262e-02 9.996823994102600475e-01 8.312007650052111174e-01
9.343271629351843632e-01 3.561749187936184557e-01 -1.312173097760768736e-02 4.398716200399476861e+00 -3.564103414000399650e-01 9.338946996491874764e-01 -2.850190362521229370e-02 4.870176193149399069e+01 2.102651801036840677e-03 3.130682336988528658e-02 9.995076096087964768e-01 8.252578845340803326e-01
9.325616665326093013e-01 3.607224532614040080e-01 -1.442393243871325538e-02 4.468703357219297345e+00 -3.609992161078810491e-01 9.321062625182248151e-01 -2.928278237807167492e-02 4.891958257908995478e+01 2.881680658526576330e-03 3.251502863877477056e-02 9.994670924193561623e-01 8.453343729745941282e-01
9.296026914046489065e-01 3.682265408661816730e-01 -1.574962650221670840e-02 4.528453014776107288e+00 -3.685420291735624909e-01 9.291582538088040133e-01 -2.901227518839356867e-02 4.911825207869945586e+01 3.950805723660626156e-03 3.277428840875563909e-02 9.994549700478924104e-01 8.631232678780782486e-01
9.273779791770743186e-01 3.737893661821435343e-01 -1.586169809942745285e-02 4.614724484241635949e+00 -3.741047833421676794e-01 9.269411288629082479e-01 -2.873594792010591981e-02 4.930597190447134892e+01 3.961668582266454457e-03 3.258302244281065935e-02 9.994611807521768254e-01 8.845597114577490316e-01
9.260012612863779413e-01 3.772355121033578174e-01 -1.466398663919969009e-02 4.717619506933533380e+00 -3.775075902906146474e-01 9.255911741064405396e-01 -2.773080758352332309e-02 4.950728100511722829e+01 3.111811210647898347e-03 3.121452905905049147e-02 9.995078638042879104e-01 9.287624300947554534e-01
9.230199773129067475e-01 3.845186271595868455e-01 -1.339950926667747740e-02 4.856354653728353732e+00 -3.847476389081971870e-01 9.226158452687921452e-01 -2.737254853899574389e-02 4.971323037482701324e+01 1.837344782188856523e-03 3.042083868434295943e-02 9.995354904844012678e-01 9.759512833137161669e-01
9.197490765983926675e-01 3.923140182613278903e-01 -1.230232384772914425e-02 4.956564386907705178e+00 -3.925058075300345561e-01 9.193673507397689404e-01 -2.651160970092401523e-02 4.988678208216983023e+01 9.094787514839193857e-04 2.921276209791078340e-02 9.995728024406284051e-01 9.918047092805936105e-01
9.170861258624207757e-01 3.984950947744225758e-01 -1.243773256587028288e-02 5.049755068576474493e+00 -3.986883003485161003e-01 9.167021778428053880e-01 -2.654724662689171219e-02 5.007006234756708096e+01 8.227489699764896358e-04 2.930489001824654674e-02 9.995701808803376665e-01 9.990272184221584695e-01
9.141711279070496854e-01 4.051522942862274546e-01 -1.194852860224728842e-02 5.156491486289471737e+00 -4.053282845706377424e-01 9.137997612534231040e-01 -2.605720745227663171e-02 5.026886903738738965e+01 3.614252020812114274e-04 2.866382332824780194e-02 9.995890428591293064e-01 1.039480955865192735e+00
9.105538059068503109e-01 4.132237237237429972e-01 -1.174396442577032261e-02 5.278100305609450871e+00 -4.133905695332741881e-01 9.101903901473257230e-01 -2.572334940115924076e-02 5.047279350297499434e+01 5.974533637427212329e-05 2.827733784044495283e-02 9.996001143433068670e-01 1.035296409299704345e+00
9.064927131978280928e-01 4.220776853047945587e-01 -1.101764434835810977e-02 5.365382472039267547e+00 -4.222212554351120750e-01 9.061579378941110319e-01 -2.463743189316557058e-02 5.066239576724176885e+01 -4.151843421629549530e-04 2.698553611176368605e-02 9.996357378879182631e-01 1.067478953232635641e+00
9.025594915434053123e-01 4.304239561954286142e-01 -1.102642997463239294e-02 5.469929107962240522e+00 -4.305648974701477005e-01 9.022341838912362189e-01 -2.423523230002497600e-02 5.085408089435114221e+01 -4.830025164956610814e-04 2.662133263363621397e-02 9.996454728339334572e-01 1.079326814564882886e+00
8.979184312666463885e-01 4.400266494003287621e-01 -1.091048161929837265e-02 5.574126807799355987e+00 -4.401613144979218406e-01 8.976012260269352616e-01 -2.387585086241404350e-02 5.106385180142220293e+01 -7.127489785434372796e-04 2.624093848289101374e-02 9.996553931912890434e-01 1.084749762854753774e+00
8.924985305705008809e-01 4.509246553081671660e-01 -1.064557019174372163e-02 5.653344053877727760e+00 -4.510493775524075932e-01 8.922003650058640822e-01 -2.308609306462559504e-02 5.128440767801692601e+01 -9.121069468092709437e-04 2.540598194546864544e-02 9.996767998419809897e-01 1.099237183877265434e+00
8.866025375650334883e-01 4.624048289094363495e-01 -1.084963522328356682e-02 5.753165845100736142e+00 -4.625311312399938979e-01 8.863088102384124589e-01 -2.283956058293075062e-02 5.149168988945516645e+01 -9.449958174475667910e-04 2.526790642306335141e-02 9.996802688299396555e-01 1.098839651707945730e+00
8.801062879840966247e-01 4.746560451556110505e-01 -1.070330080344282855e-02 5.877157509162563187e+00 -4.747755793661362911e-01 8.798313809097222382e-01 -2.202022715688841531e-02 5.169680872364577340e+01 -1.034934009531595506e-03 2.446180622370026231e-02 9.997002295427714902e-01 1.101826058108297701e+00
8.727441258890458187e-01 4.880626503940038718e-01 -1.060848794813137527e-02 5.964825552968473055e+00 -4.881767134254541007e-01 8.724873597897294664e-01 -2.119677985613135571e-02 5.190884963538816521e+01 -1.089584915175395748e-03 2.367818188813420807e-02 9.997190387839900438e-01 1.090390112472270356e+00
8.647787138634992488e-01 5.021346171339157172e-01 -4.313041197108544861e-03 6.081040777081524240e+00 -5.021522451005969723e-01 8.647290577914280574e-01 -9.315543547163320642e-03 5.208261862869535008e+01 -9.480448418578881885e-04 1.022168708799473663e-02 9.999473077737911497e-01 1.090226103306279448e+00
8.566147679494791056e-01 5.159436326402129236e-01 -3.647912948660157056e-03 6.183252891754084324e+00 -5.159565257879206168e-01 8.565926243743466895e-01 -6.159493837008516576e-03 5.230811817128575569e+01 -5.317629930921266221e-05 7.158477875242761843e-03 9.999743763551098841e-01 1.089424245410570702e+00
8.475376681942935475e-01 5.307255619659154711e-01 -3.206067332867205966e-03 6.331152443705633459e+00 -5.307352373035771897e-01 8.475232631496090185e-01 -4.942297497536255260e-03 5.251739207877741933e+01 9.421303104631233161e-05 5.890356203304893123e-03 9.999826472632927787e-01 1.088782333093448296e+00
8.376033371935818206e-01 5.462783772634869361e-01 -7.642359232138416824e-04 6.537940113238743578e+00 -5.462755205077758358e-01 8.375923881156034367e-01 -4.695430199542268562e-03 5.267192961176471755e+01 -1.924893797951506957e-03 4.350391381440511449e-03 9.999886843753257315e-01 1.198453618424882849e+00
8.259518179470298760e-01 5.637358719597876933e-01 2.336898742836273843e-03 6.745470837309691881e+00 -5.637157290938875631e-01 8.259471419648982682e-01 -5.991281345668864403e-03 5.281048033290452537e+01 -5.307655051264031747e-03 3.631163140650787210e-03 9.999793215122514400e-01 1.246026542113652047e+00
8.133535945794231337e-01 5.817624106767457226e-01 2.903051551880293010e-03 6.906267835488303142e+00 -5.817257311743143644e-01 8.133433787044002106e-01 -8.229338212762506502e-03 5.293469210433340066e+01 -7.148697394690347109e-03 5.004582029705899673e-03 9.999619244172585075e-01 1.247680097943148159e+00
8.007152192599696905e-01 5.990419312771040339e-01 1.975403061683232014e-03 7.008493397291992721e+00 -5.990037933224818811e-01 8.006943010213082301e-01 -9.115475702123647037e-03 5.309562192671769054e+01 -7.042246142819471796e-03 6.115626198195762628e-03 9.999565019966958346e-01 1.232734622103769828e+00
7.869562485211087921e-01 6.170080384217633274e-01 9.713065997741542924e-04 7.137323950732049838e+00 -6.169731355284651109e-01 7.869267082773754307e-01 -9.513455518839572522e-03 5.329998609225431494e+01 -6.634225633580266915e-03 6.887403187156276863e-03 9.999542743183711391e-01 1.220605547212507913e+00
7.714400379159017662e-01 6.363017151117970061e-01 -6.286860088331553895e-04 7.258721308844491737e+00 -6.362693477923507812e-01 7.713900300949888544e-01 -1.089672106410166826e-02 5.347476057499409308e+01 -6.448640182908628622e-03 8.806180547656044036e-03 9.999404313377640019e-01 1.191843438651452036e+00
7.549018181018889440e-01 6.558360446597278903e-01 -1.525631523704522405e-03 7.399538162912554284e+00 -6.558028757132786657e-01 7.548355410283547062e-01 -1.207866741925721701e-02 5.362585258398864596e+01 -6.770024568400558745e-03 1.011872153556957893e-02 9.999258863744996395e-01 1.188897182900046534e+00
7.372405546860196779e-01 6.756288041380317244e-01 -1.443449085778006954e-03 7.574903393248552774e+00 -6.755882524524557953e-01 7.371690920396676283e-01 -1.273746009410341162e-02 5.376915791366768360e+01 -7.541728879166525318e-03 1.036574939043270055e-02 9.999178334068694607e-01 1.212649282333992717e+00
7.182732702728091834e-01 6.957573584533753852e-01 -2.281966166553082813e-03 7.735320810723739449e+00 -6.957176576653887334e-01 7.181879074386796624e-01 -1.353035185926344808e-02 5.391480453319113764e+01 -7.774961362543227582e-03 1.130609423416091899e-02 9.999058566730065767e-01 1.201259332581912975e+00
6.978703410058570977e-01 7.162149313823590324e-01 -3.627562450395913681e-03 7.856462708862562039e+00 -7.161827288422965010e-01 6.977666124490421451e-01 -1.428472818747050267e-02 5.405954209920158604e+01 -7.699743656144729040e-03 1.256688570613641483e-02 9.998913877673307748e-01 1.174862268035348878e+00
6.780226407527432109e-01 7.349752078302254077e-01 -9.835776613631197138e-03 8.005543150745396019e+00 -7.350135615458155414e-01 6.778209522691946987e-01 -1.771499389267389493e-02 5.421579468522445211e+01 -6.353185847420597145e-03 1.924059613938358324e-02 9.997946971702686980e-01 1.143996442410493586e+00
6.577493252111568101e-01 7.531677111395758129e-01 -1.020901959252059135e-02 8.164753771701310114e+00 -7.532014355761684765e-01 6.575264268548400848e-01 -1.861707370951780696e-02 5.434671897293589637e+01 -7.309078619553171889e-03 1.993481588275344482e-02 9.997745648322194922e-01 1.165631189978942661e+00
6.370060552381996422e-01 7.708031097057126413e-01 -9.265616971961671694e-03 8.376078381718670585e+00 -7.708124639593723071e-01 6.367899662419252982e-01 -1.861946020939241053e-02 5.444445580754798186e+01 -8.451685911655359290e-03 1.900276194691123688e-02 9.997837086308416499e-01 1.202276061891627501e+00
6.140390038744474310e-01 7.892251261794241968e-01 -8.933192483562684208e-03 8.587896244158628178e+00 -7.891933205676323615e-01 6.137720977506009312e-01 -2.139427012685744811e-02 5.453965691334310151e+01 -1.140195125013958484e-02 2.018693215668904833e-02 9.997312055136573505e-01 1.236909114381048225e+00
5.933314103069130541e-01 8.048649750350099774e-01 -1.225599873948841033e-02 8.766005008266541054e+00 -8.046499438496127476e-01 5.926140016027938717e-01 -3.670303757373167414e-02 5.460719383824661577e+01 -2.227791296384355052e-02 3.163885374372011478e-02 9.992510583070497443e-01 1.177946506211402955e+00
5.705615129729093571e-01 8.211178018367266684e-01 -1.500384686960893471e-02 8.986306520481671001e+00 -8.206913224888736647e-01 5.693981394106102378e-01 -4.745010039187304990e-02 5.473169536915828104e+01 -3.041895963914977019e-02 3.938672800014342973e-02 9.987609186146174656e-01 1.295684849039017372e+00
5.438962989497362344e-01 8.390103954724886792e-01 -1.543930950131289052e-02 9.175186572390213513e+00 -8.385557015217192101e-01 5.427237848534482989e-01 -4.769935848379289189e-02 5.481276864703068696e+01 -3.164097713719473542e-02 3.889022555149604377e-02 9.987424086932311651e-01 1.293809911692928694e+00
5.189138458194981762e-01 8.546852573276770837e-01 -1.554128448812173817e-02 9.334461126277815879e+00 -8.542025883563011401e-01 5.177548590838585429e-01 -4.762188509970431000e-02 5.490820752190865761e+01 -3.265514756074021363e-02 3.798706097839704005e-02 9.987445241582102451e-01 1.313822847084597178e+00
4.956533239459630646e-01 8.683747027470519741e-01 -1.591094247011369534e-02 9.505802970454000800e+00 -8.678747293952405739e-01 4.944954063294091373e-01 -4.762086933530871452e-02 5.500975662304174563e+01 -3.348487029176218377e-02 3.741214706591531464e-02 9.987387519834515226e-01 1.316870619605585935e+00
4.697364207931525870e-01 8.826536895781280645e-01 -1.643652197260385417e-02 9.716901390567779018e+00 -8.821301661165983354e-01 4.685662984387896079e-01 -4.787477409318788291e-02 5.510263026584475199e+01 -3.455524573116083853e-02 3.698767688688697763e-02 9.987181017439157316e-01 1.321315018614963144e+00
4.409458364762527394e-01 8.973741124653901169e-01 -1.692547107797064826e-02 9.925343710771198147e+00 -8.968158931788915433e-01 4.397607813942785437e-01 -4.828777163258277105e-02 5.516782561157766196e+01 -3.588903782500576373e-02 3.647132331636722402e-02 9.986900517876146077e-01 1.326764603021905797e+00
4.117406333024934417e-01 9.111275609266078490e-01 -1.778253659049121305e-02 1.012486109879091067e+01 -9.105340447890606370e-01 4.105153012933571155e-01 -4.904019457646263680e-02 5.524926499037279370e+01 -3.738186950561301486e-02 3.638344574053967162e-02 9.986384935041862088e-01 1.318923350006060646e+00
3.833162289813957235e-01 9.234441224579108543e-01 -1.787795562757032997e-02 1.035670027254376180e+01 -9.228232720117981458e-01 3.821126114046781153e-01 -4.885857999304096116e-02 5.529891259551012439e+01 -3.828677621478548260e-02 3.522648014543452305e-02 9.986456918565473906e-01 1.330860088883025760e+00
3.529318742429146116e-01 9.354682639323999016e-01 -1.839074002550450393e-02 1.060692803552628227e+01 -9.348195382315247492e-01 3.517233958401123628e-01 -4.902125823863413834e-02 5.536872681150347120e+01 -3.938937780649379855e-02 3.449318764628521439e-02 9.986284078284651811e-01 1.336010178680636651e+00
3.230463695323086970e-01 9.462003741437117199e-01 -1.859825535621891651e-02 1.085763461887403203e+01 -9.455237640308491454e-01 3.218533982239842883e-01 -4.894079795639497826e-02 5.544045583587604398e+01 -4.032188964979625118e-02 3.339523951064663626e-02 9.986285111056544261e-01 1.359570460891921906e+00
2.938736916283843925e-01 9.556628245099669794e-01 -1.862308294394775937e-02 1.112650685857408916e+01 -9.549631729776875133e-01 2.927107052401791698e-01 -4.863929783810805318e-02 5.549073684740615420e+01 -4.103159301187857266e-02 3.207816839267631226e-02 9.986427787189364746e-01 1.364499121459992637e+00
2.652188801642195726e-01 9.640199634363000314e-01 -1.801265390530393945e-02 1.140004192786296855e+01 -9.632840058660674387e-01 2.641150287093501081e-01 -4.824080899489213009e-02 5.554745085334320009e+01 -4.174769032006249436e-02 3.014567475002154912e-02 9.986733042626132484e-01 1.403603132215486937e+00
2.362251528705587855e-01 9.715354364260545550e-01 -1.779249616318101176e-02 1.168621755198735634e+01 -9.707893333694558313e-01 2.351727579595874751e-01 -4.755884912157441746e-02 5.558745024368455034e+01 -4.202079684356903322e-02 2.850736189332485349e-02 9.987099593728474556e-01 1.414284393847790477e+00
2.071660315446133271e-01 9.781447715885968064e-01 -1.774939965035682993e-02 1.197545122126726014e+01 -9.773767731675863102e-01 2.061447426612244005e-01 -4.731794950813236061e-02 5.561536512814092958e+01 -4.262485949035884486e-02 2.715052277635581629e-02 9.987221688069198855e-01 1.446878101081981116e+00
1.779306520566712457e-01 9.838781227961769238e-01 -1.801450920116672016e-02 1.225634172993957627e+01 -9.830880833344534109e-01 1.769218872373198304e-01 -4.729129118744866689e-02 5.565907266751759863e+01 -4.334170583258989407e-02 2.612441960037052355e-02 9.987186847336265716e-01 1.467360683556486745e+00
1.480177339080275267e-01 9.888209657207314152e-01 -1.799578283522223002e-02 1.255613901826013112e+01 -9.880176408958010192e-01 1.470440192944658664e-01 -4.689560393496114421e-02 5.567264159974535431e+01 -4.372518413258377756e-02 2.472153192763074103e-02 9.987376803403998915e-01 1.487934535008765158e+00
1.178524920440527923e-01 9.928617268139474650e-01 -1.834070737547746632e-02 1.287035438279851363e+01 -9.920359839473451569e-01 1.168876660690871816e-01 -4.692419498025017510e-02 5.566847378868133234e+01 -4.444543477826989886e-02 2.372477500310564077e-02 9.987300628189894613e-01 1.489405859443669433e+00
8.721313351334336605e-02 9.960196750903379526e-01 -1.840315667819165599e-02 1.314725267586822710e+01 -9.951688596785458474e-01 8.627279975972157455e-02 -4.686090852429433684e-02 5.568406364762728344e+01 -4.508669503176125637e-02 2.240113511760746801e-02 9.987318854810612878e-01 1.503477254291189835e+00
5.777683514975473500e-02 9.981508814847326327e-01 -1.888531470031133697e-02 1.342788582836532640e+01 -9.972802103921258876e-01 5.683868484541465538e-02 -4.692063368371569149e-02 5.567674359244939808e+01 -4.576045542076556671e-02 2.154487633511407291e-02 9.987200804146219024e-01 1.510915489321022376e+00
2.950076222533382087e-02 9.993725020449067964e-01 -1.960375435031408084e-02 1.371929915865478833e+01 -9.984767809142111039e-01 2.854817713513269073e-02 -4.721355268835245034e-02 5.567741395530887871e+01 -4.662427482888141517e-02 2.096672932920692553e-02 9.986924317616093782e-01 1.504229566255216310e+00
2.903939357289608836e-03 9.998007225773697382e-01 -1.975050049944506586e-02 1.400094154440997052e+01 -9.988841647239183885e-01 1.969138182439489348e-03 -4.718631113594783794e-02 5.566200354032196884e+01 -4.713801650482548483e-02 1.986548838030050695e-02 9.986908279199339100e-01 1.520294578836647315e+00
-2.236050344739948237e-02 9.995426122691244419e-01 -2.036109387517538727e-02 1.431482763510577527e+01 -9.986206863296605007e-01 -2.329835239230693134e-02 -4.705222216093434690e-02 5.563690469704420849e+01 -4.750508099200417833e-02 1.928089816421291874e-02 9.986848923689215507e-01 1.524747001267523938e+00
-4.664865790779537669e-02 9.986927212721865565e-01 -2.089859309514833369e-02 1.465966382560880810e+01 -9.977537420747049079e-01 -4.759132675051436223e-02 -4.714377789326586188e-02 5.559762940318190516e+01 -4.807673960789447115e-02 1.865245549735680339e-02 9.986694713530567258e-01 1.535337619829696187e+00
-6.868888078294088650e-02 9.974150485576267489e-01 -2.109641124870698103e-02 1.498309509373514992e+01 -9.964677937840242805e-01 -6.961694088378922451e-02 -4.696187276059894666e-02 5.555550766417937325e+01 -4.830914621463121283e-02 1.779613589436309859e-02 9.986738826760429566e-01 1.548791496982923288e+00
-8.913809129601202308e-02 9.957854689054909114e-01 -2.158009723739556102e-02 1.533485396965754255e+01 -9.948417030545656514e-01 -9.006505782848561736e-02 -4.667195326792272780e-02 5.551702058287818176e+01 -4.841886557526397378e-02 1.730853185637443170e-02 9.986771391102238216e-01 1.546450121829734625e+00
-1.081990942794397448e-01 9.938896242612130782e-01 -2.182591998093037777e-02 1.568826926225384000e+01 -9.929441850089465449e-01 -1.091157430992737432e-01 -4.642844025823704424e-02 5.546313107641918094e+01 -4.852629652083788325e-02 1.664840514278707884e-02 9.986831475258673985e-01 1.566878986977699340e+00
-1.259183551450977490e-01 9.917940370703138830e-01 -2.211686843389131310e-02 1.602684845811412728e+01 -9.908624972968730349e-01 -1.268237562483922609e-01 -4.590475249527789514e-02 5.539101442636971484e+01 -4.833300412924282363e-02 1.613452456124371201e-02 9.987009551557589626e-01 1.575010421449520193e+00
-1.425143384780209743e-01 9.895338436546701200e-01 -2.263704022586805059e-02 1.640038617747579153e+01 -9.885949758946195320e-01 -1.434294399573110557e-01 -4.591262777765253711e-02 5.534650425202318047e+01 -4.867891703899405315e-02 1.583565646089779913e-02 9.986889380684874640e-01 1.592204105066220787e+00
-1.584149085754764652e-01 9.871110038174160106e-01 -2.272845977176427001e-02 1.677478824323085860e+01 -9.861792352749558788e-01 -1.593129358132354678e-01 -4.549620198512201175e-02 5.526775148563384477e+01 -4.853073926416648365e-02 1.520705839869157180e-02 9.987059190378978490e-01 1.603720189846894906e+00
-1.723532228733799521e-01 9.847616459367966035e-01 -2.321351453379165430e-02 1.714496001422462967e+01 -9.838469683806175814e-01 -1.732546827649477095e-01 -4.503285143409935937e-02 5.520771890223068823e+01 -4.836847499588248223e-02 1.507698881968518902e-02 9.987157628848679636e-01 1.615662238565305220e+00
-1.852808878494982547e-01 9.824112590643501175e-01 -2.321875666997552656e-02 1.753774015834197186e+01 -9.815311354239679709e-01 -1.861565258889559260e-01 -4.407241838486260221e-02 5.513267625656912685e+01 -4.761956311262735553e-02 1.462415578939201162e-02 9.987584849584058011e-01 1.633752080012662145e+00
-1.975044488489812178e-01 9.800158221318161500e-01 -2.368503865651978152e-02 1.793857137269719715e+01 -9.791576571589098998e-01 -1.983833835922210742e-01 -4.352373538170092176e-02 5.506658725047644509e+01 -4.735266742153818736e-02 1.459525559222438207e-02 9.987715972144296517e-01 1.647039319151980763e+00
-2.093709676069124281e-01 9.775903149281914839e-01 -2.193112131070189263e-02 1.834716929105989180e+01 -9.768229701039383706e-01 -2.101221780056568011e-01 -4.081121644204664667e-02 5.499068632370978094e+01 -4.450486491009392198e-02 1.287813918074315854e-02 9.989261586977166152e-01 1.705391423676326346e+00
-2.210509530259643363e-01 9.750150829506457617e-01 -2.195596012607454323e-02 1.876300480865635834e+01 -9.742722198917058707e-01 -2.217847330585607235e-01 -4.006461942200401777e-02 5.489957030532779925e+01 -4.393310498473716047e-02 1.253475970602785892e-02 9.989558359034258483e-01 1.716349150133560153e+00
-2.312235210758988302e-01 9.726303133227562903e-01 -2.293375038977109662e-02 1.914554648825312100e+01 -9.718724057190144539e-01 -2.319984427022860896e-01 -4.050616725449936173e-02 5.475979576320941788e+01 -4.471812052399752602e-02 1.292270054559160886e-02 9.989160592899736235e-01 1.716412393551664639e+00
-2.398840604729437498e-01 9.704965408838128749e-01 -2.433313920493601623e-02 1.952790222631776018e+01 -9.697055139512547051e-01 -2.407286618857913396e-01 -4.148406391868175030e-02 5.462220850764746416e+01 -4.611782457516856726e-02 1.364461356103738310e-02 9.988428158510346266e-01 1.702542671170094613e+00
-2.464686014298294037e-01 9.688124409263674242e-01 -2.560630421435355908e-02 1.994414150010546649e+01 -9.679280633483400287e-01 -2.473984972233185253e-01 -4.369493968843035647e-02 5.448187177546253679e+01 -4.866716235775281341e-02 1.401562977313950027e-02 9.987167113001095275e-01 1.741427919149995285e+00
-2.534364064683602979e-01 9.670240165040915326e-01 -2.519006511899656714e-02 2.039065467203944948e+01 -9.661973538645822757e-01 -2.543200037241568623e-01 -4.223753177950644727e-02 5.438279475846776023e+01 -4.725104508351247318e-02 1.363404598935973218e-02 9.987899937066229139e-01 1.758045345531721981e+00
-2.610914835100595077e-01 9.650093323747760410e-01 -2.425336405751475979e-02 2.083960023052144805e+01 -9.642978492346246933e-01 -2.618868468666044613e-01 -3.930569169656633610e-02 5.429710015232333831e+01 -4.428199634156261555e-02 1.312508544192030578e-02 9.989328490605102751e-01 1.757871844091526636e+00
-2.680982240064400113e-01 9.630997642983170071e-01 -2.371046800716019448e-02 2.127056574827885171e+01 -9.624757904787391016e-01 -2.688351078027368946e-01 -3.698699170001283620e-02 5.419629053835940624e+01 -4.199636921114443394e-02 1.290460465169798905e-02 9.990344219054039243e-01 1.769177604819271554e+00
-2.726035411014211540e-01 9.618232617482836977e-01 -2.415207110908786786e-02 2.167064236992404247e+01 -9.612000825709942076e-01 -2.733565549596006505e-01 -3.702154948314406724e-02 5.406289964711186968e+01 -4.221031443237267117e-02 1.312276725814921947e-02 9.990225634764254847e-01 1.794688029009861463e+00
-2.770506588122436664e-01 9.605298436327246447e-01 -2.500703786128158010e-02 2.212694428278297565e+01 -9.599083302244396654e-01 -2.778390478191290480e-01 -3.716801141691809113e-02 5.389837177263979839e+01 -4.264891578258703242e-02 1.370704190748399214e-02 9.989960895742867608e-01 1.799771905036715136e+00
-2.827416591755258501e-01 9.588311303783543238e-01 -2.645784541565003936e-02 2.254214006891855249e+01 -9.581669077859478190e-01 -2.836082570415727755e-01 -3.850367984694876705e-02 5.372179780990428810e+01 -4.442219029478401693e-02 1.446443760430246757e-02 9.989081284353458212e-01 1.810526299841132003e+00
-2.869911972870320405e-01 9.575426207983498417e-01 -2.735291637803589221e-02 2.298339322932314133e+01 -9.568467221025912517e-01 -2.879083874766583673e-01 -3.940952704762308578e-02 5.357052582338588564e+01 -4.561143586078864748e-02 1.486236102435690640e-02 9.988486908153301203e-01 1.829674315615205771e+00
-2.907080731523870032e-01 9.564139909882966029e-01 -2.758793297558882057e-02 2.344143245305605205e+01 -9.557529871484106154e-01 -2.916217167682664257e-01 -3.863938231933241457e-02 5.343515303108128478e+01 -4.500048622978439911e-02 1.513446896881762323e-02 9.988723162086908802e-01 1.842398174701409319e+00
-2.948215681724430937e-01 9.551618589568956486e-01 -2.731421121595478674e-02 2.389543331077501520e+01 -9.545536434464815256e-01 -2.956996307852490791e-01 -3.727023123775154850e-02 5.331557757917791207e+01 -4.367590552455224984e-02 1.508481181439291600e-02 9.989318614045378242e-01 1.860239858245790856e+00
-2.986385675620768509e-01 9.539647326493345680e-01 -2.768203073754977456e-02 2.434448312181447704e+01 -9.533785357085164947e-01 -2.995232832874779039e-01 -3.681263939157804893e-02 5.317978083563809122e+01 -4.340937242987890493e-02 1.539778003392319565e-02 9.989387042032513708e-01 1.868723098249819303e+00
-3.025014569434543166e-01 9.527641512922745415e-01 -2.708026143521891083e-02 2.480407777915384671e+01 -9.521794603841563509e-01 -3.033528832756593463e-01 -3.648703099570377306e-02 5.302810446833880320e+01 -4.297841050602890789e-02 1.474788868470725683e-02 9.989671446097307950e-01 1.900371590327161853e+00
-3.063555662563621773e-01 9.515173335878995831e-01 -2.758678860465916399e-02 2.526051945000420318e+01 -9.508692453931671951e-01 -3.072492236650881114e-01 -3.802095110107112097e-02 5.284397929119468529e+01 -4.465361339436151739e-02 1.458349885915899598e-02 9.988960788649897671e-01 1.934290293860468246e+00
-3.088497629776441045e-01 9.507017943571687280e-01 -2.789125516560090473e-02 2.570299413419570556e+01 -9.500570626336342084e-01 -3.097549306343869713e-01 -3.799290312199161274e-02 5.268848067186483064e+01 -4.475937498004219778e-02 1.476418483173626457e-02 9.988886910950840470e-01 1.935578114292430651e+00
-3.114625179844423553e-01 9.498383522523634603e-01 -2.825251283172186545e-02 2.615636591733529315e+01 -9.492076289744901807e-01 -3.123783808710318688e-01 -3.774419506387538537e-02 5.252076294345037866e+01 -4.467635826047450243e-02 1.506159868367949392e-02 9.988879673204965615e-01 1.948204273863672009e+00
-3.129793507454408097e-01 9.493231930406674790e-01 -2.879932572185849027e-02 2.659980181743986449e+01 -9.487112795786972752e-01 -3.139145535458460756e-01 -3.747747419801464308e-02 5.237925401867639863e+01 -4.461876294915710639e-02 1.559256961451442602e-02 9.988823943616702561e-01 1.948859696687760046e+00
-3.144309498535062808e-01 9.488174368035185990e-01 -2.964202071085827658e-02 2.705608857361715280e+01 -9.482249431222707914e-01 -3.154002480416986387e-01 -3.731140276110683079e-02 5.222900401504154644e+01 -4.475081021599897069e-02 1.637544359204121114e-02 9.988639596222177452e-01 1.963012606465647902e+00
-3.153773687539100923e-01 9.484737444709629983e-01 -3.057239485369839249e-02 2.751623897379898764e+01 -9.478803631945766917e-01 -3.163937651491346426e-01 -3.765371754384345265e-02 5.207121495624516427e+01 -4.538647758944885924e-02 1.710384237487134335e-02 9.988230705325332748e-01 1.975885612538106351e+00
-3.158317646227581932e-01 9.482805619077880888e-01 -3.184764297596812122e-02 2.799477297376045115e+01 -9.476767513997177428e-01 -3.169188484335319078e-01 -3.835646443615332857e-02 5.191586681878727916e+01 -4.646580798557763126e-02 1.806708098764314013e-02 9.987564814672460489e-01 1.998820051801991848e+00
-3.150467887646477561e-01 9.485371733681751127e-01 -3.198048823573503702e-02 2.844989711390454090e+01 -9.479809561599112921e-01 -3.161228659035979494e-01 -3.739572717619293885e-02 5.173238553158785180e+01 -4.558100094583034806e-02 1.853549005579443673e-02 9.987886703207879968e-01 2.005348152138893614e+00
-3.148713334910879791e-01 9.485886728825337899e-01 -3.218032045361189641e-02 2.894300633497373099e+01 -9.480279131670114046e-01 -3.159600938868121212e-01 -3.758051259946022099e-02 5.157066680880897991e+01 -4.581614564479823126e-02 1.867481592921269723e-02 9.987753160988034340e-01 2.051613101721564636e+00
-3.147426289836490199e-01 9.486099837749070174e-01 -3.280512434105459230e-02 2.943707880473235150e+01 -9.480341245573106201e-01 -3.158713937884696232e-01 -3.816492186528517433e-02 5.139560032734396344e+01 -4.656582626041172457e-02 1.908824949283001449e-02 9.987328284160807979e-01 2.066606314876351824e+00
-3.146523492199004846e-01 9.486372594292539207e-01 -3.288235321494975549e-02 2.992320144685011485e+01 -9.480318490426781208e-01 -3.157974206613243240e-01 -3.882785474856659258e-02 5.122603301736675263e+01 -4.721771204875306605e-02 1.895624240743772754e-02 9.987047354161646684e-01 2.087308991258709057e+00
-3.141024262259315414e-01 9.488035589714614026e-01 -3.333875105746848810e-02 3.040663347576232667e+01 -9.481856055227126934e-01 -3.152783683309827722e-01 -3.928877628636202879e-02 5.106180406601404798e+01 -4.778831780372533311e-02 1.927062390380258547e-02 9.986715775147745333e-01 2.111117637715069328e+00
-3.137546987931780773e-01 9.489139283997114482e-01 -3.347156217193673899e-02 3.089629338037651607e+01 -9.483212862044694269e-01 -3.149280846077893159e-01 -3.882060866047989250e-02 5.090244287776680210e+01 -4.737855123052239770e-02 1.956164651292720963e-02 9.986854434049792228e-01 2.124989136177453553e+00
-3.132110918210073702e-01 9.490763889429193467e-01 -3.395320178365338060e-02 3.137580952612289309e+01 -9.485086023021113144e-01 -3.144014674340411819e-01 -3.851166880592565844e-02 5.075401398279387166e+01 -4.722545202735831116e-02 2.014262213294161497e-02 9.986811460393257844e-01 2.143864774301089682e+00
-3.120196563049442151e-01 9.494200780861237199e-01 -3.528809156475913589e-02 3.186243448656539812e+01 -9.488819999592945642e-01 -3.132738769197704887e-01 -3.850231412403036513e-02 5.058870993934822735e+01 -4.760970733572533753e-02 2.147075607879040185e-02 9.986352299016951761e-01 2.151684016422947821e+00
-3.114418326718899621e-01 9.495800830374435675e-01 -3.607839742250412707e-02 3.235467935685299778e+01 -9.490819880030717526e-01 -3.127238332479742589e-01 -3.804187386065727150e-02 5.042376564502114178e+01 -4.740638047891221341e-02 2.239352623627913902e-02 9.986246367242266331e-01 2.166156895211938771e+00
-3.110871699094741594e-01 9.496736214061859416e-01 -3.667131744258458892e-02 3.287210857678832809e+01 -9.492038872661451299e-01 -3.123905282063108579e-01 -3.773775676722335853e-02 5.025308855968348354e+01 -4.729432435878508367e-02 2.306882511622445481e-02 9.986145783990953984e-01 2.173538916716359459e+00
-3.102240538523173274e-01 9.499884625506219704e-01 -3.581839516422708619e-02 3.337941429611348809e+01 -9.495121498416229100e-01 -3.114820809137306412e-01 -3.749120660624784274e-02 5.006187294834192869e+01 -4.677300198378085000e-02 2.237932729905706478e-02 9.986548212445914841e-01 2.220571883448477557e+00
-3.096050371608947138e-01 9.501844270489471223e-01 -3.597604144795825409e-02 3.390447930731312454e+01 -9.497035450969041337e-01 -3.108750450303960911e-01 -3.768133235067380737e-02 4.990221703942443554e+01 -4.698826869521537108e-02 2.250024379897672122e-02 9.986419987332861847e-01 2.240829190224309819e+00
-3.089043387166887644e-01 9.504305285896101907e-01 -3.549534965146122073e-02 3.444073362689364615e+01 -9.499420086368348670e-01 -3.101511324348984466e-01 -3.763582437473132758e-02 4.972546511733931851e+01 -4.677915934495500278e-02 2.209265430464203706e-02 9.986609158652174356e-01 2.269806108944911749e+00
-3.078508811336571060e-01 9.507881884157758368e-01 -3.506644769973274456e-02 3.494610052422412139e+01 -9.503000344747489780e-01 -3.090742546956108949e-01 -3.745596830470811212e-02 4.956018307152190516e+01 -4.645082843740966361e-02 2.179279361164429205e-02 9.986828298734682363e-01 2.288886094071335808e+00
-3.061470499691079095e-01 9.513014695715830138e-01 -3.604854762898689058e-02 3.543775793941154006e+01 -9.508189199607394171e-01 -3.074260367800156768e-01 -3.784987918640886351e-02 4.936849645665323294e+01 -4.708890782239268102e-02 2.268801226814038535e-02 9.986330100990127301e-01 2.295330677892016613e+00
-3.056925450495553420e-01 9.514590658496547837e-01 -3.574512433364580161e-02 3.597912752994168528e+01 -9.510181517471113510e-01 -3.069342359310296420e-01 -3.682186661405361522e-02 4.921504713413224863e+01 -4.600590123705527307e-02 2.273809195902921562e-02 9.986823500119690333e-01 2.311558696833198034e+00
-3.036183834045702579e-01 9.521579310134266061e-01 -3.480160437431494697e-02 3.648285915069727992e+01 -9.516936972011916795e-01 -3.048201354180251066e-01 -3.692955119228417959e-02 4.904348920340287066e+01 -4.577099481464293879e-02 2.190797690266731157e-02 9.987116984303879841e-01 2.355505223378346447e+00
-3.025759948654078713e-01 9.525975621755344847e-01 -3.171201457551832414e-02 3.704601835029150436e+01 -9.521310306341890239e-01 -3.036123251993063654e-01 -3.558168757307834940e-02 4.888655836232386065e+01 -4.352318732223334208e-02 1.942782860486039209e-02 9.988635000043869505e-01 2.388427000749503204e+00
-3.014383094972485910e-01 9.529586845586710542e-01 -3.169686248902847669e-02 3.757414821228032054e+01 -9.525315109359355770e-01 -3.024570551372551819e-01 -3.469078367237234811e-02 4.871750839219418339e+01 -4.264582326025545544e-02 1.973512913326819218e-02 9.988953190582826602e-01 2.391534881419678626e+00
-2.998977381396334962e-01 9.534254014512161257e-01 -3.226996322153622559e-02 3.808429740068176272e+01 -9.529750421149180140e-01 -3.009586709452511943e-01 -3.553093706811529667e-02 4.854935036263525205e+01 -4.358802318071140075e-02 2.009682189938090391e-02 9.988474367913962038e-01 2.401117996923487041e+00
-2.982323824683346114e-01 9.539218963284114006e-01 -3.302214033748367139e-02 3.860392578953035780e+01 -9.534901448650080491e-01 -2.993263321569314961e-01 -3.550057073885434095e-02 4.837103864862341140e+01 -4.374916790713928583e-02 2.089886558370575992e-02 9.988239322947498611e-01 2.403935365776966204e+00
-2.973156819643669735e-01 9.541594679517738653e-01 -3.439614769202151839e-02 3.912185906300018701e+01 -9.537858253724090796e-01 -2.984564830364366816e-01 -3.487588066549402593e-02 4.823125202575488402e+01 -4.354290501029992738e-02 2.243741187189678826e-02 9.987995684679458197e-01 2.418959700585830319e+00
-2.963111474683752800e-01 9.544376700379999523e-01 -3.533324070063605798e-02 3.964665781265391331e+01 -9.541191426032180622e-01 -2.974757428220837774e-01 -3.412981322172616017e-02 4.810370868989198101e+01 -4.308556143390963183e-02 2.359907720407299764e-02 9.987926301044881550e-01 2.441610193658136918e+00
-2.946756137807864384e-01 9.549409588433064311e-01 -3.541253685268817841e-02 4.014868628346337687e+01 -9.546953439114100881e-01 -2.958050059221286610e-01 -3.249921207173513127e-02 4.795475682168878251e+01 -4.151003441086173473e-02 2.423145878472212147e-02 9.988442087975348826e-01 2.482300338231457015e+00
-2.929051924400987161e-01 9.554737817177956227e-01 -3.572675036332149251e-02 4.067547874873801561e+01 -9.552161769886775566e-01 -2.940608631101064852e-01 -3.301914605308070572e-02 4.778232345452894947e+01 -4.205476739638686762e-02 2.445529056939547280e-02 9.988159666837541639e-01 2.505644376445998578e+00
-2.920440296965467475e-01 9.557438329178108427e-01 -3.555292615487068431e-02 4.120782444886097551e+01 -9.554830518194313838e-01 -2.931926111449811856e-01 -3.301863800663806803e-02 4.761528127847162750e+01 -4.198121489938121120e-02 2.432732228501658517e-02 9.988221858699439792e-01 2.517676428081146334e+00
-2.906213981227709908e-01 9.561773309615334560e-01 -3.555439084619254481e-02 4.172011530392423140e+01 -9.559142089614812710e-01 -2.917727999633621394e-01 -3.311583166833251962e-02 4.743301448789239316e+01 -4.203841170538295119e-02 2.436277810139634084e-02 9.988189160125426902e-01 2.537094913199691160e+00
-2.897658175440824824e-01 9.564184298695940223e-01 -3.604938264091167577e-02 4.224087200569618972e+01 -9.561719300758994011e-01 -2.909362938731550052e-01 -3.303502750541127686e-02 4.728716479316276633e+01 -4.208338291938637510e-02 2.489698602510839395e-02 9.988038490959703086e-01 2.556521026367592153e+00
-2.892689641682837376e-01 9.565586495004037015e-01 -3.631826585853554362e-02 4.274594858272703846e+01 -9.563268246124096983e-01 -2.904465055509464211e-01 -3.286079639918963041e-02 4.713376015393964025e+01 -4.198179243139846945e-02 2.522652332778412693e-02 9.987998556392765348e-01 2.589636991576408143e+00
-2.886581251559940942e-01 9.567506793768408846e-01 -3.611958323929058412e-02 4.326227514886628711e+01 -9.565263951652739349e-01 -2.898203930483462809e-01 -3.257905961547071655e-02 4.698255581935642766e+01 -4.163822923171385526e-02 2.514512448280353807e-02 9.988162897055652412e-01 2.628802437806224024e+00
-2.878466857360861830e-01 9.569954123077695218e-01 -3.611185861504873779e-02 4.376469120542510183e+01 -9.567554890737619555e-01 -2.890186934850980105e-01 -3.297163846995784103e-02 4.680631754727157556e+01 -4.199070894825997907e-02 2.505944209373769591e-02 9.988036867793256279e-01 2.664062908460749668e+00
-2.874172785851802914e-01 9.570674098427288667e-01 -3.759362961486040905e-02 4.427421521140524874e+01 -9.568709829053611005e-01 -2.886489774608238523e-01 -3.285863485522972499e-02 4.666259837510128250e+01 -4.229929129923310632e-02 2.652811391243729486e-02 9.987527367310846671e-01 2.668166047500775129e+00
-2.874657736945294140e-01 9.570295604221668029e-01 -3.818179451466451740e-02 4.477281321477482123e+01 -9.568570891323371352e-01 -2.887171311074829827e-01 -3.266388192262883322e-02 4.650076002560363264e+01 -4.228403873090439552e-02 2.714477266839568012e-02 9.987368128718319138e-01 2.690250366791865133e+00
-2.879929403188705717e-01 9.568915429677922191e-01 -3.766485527927993654e-02 4.529156129072416803e+01 -9.566993365742999522e-01 -2.892256077004848880e-01 -3.278608315397538164e-02 4.636155501205180940e+01 -4.226636635417840154e-02 2.659178156880178182e-02 9.987524375080200079e-01 2.718661848232558409e+00
-2.880955483111971027e-01 9.568540800564869775e-01 -3.783152815476411440e-02 4.578083026016258827e+01 -9.566683541536410429e-01 -2.893338779443166420e-01 -3.273480158282608687e-02 4.620744422976764554e+01 -4.226837120394418695e-02 2.676147516407279339e-02 9.987478201442084869e-01 2.740511562819287317e+00
-2.886640092580554651e-01 9.566713779215143543e-01 -3.811777045966967259e-02 4.630048987456554954e+01 -9.564861644132016671e-01 -2.899184507224443763e-01 -3.288630743666879491e-02 4.606713042892201315e+01 -4.251243400684967533e-02 2.696602670859046813e-02 9.987319592154667580e-01 2.757444374156975186e+00
-2.893322795337309739e-01 9.564620075318045478e-01 -3.830483217618139979e-02 4.679249277006891106e+01 -9.562844738877088746e-01 -2.905923263691112535e-01 -3.280403720117230221e-02 4.590636201227592750e+01 -4.250690556983618973e-02 2.713904942363211739e-02 9.987275078695182495e-01 2.802199217631673900e+00
-2.898416819866396210e-01 9.562890737417530929e-01 -3.876863197607641892e-02 4.728752877210272487e+01 -9.561096048791273283e-01 -2.911303626492731667e-01 -3.312907184909369418e-02 4.575747918029124151e+01 -4.296769531910511059e-02 2.746487549295317798e-02 9.986988824330991221e-01 2.833601161330514095e+00
-2.896640727420989325e-01 9.563278327159152603e-01 -3.913823367680448195e-02 4.780172252794245935e+01 -9.561612260025751375e-01 -2.909671440393850617e-01 -3.307311565026994221e-02 4.558043034076234079e+01 -4.301668108667135171e-02 2.784236811846100418e-02 9.986863209666204666e-01 2.846996028942387458e+00
-2.894874532381823684e-01 9.564013860151400204e-01 -3.864457589352898736e-02 4.830466137054136766e+01 -9.562289531872784076e-01 -2.907644950827392716e-01 -3.289677013996623184e-02 4.543754257229374360e+01 -4.269898715465371419e-02 2.742986014545485685e-02 9.987113693497072786e-01 2.863985024916589239e+00
-2.896040384005744706e-01 9.563641372353394177e-01 -3.869286694189791320e-02 4.881570870676807061e+01 -9.562010815828237975e-01 -2.908778283789457131e-01 -3.270444216596182785e-02 4.530273652041969257e+01 -4.253225272562789760e-02 2.752682269448249175e-02 9.987158161911875442e-01 2.881050156696717490e+00
-2.890812517120679992e-01 9.565134578548150079e-01 -3.891060075620180608e-02 4.931950606944519677e+01 -9.563648996599966035e-01 -2.903593152591159576e-01 -3.252148121752022891e-02 4.515148841081253295e+01 -4.240528984582230682e-02 2.781138229002386164e-02 9.987133314461211775e-01 2.916651406589107154e+00
-2.884753820933305679e-01 9.566960353116371607e-01 -3.891850389084110240e-02 4.983090244026787730e+01 -9.565225155598973128e-01 -2.897707779630644964e-01 -3.312964632540166959e-02 4.496801336023746387e+01 -4.297244644039610595e-02 2.766933786115783125e-02 9.986930342148444550e-01 2.949162511942044151e+00
-2.878460930026920384e-01 9.568942745819443152e-01 -3.870366927541598473e-02 5.033845157915425972e+01 -9.567130918612362089e-01 -2.891340303404767997e-01 -3.318994366350552783e-02 4.480566202510551221e+01 -4.294981495187160520e-02 2.747471148833844495e-02 9.986993810072340994e-01 2.964773741979507715e+00
-2.860430122765622585e-01 9.574256620730451361e-01 -3.892938134291081681e-02 5.086488833600276394e+01 -9.572482662660087849e-01 -2.873441371956295676e-01 -3.330320630239525653e-02 4.466449892645093911e+01 -4.307147383676433045e-02 2.773893334810475370e-02 9.986868376614554954e-01 2.985631505909015715e+00
-2.838194680745600440e-01 9.580812347648823835e-01 -3.907501929971200078e-02 5.138001854488967979e+01 -9.579226286541275837e-01 -2.851196324016331829e-01 -3.303078460352634055e-02 4.452426901170627360e+01 -4.278723003701997291e-02 2.805606548603268094e-02 9.986901972760133805e-01 3.013620991813014349e+00
-2.820139925298954520e-01 9.586224608473458142e-01 -3.887268419246897588e-02 5.191690053359550205e+01 -9.584702143596167678e-01 -2.832995076903310760e-01 -3.280605321959381010e-02 4.436300728018878203e+01 -4.246123176238417174e-02 2.800654390308354377e-02 9.987055007838024911e-01 3.048802875197101248e+00
-2.805193794318723288e-01 9.590828480955411184e-01 -3.832712162559351321e-02 5.245801813990689055e+01 -9.588986193595951946e-01 -2.817941869697766499e-01 -3.324866885012717210e-02 4.419180148417479614e+01 -4.268858809354131312e-02 2.742492805803540754e-02 9.987119493465528297e-01 3.084332741809545197e+00
-2.785768622653543858e-01 9.596751274997011860e-01 -3.766406070542136636e-02 5.299705125442282849e+01 -9.594532667866212394e-01 -2.798377371145943648e-01 -3.376788028679617720e-02 4.403724948786724269e+01 -4.294602033797759871e-02 2.672995594861835023e-02 9.987197548822767112e-01 3.103602358061131827e+00
-2.774882790981483272e-01 9.599926669791678524e-01 -3.760763631727345041e-02 5.354108761405211681e+01 -9.597708799397146606e-01 -2.787468866496707331e-01 -3.376434810360332689e-02 4.386299964108118843e+01 -4.289653812248423598e-02 2.672550335054259610e-02 9.987220006026533703e-01 3.121199839086177263e+00
-2.759378703429267166e-01 9.604175829059889979e-01 -3.816226088203063249e-02 5.406888653142031131e+01 -9.602120330868005871e-01 -2.772211729129130386e-01 -3.378272937614651417e-02 4.372153377637195604e+01 -4.302491401413088834e-02 2.732192771029821887e-02 9.987003399620277833e-01 3.129847490130286403e+00
-2.741456682396625766e-01 9.608901494720957226e-01 -3.916980001126446620e-02 5.460796141138714432e+01 -9.607347253254799879e-01 -2.754598507256846851e-01 -3.332653885356585965e-02 4.357820170590984787e+01 -4.281285016444832947e-02 2.849546079075025370e-02 9.986766586714237448e-01 3.156168323666103781e+00
-2.728916709692918996e-01 9.612357810298323146e-01 -3.944501468570871250e-02 5.515707058978910737e+01 -9.611063615804645854e-01 -2.742067545586488464e-01 -3.294263929884728992e-02 4.343611922134181214e+01 -4.248173307609795502e-02 2.892108266266839312e-02 9.986785635691146634e-01 3.208448881836988509e+00
-2.710455878348727587e-01 9.617472181907200657e-01 -3.970614080541717134e-02 5.569915061563296632e+01 -9.616241905801896639e-01 -2.723745856340031857e-01 -3.303030716932282840e-02 4.328431519603820732e+01 -4.258174968508211117e-02 2.922966648999681533e-02 9.986653199098487477e-01 3.230578287988500108e+00
-2.695528583098909525e-01 9.621565623286930657e-01 -3.995004561699277285e-02 5.625763368714609669e+01 -9.620283702027648820e-01 -2.709023666083083537e-01 -3.336649054110488871e-02 4.311479505332045647e+01 -4.292634973975555795e-02 2.943904437731690096e-02 9.986444167791509452e-01 3.264079004357553604e+00
-2.675718073526169860e-01 9.627351130961633308e-01 -3.932467319345089862e-02 5.681910636237149959e+01 -9.625552617125719967e-01 -2.689189710881210171e-01 -3.420460697549974893e-02 4.294765323412389080e+01 -4.350512681852700125e-02 2.869998258926309206e-02 9.986408838716147596e-01 3.283971405405376132e+00
-2.658283417849394148e-01 9.632625750612003879e-01 -3.821654341165819230e-02 5.737786792348991582e+01 -9.630093669260032518e-01 -2.671559140441175373e-01 -3.522324238384477724e-02 4.277701048104776049e+01 -4.413900674741536717e-02 2.743955316177462342e-02 9.986484962215853578e-01 3.300199715176715731e+00
-2.639950653273235304e-01 9.637440250163840094e-01 -3.878220891132490300e-02 5.792971084482672239e+01 -9.635255341851804989e-01 -2.653376070369184436e-01 -3.484966664236992945e-02 4.263021879864429309e+01 -4.387653650853361176e-02 2.816750853627770015e-02 9.986397954251943210e-01 3.312961369628514063e+00
-2.614248331916340096e-01 9.644237526655854431e-01 -3.929226240822028537e-02 5.848740955066762126e+01 -9.642613055990305604e-01 -2.627651757898428198e-01 -3.397936015563630258e-02 4.248524128915889975e+01 -4.309514027335085984e-02 2.900495968904451966e-02 9.986498491454635085e-01 3.328212974965337967e+00
-2.594677638181641655e-01 9.649245565673665315e-01 -3.996347923382485151e-02 5.906449388398930722e+01 -9.647557653186664695e-01 -2.608570286391340698e-01 -3.463991763783903777e-02 4.234229705611136296e+01 -4.384966161323921446e-02 2.956705502468985614e-02 9.986005189431714779e-01 3.366059736718148176e+00
-2.578058331609587306e-01 9.653107258595838847e-01 -4.136852582130185613e-02 5.963699307305802932e+01 -9.651615788522858175e-01 -2.592748805456945860e-01 -3.520884868011282809e-02 4.216939462782016079e+01 -4.471329886674946935e-02 3.085026512786465114e-02 9.985234008504724201e-01 3.408088122206123671e+00
-2.563873650800829740e-01 9.656375543105110149e-01 -4.253977823764316241e-02 6.022110202640896404e+01 -9.654712214227386680e-01 -2.579485190045258669e-01 -3.644011728654864696e-02 4.199638605099906385e+01 -4.616101853055201015e-02 3.172814599984239564e-02 9.984300101257146398e-01 3.434696050628638364e+00
-2.552397407722108991e-01 9.659632551669350420e-01 -4.204360115206610959e-02 6.079858747180089296e+01 -9.656934943263131288e-01 -2.568375481704532337e-01 -3.834773612125956521e-02 4.183090908523755047e+01 -4.784087944812763504e-02 3.081336588380908723e-02 9.983795804885735592e-01 3.488757743306777126e+00
-2.535223631439529335e-01 9.663863392962475096e-01 -4.270661081734471176e-02 6.136952034284752955e+01 -9.661997696359287957e-01 -2.551124785315244115e-01 -3.708946552568743310e-02 4.167093354847153819e+01 -4.673774215111745067e-02 3.186010858583127742e-02 9.983989768321653857e-01 3.494565193475797305e+00
-2.523301944823157505e-01 9.667125765230674128e-01 -4.238239427698126116e-02 6.196172205440700509e+01 -9.665538525850151386e-01 -2.538805876229841552e-01 -3.630836379229150646e-02 4.152897407886560188e+01 -4.585981907489196374e-02 3.180316997314974747e-02 9.984415032309489346e-01 3.498034187481239510e+00
-2.521422576322349673e-01 9.667336205644511127e-01 -4.301614564866711871e-02 6.253820555647693169e+01 -9.666257560365069113e-01 -2.537003360497878113e-01 -3.564810310628245549e-02 4.138975977962694230e+01 -4.537543038882476537e-02 3.259212111189460637e-02 9.984381923576723938e-01 3.521162428343817208e+00
-2.524523251804957624e-01 9.665979208727210059e-01 -4.422988667738905061e-02 6.312118154989116903e+01 -9.665827937290075722e-01 -2.540259036656746794e-01 -3.447525393473714617e-02 4.124563380902686305e+01 -4.455924570713013649e-02 3.404848941393569250e-02 9.984263488062805614e-01 3.573824886592398720e+00
-2.533822455746781444e-01 9.662832596851888001e-01 -4.576133389336521640e-02 6.371277057181958270e+01 -9.663334092248371254e-01 -2.550137274660615461e-01 -3.417222585330730728e-02 4.106818828627734064e+01 -4.468981811819833228e-02 3.556207046885561524e-02 9.983677475261961698e-01 3.611887395195632955e+00
-2.544418961466266005e-01 9.659743327044135741e-01 -4.639946165175356380e-02 6.429979572855397407e+01 -9.660691020802311124e-01 -2.560829694801369794e-01 -3.364524852236222552e-02 4.092533199070150829e+01 -4.438255841212378899e-02 3.626432542456134445e-02 9.983561925536876824e-01 3.634029628500640374e+00
-2.556204908911967610e-01 9.656468884324352908e-01 -4.673597647743984312e-02 6.489264714552359692e+01 -9.657837559567400421e-01 -2.572502419187587819e-01 -3.292491097683073603e-02 4.078437524090738719e+01 -4.381667909182234560e-02 3.672056499424127679e-02 9.983645119593684836e-01 3.675010306370161572e+00
-2.567751111613441051e-01 9.652954564173988894e-01 -4.765736153004576647e-02 6.549199773903119137e+01 -9.654853082541819953e-01 -2.584278271655691128e-01 -3.245269929929773395e-02 4.063969138458296015e+01 -4.364243157074589041e-02 3.767943691735437667e-02 9.983364153431366628e-01 3.709621691390887044e+00
-2.582050852222839143e-01 9.649102667846645165e-01 -4.773165636033543241e-02 6.609304022243860288e+01 -9.650926976030747007e-01 -2.598680135124096235e-01 -3.262975001949690312e-02 4.049188373717146305e+01 -4.388871151644698626e-02 3.764030561329306801e-02 9.983270948916311838e-01 3.758666686030049053e+00
-2.594306397054091384e-01 9.645663810376315928e-01 -4.803581740752136536e-02 6.670497243306354562e+01 -9.647471025286157298e-01 -2.611166905619892731e-01 -3.288011667550379269e-02 4.029841203341170797e+01 -4.425800881967776462e-02 3.781230595878544432e-02 9.983042913728241707e-01 3.778068418443584431e+00
-2.601871187686835007e-01 9.643578678914370705e-01 -4.813071641615979113e-02 6.727335081200695299e+01 -9.645267568457172036e-01 -2.618895163788306224e-01 -3.319663446111865285e-02 4.015686510652157892e+01 -4.461836567529051112e-02 3.778602713628387982e-02 9.982892454583101038e-01 3.823366122241123932e+00
-2.612722723850025019e-01 9.639963699033434752e-01 -4.947523113592958155e-02 6.789173569544047382e+01 -9.642607128987684684e-01 -2.629949849933110873e-01 -3.217010146591713082e-02 4.001207691444128045e+01 -4.402359870270072806e-02 3.930186613310653054e-02 9.982571242298844405e-01 3.842257032406127593e+00
-2.619539224339511030e-01 9.637399373460688867e-01 -5.084757305577732034e-02 6.848636836670345929e+01 -9.640826943928144654e-01 -2.637147612161707677e-01 -3.160827564086708674e-02 3.985243788126141595e+01 -4.387141317257264861e-02 4.074135344945063741e-02 9.982061115948691610e-01 3.887990962467945621e+00
-2.624597648502406955e-01 9.635362128969068296e-01 -5.208491404469003244e-02 6.906227075884656585e+01 -9.639524321360845027e-01 -2.642531932860130439e-01 -3.107987157425465274e-02 3.968381457209981278e+01 -4.371018661231641095e-02 4.205016378602331739e-02 9.981589068439379320e-01 3.912737780566107659e+00
-2.636968461547677389e-01 9.631603027030617437e-01 -5.278451122228698666e-02 6.966795106192881804e+01 -9.636121833723003682e-01 -2.655134300227923738e-01 -3.088978041360138441e-02 3.953134170633484956e+01 -4.376680688030139266e-02 4.271826043366765135e-02 9.981280563339675060e-01 3.940566056171793452e+00
-2.649953610618092092e-01 9.628140398647427878e-01 -5.259831988814051701e-02 7.028918254328716841e+01 -9.632525508682009407e-01 -2.668072813228841156e-01 -3.095800185728748294e-02 3.936786799556524841e+01 -4.384041356586131782e-02 4.246173892370892072e-02 9.981357717595081835e-01 3.992948488392322304e+00
-2.656657195081286726e-01 9.626284618899092482e-01 -5.261339979221597851e-02 7.089291115550729216e+01 -9.630612783359955298e-01 -2.674835073580337230e-01 -3.107325958573697519e-02 3.920126771822048539e+01 -4.398522079137624774e-02 4.241482819618664496e-02 9.981313955091393186e-01 4.037300621213542051e+00
-2.662425068504030712e-01 9.624431694455631847e-01 -5.308552659239997723e-02 7.148442000842219102e+01 -9.628923273048163312e-01 -2.680840175221290700e-01 -3.113399374814369847e-02 3.902823472535522598e+01 -4.419608086163016175e-02 4.282645370298718279e-02 9.981045041976808196e-01 4.069333118017596007e+00
-2.678189264701833494e-01 9.619795155205962400e-01 -5.355776641269970051e-02 7.210475111313004959e+01 -9.624446918908652338e-01 -2.696833804809517510e-01 -3.116230645288636802e-02 3.886452057003655369e+01 -4.442113996123800423e-02 4.320053253288680395e-02 9.980783918678026723e-01 4.115375815621415967e+00
-2.687151276134380762e-01 9.616762021434467345e-01 -5.450745290921937825e-02 7.270642286511578334e+01 -9.621844407629839280e-01 -2.706191295074988901e-01 -3.108679298717872963e-02 3.868584802237288045e+01 -4.464618847469349616e-02 4.409273155022966351e-02 9.980293326747072813e-01 4.159758459763425620e+00
-2.696221644168226295e-01 9.613615860539710400e-01 -5.556788024552636318e-02 7.330439602220965867e+01 -9.619285280501925772e-01 -2.715609785385186825e-01 -3.079191222370363315e-02 3.852355679455973103e+01 -4.469222950780073200e-02 4.515014723116075879e-02 9.979799942016005510e-01 4.192103189715430389e+00
-2.704850281411175228e-01 9.610313741312687119e-01 -5.706616762027188344e-02 7.392261852066253880e+01 -9.617078626374074846e-01 -2.724473393916286845e-01 -2.984014409838962531e-02 3.835554811198430514e+01 -4.422484022457021796e-02 4.680966987481176289e-02 9.979243550055897360e-01 4.222109792752081425e+00
-2.709382106378832589e-01 9.608330396208781821e-01 -5.824393521428913867e-02 7.452936068263107927e+01 -9.616053793061831723e-01 -2.729086511102907231e-01 -2.891301849640407276e-02 3.817344873786196047e+01 -4.367585724120140456e-02 4.817403991846552769e-02 9.978836011139677886e-01 4.252041381435549994e+00
-2.716665399926376789e-01 9.605561735673971979e-01 -5.940646825042984747e-02 7.512995884011381520e+01 -9.614032390281127549e-01 -2.736666709705466438e-01 -2.846691388528897054e-02 3.801253735210920581e+01 -4.360164027513838136e-02 4.938006299569917129e-02 9.978278941500173804e-01 4.286180148732356088e+00
-2.716086392023175922e-01 9.605448332157103808e-01 -5.985290714132779355e-02 7.574897951301900889e+01 -9.614160238370336176e-01 -2.736261562456736574e-01 -2.842456204775276052e-02 3.781701642475351122e+01 -4.368038713259905781e-02 4.982318738119059787e-02 9.978024222155030820e-01 4.343640698854584592e+00
-2.709772275891386695e-01 9.607721430158043807e-01 -5.906125068877778744e-02 7.637842653415110306e+01 -9.615454941117348442e-01 -2.730261444304773466e-01 -2.978233051404080220e-02 3.765355632804861585e+01 -4.473929907277884171e-02 4.871974612255969284e-02 9.978099926620447313e-01 4.412113569910723676e+00
-2.695887119548949773e-01 9.611840263872263312e-01 -5.871280784071479519e-02 7.701224034046690292e+01 -9.619346080084331119e-01 -2.716304381950780389e-01 -2.997857504305836973e-02 3.746467238518224008e+01 -4.476311318667522410e-02 4.839599636323117793e-02 9.978246796075185276e-01 4.459345803290115207e+00
-2.681317998169323591e-01 9.615625534003545694e-01 -5.918440525276176534e-02 7.764248943261469549e+01 -9.623501150861301090e-01 -2.701815975778742995e-01 -2.973483351189900453e-02 3.729470867942504952e+01 -4.458243959952352953e-02 4.898326477949712515e-02 9.978041119633134226e-01 4.503821455963887388e+00
-2.665523088790144879e-01 9.619848788519322902e-01 -5.945552532355453945e-02 7.824587212912372536e+01 -9.627529964589298661e-01 -2.686524856226017999e-01 -3.053702307281400824e-02 3.712953316850321528e+01 -4.534902910337011706e-02 4.910127115494161004e-02 9.977637649916690776e-01 4.549252771748468760e+00
-2.650354361978932705e-01 9.623420125231574307e-01 -6.044889157190620060e-02 7.885883462450078696e+01 -9.631442540125312313e-01 -2.671999206991235720e-01 -3.094104621740062511e-02 3.693589072005261187e+01 -4.592780772078857571e-02 5.002052889826003046e-02 9.976916272910686390e-01 4.572990805543473591e+00
-2.637322113365498932e-01 9.626556302271203069e-01 -6.115111033790711359e-02 7.947910959623207816e+01 -9.634671763151581025e-01 -2.659597319810915739e-01 -3.156613894415121607e-02 3.675846308748953817e+01 -4.665105429493468514e-02 5.059207997870226320e-02 9.976292500606623870e-01 4.615534048334466455e+00
-2.621098151018106392e-01 9.630601834531276051e-01 -6.175376809979205017e-02 8.011311287841385820e+01 -9.638806422929109274e-01 -2.643920074103607298e-01 -3.210878120585487772e-02 3.658866831152885624e+01 -4.724989143162484917e-02 5.110723495502390856e-02 9.975748083702553615e-01 4.680112681385166340e+00
-2.604403099422629708e-01 9.634539628520664145e-01 -6.266822497746929455e-02 8.072064700685176319e+01 -9.642977933197074414e-01 -2.627947801072856304e-01 -3.269050851708914240e-02 3.642188396569569875e+01 -4.796468238110672411e-02 5.191690488667573267e-02 9.974988843257256432e-01 4.723083021858519359e+00
-2.588089454515141163e-01 9.638305729830164426e-01 -6.362826681205314971e-02 8.135096188698224751e+01 -9.646432377771253508e-01 -2.613002606209799961e-01 -3.443250804505137985e-02 3.624846726200385660e+01 -4.981318665915492050e-02 5.246713621533523331e-02 9.973794894884402407e-01 4.779921167394996395e+00
-2.573840036159880107e-01 9.641541993669365818e-01 -6.449925988495651408e-02 8.196781476589760018e+01 -9.650185487002137519e-01 -2.599156922320635665e-01 -3.439525542950673531e-02 3.608529397195694344e+01 -4.992669974211156464e-02 5.339019361857766377e-02 9.973248276656065947e-01 4.842838584193640550e+00
-2.561498789464837778e-01 9.644196815119648880e-01 -6.543636166583646774e-02 8.258894093838856065e+01 -9.653963847968162204e-01 -2.586629889124412163e-01 -3.321563469392454365e-02 3.590240858703622706e+01 -4.895977672477321713e-02 5.466384618047608751e-02 9.973037672564050160e-01 4.880917877770047042e+00
-2.558640293793419396e-01 9.644297002712038935e-01 -6.639993753433556800e-02 8.320058788334650046e+01 -9.654800453952951944e-01 -2.584018841924913268e-01 -3.281384142811509530e-02 3.574677736626878044e+01 -4.880451222239987064e-02 5.571193301768274930e-02 9.972533780871172260e-01 4.940324439266226442e+00
-2.559826311463266890e-01 9.643358945733814247e-01 -6.729914552771061598e-02 8.383735408765825525e+01 -9.654491441164086973e-01 -2.585500737568531271e-01 -3.255471525324382664e-02 3.558729641814851163e+01 -4.879387949628136156e-02 5.664046078274903584e-02 9.972015922199584104e-01 4.986200331094615024e+00
-2.553555374194600436e-01 9.644662385510076597e-01 -6.781168191756711816e-02 8.446328649719441728e+01 -9.656059856696628252e-01 -2.579524722407346982e-01 -3.264356757175557872e-02 3.541960462036726653e+01 -4.897580982625553137e-02 5.714365021735594991e-02 9.971639650988692871e-01 5.039967343371690056e+00
-2.542241877751789669e-01 9.647627435417384101e-01 -6.784475678981288782e-02 8.509964620065801455e+01 -9.658610557452639300e-01 -2.568750532118813101e-01 -3.358017319844421034e-02 3.524888994594530800e+01 -4.982452553406811063e-02 5.699171616306501764e-02 9.971306137834168304e-01 5.095136377003282036e+00
-2.522805706513404633e-01 9.652484748945948656e-01 -6.819014140983094274e-02 8.574713526061457003e+01 -9.663015617890460263e-01 -2.550262652706916100e-01 -3.496992573817481187e-02 3.507403291477515950e+01 -5.114494457797998800e-02 5.707000732207379023e-02 9.970592805387118451e-01 5.147461320121682782e+00
-2.498089103371969877e-01 9.658640944396070793e-01 -6.857156399339281450e-02 8.636240251901497800e+01 -9.669443340728840486e-01 -2.525734428114576602e-01 -3.500443958577405257e-02 3.492146192318535469e+01 -5.112888733865700308e-02 5.756046437204091759e-02 9.970319101316597044e-01 5.205350099961479238e+00
-2.476472806648135627e-01 9.663788092649296946e-01 -6.915794519084750291e-02 8.697766684969040796e+01 -9.674742629091115376e-01 -2.504677353198130341e-01 -3.548893027742608397e-02 3.475981909955091709e+01 -5.161758409490842942e-02 5.811979497091616931e-02 9.969742797307981075e-01 5.264737605214483196e+00
-2.455889782660964915e-01 9.668530138866878731e-01 -6.986632445208050546e-02 8.760433170157436678e+01 -9.680238163451010402e-01 -2.484118523719347493e-01 -3.494914290523594425e-02 3.460113751665929271e+01 -5.114630722624383119e-02 5.904914173273533018e-02 9.969439573605659577e-01 5.324021918501215644e+00
-2.434769444272741890e-01 9.673265330246267890e-01 -7.069905260266463876e-02 8.823562877576755170e+01 -9.685947773901948388e-01 -2.462907844296406967e-01 -3.413219473564288453e-02 3.444285903206218080e+01 -5.042950272209353185e-02 6.016833063654460079e-02 9.969135555521420056e-01 5.367440438549101245e+00
-2.415643031017487008e-01 9.678017829411212913e-01 -7.075589306166411852e-02 8.887569915627609873e+01 -9.691469916807516904e-01 -2.442957057520835917e-01 -3.276761613606581774e-02 3.427784099283203290e+01 -4.899791815083293783e-02 6.065737454818239532e-02 9.969553083914072245e-01 5.422489792746906900e+00
-2.398471530263537321e-01 9.682281091910969195e-01 -7.076490484262702718e-02 8.949158624310365440e+01 -9.695522878472817574e-01 -2.426092289427443927e-01 -3.330350074554576378e-02 3.412901925218854871e+01 -4.941360455638048321e-02 6.062252554983402208e-02 9.969369112841119929e-01 5.496599583696955449e+00
-2.393809439796790173e-01 9.683249034818673939e-01 -7.101862400969283229e-02 9.012972142870411574e+01 -9.696435118938521169e-01 -2.421823292423819218e-01 -3.375172950963638285e-02 3.397539421614412447e+01 -4.988209600202110627e-02 6.078322712366406033e-02 9.969037946556720264e-01 5.560519855733858208e+00
-2.403830842660097389e-01 9.680236758609946923e-01 -7.173657206285412313e-02 9.074193701107860477e+01 -9.694831397336071133e-01 -2.430965579100292651e-01 -3.172546775957395260e-02 3.381485859892107015e+01 -4.814991766377682558e-02 6.192113132739372749e-02 9.969189329750474116e-01 5.589153733587479245e+00
-2.417541673865204466e-01 9.676558129944052844e-01 -7.209126250376625411e-02 9.136610766701957687e+01 -9.692091266569415886e-01 -2.443876223765530931e-01 -3.013899192116617845e-02 3.366314441591003970e+01 -4.678238296772724986e-02 6.258528267310101145e-02 9.969425715840350977e-01 5.632833354239878965e+00
-2.444923522047790510e-01 9.669259277913431205e-01 -7.264805488259576394e-02 9.199922149241938030e+01 -9.685423607026262260e-01 -2.471084119125603884e-01 -2.937904502594593237e-02 3.350193657387507074e+01 -4.635930583991117876e-02 6.317976675251961438e-02 9.969248376056937255e-01 5.685611394082980219e+00
-2.481948003156553284e-01 9.659834636475895797e-01 -7.263118514576540063e-02 9.261608732793433774e+01 -9.676039508341861550e-01 -2.507956794136625422e-01 -2.905376942005351640e-02 3.333307068415334840e+01 -4.628104824165344550e-02 6.306722720118458636e-02 9.969355994380018071e-01 5.740807376887705260e+00
-2.526497738388542302e-01 9.648825284735671470e-01 -7.190130753770399008e-02 9.322379068590819884e+01 -9.664352221771179696e-01 -2.552375282599788076e-01 -2.927055693356564112e-02 3.318006471458297568e+01 -4.659456099847247151e-02 6.209275653562357222e-02 9.969821645702431345e-01 5.823245860632932036e+00
-2.566289035892441728e-01 9.637944545149167430e-01 -7.240065806936393789e-02 9.385260209900090445e+01 -9.652441455951220606e-01 -2.594053512109266713e-01 -3.182142607551111807e-02 3.301383156060773416e+01 -4.945043212071952715e-02 6.171801365428315062e-02 9.968678656440099761e-01 5.863619816247156891e+00
-2.608792636248480346e-01 9.626259379565590413e-01 -7.275516053045316678e-02 9.446281203302338270e+01 -9.639259516954098439e-01 -2.638705102946099501e-01 -3.491580508824730644e-02 3.284570662359667637e+01 -5.280880095831939208e-02 6.102177783477871764e-02 9.967384677894334244e-01 5.925976342229630767e+00
-2.649759605216568392e-01 9.614784636470059542e-01 -7.312252928214987846e-02 9.506961664077171292e+01 -9.627131730543807553e-01 -2.680772095649508469e-01 -3.630366564736577789e-02 3.268099570487099470e+01 -5.450767627767397205e-02 6.077642351161254702e-02 9.966619986594981162e-01 5.979398383445819753e+00
-2.678286857007976529e-01 9.606561175195017510e-01 -7.353651465864188830e-02 9.567623437742994952e+01 -9.617964902951646744e-01 -2.710765446278764479e-01 -3.827555627961580498e-02 3.248757407341280157e+01 -5.670367158911673866e-02 6.047586977438426659e-02 9.965577568828337673e-01 6.032718758184112851e+00
-2.716813000826361346e-01 9.595346532655293359e-01 -7.404404343368455044e-02 9.627310158881611812e+01 -9.606209749790333152e-01 -2.750380808037649061e-01 -3.951451047543595718e-02 3.233468902016902291e+01 -5.828047370895577534e-02 6.039290761656053441e-02 9.964718175111011433e-01 6.092965303673574695e+00
-2.747050408806945843e-01 9.586149219452629877e-01 -7.479687118197511642e-02 9.687614959641577173e+01 -9.596914576693994503e-01 -2.781556887277591983e-01 -4.027057119993467105e-02 3.216024367094214398e+01 -5.940914568582032068e-02 6.071938942597300548e-02 9.963853216284440650e-01 6.127472655120135059e+00
-2.771599270995135367e-01 9.578438076359317987e-01 -7.561491244253813748e-02 9.746673237856379046e+01 -9.589378545659251740e-01 -2.806864076845496658e-01 -4.066118077040907497e-02 3.196490470220425095e+01 -6.017113835297931840e-02 6.124035201273106410e-02 9.963077101953308201e-01 6.172419357640933413e+00
-2.793169236846397840e-01 9.571507084521614361e-01 -7.644983618605805109e-02 9.806267397663104646e+01 -9.582755987216854399e-01 -2.829093793630776954e-01 -4.086759061889775474e-02 3.177522715871990400e+01 -6.074481902141751211e-02 6.184500285329578434e-02 9.962355457341055542e-01 6.219141350871701057e+00
-2.806988809328525569e-01 9.567276731609493101e-01 -7.668309886200505576e-02 9.866164498457372645e+01 -9.578105741460198885e-01 -2.843589273150206598e-01 -4.170017398431885569e-02 3.160566762618939762e+01 -6.170123416201556826e-02 6.174269077620950230e-02 9.961831146122671621e-01 6.273101951289066669e+00
-2.810560424203656371e-01 9.566365033700188203e-01 -7.651209995148340604e-02 9.923957261442470212e+01 -9.576489948708444278e-01 -2.847637299454335302e-01 -4.263825430790621485e-02 3.143704804325949809e+01 -6.257718147905928785e-02 6.128799660250243420e-02 9.961565528723829166e-01 6.330181821964021793e+00
-2.809172110254818389e-01 9.566636471006119136e-01 -7.668237650086721924e-02 9.984573586126779787e+01 -9.576262299874046535e-01 -2.846946630938591571e-01 -4.359991337129499878e-02 3.125582158337985206e+01 -6.354151548220464407e-02 6.118508904978342544e-02 9.961018324891259823e-01 6.380395634319262932e+00
-2.814900654915313272e-01 9.564665746228451226e-01 -7.703917613016822430e-02 1.004484827234168733e+02 -9.575073301886758426e-01 -2.852338445839275316e-01 -4.267747109220500906e-02 3.109564373703666007e+01 -6.279375498031303238e-02 6.175229172357483282e-02 9.961142498741591966e-01 6.431263736638301864e+00
-2.810718623849797204e-01 9.565913981899420993e-01 -7.701626506427620977e-02 1.010308031331499024e+02 -9.576741618429964742e-01 -2.847723470844270022e-01 -4.201083282132332675e-02 3.093229203279372896e+01 -6.211930387370388773e-02 6.194842407227538206e-02 9.961443594385344102e-01 6.476063337050693924e+00
-2.806871089748859127e-01 9.567314187983176899e-01 -7.667945708909841562e-02 1.016459483487180506e+02 -9.578538507592374573e-01 -2.843069193290914676e-01 -4.105576947643682639e-02 3.074442243228461891e+01 -6.107984480187688553e-02 6.192388800584019970e-02 9.962101608863557223e-01 6.525484210816341779e+00
-2.810984349601983734e-01 9.566738779247928592e-01 -7.588650182520044474e-02 1.022380563666136908e+02 -9.579303289251447362e-01 -2.844789747798512902e-01 -3.796311148429708238e-02 3.059229059830653341e+01 -5.790643132063603982e-02 6.202261042993741091e-02 9.963935171442880323e-01 6.565882759924767775e+00
-2.805435067219588241e-01 9.568907934757662215e-01 -7.520206245486285579e-02 1.028115129961651775e+02 -9.582712822003547348e-01 -2.837030657625199126e-01 -3.505310524098976394e-02 3.040924859319299856e+01 -5.487704935794929934e-02 6.223005574693141889e-02 9.965520205265246956e-01 6.623842946404980836e+00
-2.812454983362613348e-01 9.567264401164999876e-01 -7.466919343074102100e-02 1.034057907865703498e+02 -9.581936631882302935e-01 -2.842357029440449878e-01 -3.278671983937073153e-02 3.024850192599663856e+01 -5.259157243806970167e-02 6.232643062067705353e-02 9.966692242437192872e-01 6.673066035418695918e+00
-2.814900134931632714e-01 9.566070334352561044e-01 -7.527520100151013915e-02 1.039914750358303621e+02 -9.580996285849343597e-01 -2.845267421930204321e-01 -3.300961499983814940e-02 3.007368750736241125e+01 -5.299503758871956793e-02 6.282926514949456476e-02 9.966162799351336865e-01 6.729280960208575024e+00
-2.818796204190658905e-01 9.564543672901225646e-01 -7.575567888980547226e-02 1.045528698696711700e+02 -9.580137060389085635e-01 -2.848973954267270958e-01 -3.229880989546807246e-02 2.989166380419056424e+01 -5.247493338728290158e-02 6.347060241339391728e-02 9.966031627459753794e-01 6.790919742518634727e+00
-2.825343536541975453e-01 9.561921959397109427e-01 -7.662129879607842975e-02 1.051136516862254098e+02 -9.578994999004911692e-01 -2.854812241455246813e-01 -3.047980890296842979e-02 2.972276255139889045e+01 -5.101849758267662516e-02 6.478391069058599128e-02 9.965942794437667729e-01 6.853620688519371562e+00
-2.826448480463876756e-01 9.560479624723088321e-01 -7.800117515384427658e-02 1.056690294292221779e+02 -9.579114912227120193e-01 -2.855766233268679510e-01 -2.918162423005231723e-02 2.955735016311090035e+01 -5.017434460273653002e-02 6.647018626249301398e-02 9.965260907181082706e-01 6.896949159586053923e+00
-2.821526468520421105e-01 9.559913297686891687e-01 -8.043917752861876047e-02 1.062363517179767172e+02 -9.580641859225608181e-01 -2.851489375388607250e-01 -2.833900268181861748e-02 2.938493202118544545e+01 -5.002898686689564306e-02 6.906997051941422827e-02 9.963565825775023699e-01 6.925529956021896361e+00
-2.819011989223108028e-01 9.559385833307463276e-01 -8.193374729481117669e-02 1.068092054384984522e+02 -9.580854738143724791e-01 -2.850157942996394134e-01 -2.895206150925168365e-02 2.919960558608313406e+01 -5.102880472883519758e-02 7.033791224760567451e-02 9.962171646727406848e-01 6.976355760752063873e+00
-2.819192487740935782e-01 9.559288637265435096e-01 -8.198502707891386354e-02 1.073700556260190240e+02 -9.581055933550917114e-01 -2.850000586014129755e-01 -2.843657115193175614e-02 2.901137608321825567e+01 -5.054907667147402056e-02 7.053349623881235986e-02 9.962277936074614981e-01 7.025500129482615819e+00
-2.816823006370290372e-01 9.560362931920907137e-01 -8.154561672681741313e-02 1.079476818211727789e+02 -9.581303350974614830e-01 -2.848124390840518494e-01 -2.946413937347061932e-02 2.881192383520867040e+01 -5.139399258528611764e-02 6.983180251518544823e-02 9.962339970527123167e-01 7.071083417805705373e+00
-2.813077117014550765e-01 9.561276525419863948e-01 -8.176725127972470086e-02 1.085317961128590412e+02 -9.581630103486378225e-01 -2.845495930427404119e-01 -3.090590071243604769e-02 2.862130691030143126e+01 -5.281682437374634470e-02 6.965228742662676886e-02 9.961721447216396186e-01 7.124575530556585434e+00
-2.812973245242389453e-01 9.561223223200394639e-01 -8.186525500381559850e-02 1.090931385912411429e+02 -9.580657144210020792e-01 -2.846722257178322391e-01 -3.273852097806029260e-02 2.844763558119222324e+01 -5.460679505776040721e-02 6.922303566147906817e-02 9.961055512682023272e-01 7.147693235855331118e+00
-2.815763523307972527e-01 9.562372811726893573e-01 -7.952999373536073779e-02 1.096952159649003846e+02 -9.579097703153793830e-01 -2.849587625618372755e-01 -3.474731030690478284e-02 2.829190164198309887e+01 -5.588944213731741883e-02 6.639853714269838836e-02 9.962266833019928214e-01 7.161781899925496297e+00
-2.813266606298105987e-01 9.565616735109306878e-01 -7.645308881168474957e-02 1.102601837786442047e+02 -9.580499213974468242e-01 -2.845199943130856113e-01 -3.447783268171069476e-02 2.811022675388074887e+01 -5.473260572296539256e-02 6.354634219252758287e-02 9.964768960014700472e-01 7.216778164845989885e+00
-2.801256469760546874e-01 9.569076521447913430e-01 -7.653343826713626674e-02 1.108321277353156944e+02 -9.583623150528720602e-01 -2.833708567389632282e-01 -3.525096647647397302e-02 2.793247336688043347e+01 -5.541926553777443837e-02 6.347206328589527491e-02 9.964436773794517199e-01 7.272485007244984700e+00
-2.791143051352047433e-01 9.570900626400116185e-01 -7.793469487096704729e-02 1.113780171422414043e+02 -9.586121844737975906e-01 -2.824663140837579967e-01 -3.571359945888804427e-02 2.774876536187579390e+01 -5.619505714265185525e-02 6.474097159971201054e-02 9.963185846650957078e-01 7.317223000884562900e+00
-2.790350323550188083e-01 9.570197946367501318e-01 -7.907315215714207091e-02 1.119296870527015528e+02 -9.586270040750900501e-01 -2.824392401880662096e-01 -3.552946185921870836e-02 2.758899822122644707e+01 -5.633575930660227049e-02 6.588769441573134877e-02 9.962354610973892521e-01 7.377377452723699491e+00
-2.786058816058794019e-01 9.569214869227035125e-01 -8.173145416700546007e-02 1.124879195278198409e+02 -9.587453503954014300e-01 -2.821169573057427105e-01 -3.489090849704636760e-02 2.742221560465568686e+01 -5.644568920484692442e-02 6.863883934182166136e-02 9.960434698867300929e-01 7.441070292268960884e+00
-2.781328829512788037e-01 9.569404981676803423e-01 -8.310825703744584292e-02 1.130616389230440575e+02 -9.588990481128745191e-01 -2.816750484900962803e-01 -3.423131002934547140e-02 2.726073352409201078e+01 -5.616684920336409426e-02 7.017157561786603603e-02 9.959524260856402744e-01 7.481936894246475234e+00
-2.783373042885062265e-01 9.568441106905289928e-01 -8.353258572711755314e-02 1.136374007510511177e+02 -9.588717660509540330e-01 -2.818534225242308455e-01 -3.351991171977826423e-02 2.709321370489680803e+01 -5.561727529942306347e-02 7.076719613089214878e-02 9.959411240831659295e-01 7.538427126888754159e+00
-2.783650411026437066e-01 9.569078395610337573e-01 -8.270604862135649826e-02 1.142109176263269319e+02 -9.588825290140643443e-01 -2.818282752223484344e-01 -3.342332773360390252e-02 2.691435501346305159e+01 -5.529194736591589582e-02 7.000149906845472281e-02 9.960133486478250919e-01 7.589510409894589138e+00
-2.780609855286531040e-01 9.570296177957472450e-01 -8.231888597740243119e-02 1.147704135433380230e+02 -9.590006320968965658e-01 -2.814738158665357481e-01 -3.301936733622794912e-02 2.675575121808487822e+01 -5.477112345558930728e-02 6.976246586279713502e-02 9.960588950419321241e-01 7.633641341511660627e+00
-2.779082493859958980e-01 9.570752893309817377e-01 -8.230367838213289988e-02 1.153373146648377912e+02 -9.590874082268689982e-01 -2.812664622469223108e-01 -3.225710147810472578e-02 2.660251919295732748e+01 -5.402173917858690139e-02 6.997190698501110084e-02 9.960851288564656070e-01 7.690842393874302907e+00
-2.776430783166912164e-01 9.571420512134642955e-01 -8.242217457526102020e-02 1.159067214144132123e+02 -9.591646016208490444e-01 -2.810056276860910529e-01 -3.223513930891221124e-02 2.643256070612535780e+01 -5.401470226105775652e-02 7.010656893351052688e-02 9.960760417418040857e-01 7.729059335691355948e+00
-2.770531232230453167e-01 9.573176939932673823e-01 -8.236746736284011883e-02 1.164779173603464102e+02 -9.593794958478248924e-01 -2.803577244318904427e-01 -3.147267542083219405e-02 2.625665009015701656e+01 -5.322170477473353589e-02 7.030205629129700207e-02 9.961049498030247751e-01 7.774364083591498442e+00
-2.765717156324338788e-01 9.574722946428243509e-01 -8.218814454370529377e-02 1.170437367688890049e+02 -9.595924156214724610e-01 -2.797728832112185149e-01 -3.015841012767905144e-02 2.610290879865649671e+01 -5.186985631250104478e-02 7.052615692838212769e-02 9.961604184041010779e-01 7.846782464482214614e+00
-2.763818824788528694e-01 9.574937127044218510e-01 -8.257629907514832390e-02 1.175920375757787326e+02 -9.596627336661687213e-01 -2.795744247805600491e-01 -2.975867303822312196e-02 2.593617233944994993e+01 -5.157996364696728481e-02 7.102063883211516548e-02 9.961403396158875490e-01 7.886881524228806839e+00
-2.758447240097909869e-01 9.576131440408868212e-01 -8.298647236803352589e-02 1.181561044011644412e+02 -9.598408056219358553e-01 -2.790189618712484165e-01 -2.922407875920727052e-02 2.577398192630564111e+01 -5.114016131178872326e-02 7.159249455368188464e-02 9.961220801812322723e-01 7.948684835655545733e+00
-2.759131120327380504e-01 9.575750801715733340e-01 -8.319807956206094757e-02 1.187141157967975289e+02 -9.598305986815748314e-01 -2.790802809105623616e-01 -2.897272236866390779e-02 2.561114265326773776e+01 -5.096250036036133191e-02 7.186210852241166347e-02 9.961117712966418569e-01 7.991735845585828280e+00
-2.755790084987810307e-01 9.576324904733063414e-01 -8.364342929795205717e-02 1.192780551716794548e+02 -9.599501399835183024e-01 -2.787271015057453116e-01 -2.840654206040634996e-02 2.543470916520503167e+01 -5.051671822726057359e-02 7.246527496738487673e-02 9.960907815573081248e-01 8.040984197546325873e+00
-2.752677518893829056e-01 9.576927757186078916e-01 -8.397744998601378019e-02 1.198372067700441761e+02 -9.600665689712407636e-01 -2.783874184962376042e-01 -2.779619338669667497e-02 2.526331902279968844e+01 -4.999847911242002313e-02 7.297254661438770662e-02 9.960798961564558685e-01 8.084053298999783976e+00
-2.752861836234503645e-01 9.576818725260423104e-01 -8.404134780600372445e-02 1.203923782497884645e+02 -9.600752747759053740e-01 -2.783871390889867126e-01 -2.749668259662231204e-02 2.511938638584236116e+01 -4.972910485828332949e-02 7.311656327305694758e-02 9.960828200030009683e-01 8.151578153150211392e+00
-2.747859469862083959e-01 9.577838715122641844e-01 -8.451472540257336241e-02 1.209587482358020765e+02 -9.602419285952656924e-01 -2.778673629529038180e-01 -2.692892818596538326e-02 2.494639684170671856e+01 -4.927597697193146498e-02 7.375489188236220017e-02 9.960582784239497833e-01 8.200684689881054368e+00
-2.741879108921061459e-01 9.579726158738118835e-01 -8.431759458445428623e-02 1.215043829072828885e+02 -9.604421618523989457e-01 -2.772217245136161523e-01 -2.643802553117079179e-02 2.478453592829252017e+01 -4.870157345417667344e-02 7.373318583638351076e-02 9.960881356835371570e-01 8.256519455725218393e+00
-2.741750211549298655e-01 9.580721809385311927e-01 -8.322111442645015178e-02 1.220743590143712822e+02 -9.604839788701023950e-01 -2.771210572365856439e-01 -2.597009761117325538e-02 2.462651157277504410e+01 -4.794355127178802356e-02 7.281219504838190582e-02 9.961926521229143017e-01 8.287130996782543946e+00
-2.738834309342195183e-01 9.582719080898133290e-01 -8.187072996870670138e-02 1.226313499685800821e+02 -9.606088970140870265e-01 -2.767306875171076097e-01 -2.550830381832749211e-02 2.446511793069492668e+01 -4.710003436389101350e-02 7.165944984590152944e-02 9.963164708117110413e-01 8.386027739030588180e+00
-2.733711435957320024e-01 9.584294534055841641e-01 -8.173861201314322478e-02 1.231752732299759998e+02 -9.607751068269536621e-01 -2.761854945492960844e-01 -2.515485444634466342e-02 2.428967303342175654e+01 -4.668417238013011783e-02 7.165581236183317382e-02 9.963363049713425124e-01 8.431968919017673869e+00
-2.733631183891453986e-01 9.584404353992129755e-01 -8.163661737437012678e-02 1.237239961762549569e+02 -9.608005072615465325e-01 -2.761391691981447405e-01 -2.468895462577446603e-02 2.412847601316494917e+01 -4.620596011898407685e-02 7.168745375814175591e-02 9.963563209129338016e-01 8.480703255245840566e+00
-2.748334139122294850e-01 9.579890267002174609e-01 -8.199767874347792251e-02 1.242519608227657670e+02 -9.603827370510015227e-01 -2.776113660074979173e-01 -2.443210670158451128e-02 2.399774308621691432e+01 -4.616917772470770231e-02 7.203439584962573194e-02 9.963330029878583183e-01 8.527139596978955183e+00
-2.745283883902183142e-01 9.579028303413475998e-01 -8.400197373815071478e-02 1.248019399209213844e+02 -9.604474618016672904e-01 -2.773937884548409727e-01 -2.435896642728811040e-02 2.382902959553597455e+01 -4.663514861779882725e-02 7.399225466700232179e-02 9.961678117479449979e-01 8.534066839804429705e+00
-2.750880217500788483e-01 9.576359567253436289e-01 -8.520536764995913226e-02 1.253402620156541047e+02 -9.602985861352832941e-01 -2.779636890528962567e-01 -2.372368088390674340e-02 2.367481199828534244e+01 -4.640264815939769416e-02 7.529649364240867393e-02 9.960809366155713995e-01 8.595104055429491297e+00
-2.765429974446662609e-01 9.573111643576455165e-01 -8.413860683733781487e-02 1.258826679442951360e+02 -9.599634379723946953e-01 -2.792518903997898150e-01 -2.210383370286473151e-02 2.352643395249219083e+01 -4.465611179378847773e-02 7.465732585856979520e-02 9.962088713593690859e-01 8.690203165717392153e+00
-2.776278149620188263e-01 9.570727067466309190e-01 -8.327442800819848112e-02 1.264157890066534122e+02 -9.596654162492912477e-01 -2.802880138048242653e-01 -2.192984661189780263e-02 2.335874351443777996e+01 -4.432928168253823936e-02 7.382725322009602020e-02 9.962853263335187393e-01 8.773523748013484891e+00
-2.792785636353642964e-01 9.565977678740984480e-01 -8.321174431569441921e-02 1.269603466677096009e+02 -9.590275737994702343e-01 -2.821848349459032956e-01 -2.525532852399736336e-02 2.319402160597777751e+01 -4.764028322826786149e-02 7.274908538838104066e-02 9.962118118096595643e-01 8.839808351592106206e+00
-2.800306544465545056e-01 9.563596915480623295e-01 -8.342045883552701158e-02 1.274850874039225914e+02 -9.587816760302358965e-01 -2.829803909713186627e-01 -2.568649517492911649e-02 2.302478352413723783e+01 -4.817188265873022929e-02 7.278900128326422359e-02 9.961833320294505301e-01 8.878342522909219880e+00
-2.817976598776008590e-01 9.558856152919728011e-01 -8.290216743484102313e-02 1.280229905333515887e+02 -9.582628395574259716e-01 -2.847292402370096287e-01 -2.572139337971278764e-02 2.286996792994947469e+01 -4.819138108465729348e-02 7.219383790838164450e-02 9.962256975992999086e-01 8.916814232807260154e+00
-2.827915878055102805e-01 9.556378513704480993e-01 -8.237241585938703814e-02 1.285535398934033253e+02 -9.580095825567086498e-01 -2.856463096278867297e-01 -2.497649946430595402e-02 2.270154459222630194e+01 -4.739786488819198312e-02 7.185041979030441783e-02 9.962885925172473289e-01 8.978745872167294806e+00
-2.835808768327992002e-01 9.553823949528330584e-01 -8.262182344229378195e-02 1.290768867751420430e+02 -9.577025440541215850e-01 -2.865496473564419500e-01 -2.636544541937447042e-02 2.254983982225807893e+01 -4.886433676009567517e-02 7.165039437496169283e-02 9.962321504443171216e-01 9.042759701693363183e+00
-2.843872121945338893e-01 9.551725924600933393e-01 -8.227534353186222171e-02 1.296060403769412801e+02 -9.574474183025050156e-01 -2.873670973686741625e-01 -2.673186367934859628e-02 2.237881173094366360e+01 -4.917677018765495567e-02 7.117211506599890880e-02 9.962510603813392596e-01 9.100048788992427973e+00
-2.858613062446591080e-01 9.547522232035010603e-01 -8.204575479614772959e-02 1.301149195194968513e+02 -9.569505691796493796e-01 -2.889122806122896847e-01 -2.784425000158573249e-02 2.221849194295552010e+01 -5.028838572515978433e-02 7.055413807409137428e-02 9.962395253460784028e-01 9.154982701537074163e+00
-2.866843015632607461e-01 9.544853799256773907e-01 -8.227861657393828465e-02 1.306468783491922920e+02 -9.565967628932510181e-01 -2.898872510600098984e-01 -2.979957877260565671e-02 2.206188580265441956e+01 -5.229478424603517528e-02 7.016438684266053383e-02 9.961637487680697900e-01 9.216390891325259460e+00
-2.878692654792556205e-01 9.540945877883224568e-01 -8.267287067391358713e-02 1.311680481329219390e+02 -9.562471144394155687e-01 -2.910722240570398078e-01 -2.946890749214341881e-02 2.190258040137939233e+01 -5.217990148252479171e-02 7.057250127011338581e-02 9.961409438155596208e-01 9.262747942647241217e+00
-2.893762345717014739e-01 9.536346537923323652e-01 -8.271844988563398227e-02 1.316719365641302204e+02 -9.558021944629138122e-01 -2.925621714944022234e-01 -2.914688440225328414e-02 2.175128040207118829e+01 -5.199576833725990527e-02 7.062806026543881621e-02 9.961466343757627850e-01 9.296599540022031150e+00
-2.902707578940200150e-01 9.533756193234198539e-01 -8.257006474090415604e-02 1.322038117784032920e+02 -9.555244338526344139e-01 -2.934580711449570334e-01 -2.924750913298838559e-02 2.158645493865558507e+01 -5.211471406651012328e-02 7.040801772218299726e-02 9.961559956242790337e-01 9.343592608538374478e+00
-2.910196357581666948e-01 9.531148879470605628e-01 -8.294324551671342083e-02 1.327446725976581661e+02 -9.552933445513605015e-01 -2.942204109340951224e-01 -2.913718664605899344e-02 2.141633558535749771e+01 -5.217468216538609371e-02 7.075563697285200404e-02 9.961282258713016757e-01 9.396999865796198392e+00
-2.922915236546732576e-01 9.527165304079903141e-01 -8.304744359093806094e-02 1.332386792638732516e+02 -9.548822500426017434e-01 -2.955220563481522067e-01 -2.943811755763725210e-02 2.127961356781776558e+01 -5.258853252570590969e-02 7.069601756195380282e-02 9.961106963323266283e-01 9.447229035657709773e+00
-2.930549901395180790e-01 9.525435167580883489e-01 -8.233845660723107529e-02 1.337590638580916220e+02 -9.548207149337334387e-01 -2.960227699067814466e-01 -2.622826776878862259e-02 2.111643491947607743e+01 -4.935762441367658182e-02 7.093213925189756353e-02 9.962592315925548059e-01 9.469673140482617768e+00
-2.945079016216614054e-01 9.520597381979705176e-01 -8.274872074429609481e-02 1.342798177499161625e+02 -9.544307618109844071e-01 -2.973985620608949887e-01 -2.481967350744010078e-02 2.094665521424898458e+01 -4.823916242338474603e-02 7.166833461525200233e-02 9.962613276757090741e-01 9.541155204480000762e+00
-2.960806313964545744e-01 9.515906421118738301e-01 -8.253186994724227843e-02 1.347820234564034081e+02 -9.539154990795994937e-01 -2.990026418391633634e-01 -2.535036072563822199e-02 2.078792153804734255e+01 -4.880041319082938089e-02 7.122267910092136556e-02 9.962659532745719027e-01 9.605401846482726214e+00
-2.969668781385002010e-01 9.512696738974690813e-01 -8.304625706000537400e-02 1.352831729591392786e+02 -9.536064148276517383e-01 -2.999486580499679533e-01 -2.579938242626594533e-02 2.062239624016105921e+01 -4.945178346861134333e-02 7.153188140281778462e-02 9.962116798425657560e-01 9.649430357777925238e+00
-2.975971406410227171e-01 9.510878024094255867e-01 -8.287299916316302750e-02 1.357932081837303997e+02 -9.534157743400464291e-01 -3.005637523421507140e-01 -2.568641698596550380e-02 2.046322860555790513e+01 -4.933865747928221912e-02 7.136822042069274064e-02 9.962290268769152801e-01 9.691967288428417149e+00
-2.999237441894295753e-01 9.504302964904325357e-01 -8.202438164657417652e-02 1.363125843045135639e+02 -9.527652153402026425e-01 -3.027454780145999447e-01 -2.415822798653319628e-02 2.029954871119633708e+01 -4.779322241836826690e-02 7.090435145194230737e-02 9.963374834041163197e-01 9.733951478026897419e+00
-3.004557799845843924e-01 9.502601960094069211e-01 -8.204806002592940350e-02 1.367976236142051789e+02 -9.525980951569853472e-01 -3.032756902762332452e-01 -2.409823210854002834e-02 2.014942949170858455e+01 -4.778277280713100206e-02 7.091837256760541441e-02 9.963369866943736497e-01 9.771317433568093236e+00
-3.010128925854709259e-01 9.500897389784774827e-01 -8.198003650363074046e-02 1.373085774080253998e+02 -9.524328628619322945e-01 -3.038135046380088244e-01 -2.385363997787978349e-02 1.997071754032761248e+01 -4.756974078079033441e-02 7.090022769624472476e-02 9.963484719086335151e-01 9.841185811240874770e+00
-3.025005600872272549e-01 9.496429965281262264e-01 -8.167980345223448124e-02 1.377752604124759159e+02 -9.518963928353297854e-01 -3.053839221378935598e-01 -2.517771647241232036e-02 1.981736642899058509e+01 -4.885354085429279014e-02 7.013443693905856147e-02 9.963405503648032902e-01 9.901573525674265852e+00
-3.040699308542584856e-01 9.491105683346489075e-01 -8.204027197520893933e-02 1.382622253579254448e+02 -9.513781457970961197e-01 -3.069839622689474190e-01 -2.530752080581623320e-02 1.965579211715355257e+01 -4.920468321172091763e-02 7.035606573094650706e-02 9.963076448391314788e-01 9.947900973002754554e+00
-3.054228175554352109e-01 9.486687453488104049e-01 -8.212499080555740738e-02 1.387359517540545255e+02 -9.509476098384294085e-01 -3.083307340014640463e-01 -2.511576820836896110e-02 1.949900476600111432e+01 -4.914820300964593131e-02 7.042563502327853220e-02 9.963055174355357479e-01 9.973344039359247404e+00
-3.063278086714982251e-01 9.483769691269329227e-01 -8.212428425338405558e-02 1.391874002829865162e+02 -9.506529129664690325e-01 -3.092379994338800842e-01 -2.511769843156178364e-02 1.934809373291436785e+01 -4.921699607742465593e-02 7.037744053135402966e-02 9.963055270153681198e-01 1.001732004547099386e+01
-3.071658271231569870e-01 9.481038632422478241e-01 -8.214754502035752359e-02 1.396322296963632255e+02 -9.503847570962724589e-01 -3.100707702328870941e-01 -2.499861848669403599e-02 1.919869080291977426e+01 -4.917283932015671655e-02 7.039305329582597193e-02 9.963066043748204370e-01 1.006643299576180794e+01
-3.079347687887079577e-01 9.478648558741210595e-01 -8.202678324655247877e-02 1.400700064269766756e+02 -9.501663732699819898e-01 -3.107902837181100164e-01 -2.435698366765175205e-02 1.904743009511820162e+01 -4.858025605134698444e-02 7.043872901429100442e-02 9.963324466145007108e-01 1.011204416127357142e+01
-3.093827460241169724e-01 9.473397614570863157e-01 -8.264195559767135990e-02 1.405089125587545311e+02 -9.496769472888303421e-01 -3.122770474136158381e-01 -2.442829193378989044e-02 1.890851412999128556e+01 -4.894907813988853829e-02 7.092546807082089622e-02 9.962798631550223716e-01 1.015481548850134708e+01
-3.106098650149100582e-01 9.469028742478610150e-01 -8.304491854748985435e-02 1.409317260273702743e+02 -9.493047928262835500e-01 -3.134688613415301806e-01 -2.361531889032689527e-02 1.876896593042066286e+01 -4.839340939081209630e-02 7.149978818419196192e-02 9.962659575721479754e-01 1.018596366490036864e+01
-3.115334617664196060e-01 9.466408341223286893e-01 -8.257138349339128436e-02 1.413465858507333905e+02 -9.490303608968491123e-01 -3.143359848251132682e-01 -2.311412425385357683e-02 1.864242095383610831e+01 -4.783593101244233703e-02 7.116192673198308560e-02 9.963170699571319844e-01 1.024171731719326317e+01
-3.125436623740980302e-01 9.463341750095586313e-01 -8.226839197871613218e-02 1.417439169787289472e+02 -9.487570767610997713e-01 -3.152470793851755992e-01 -2.189265253113813550e-02 1.851679455495961690e+01 -4.665263556883061241e-02 7.121030928239756308e-02 9.963697222649768870e-01 1.027632975700780982e+01
-3.131072965856127599e-01 9.461864203344160229e-01 -8.182346118072168772e-02 1.421307942313406159e+02 -9.486288468520939210e-01 -3.157099205774995809e-01 -2.074986672283306646e-02 1.838447362815082542e+01 -4.546572054763541038e-02 7.112316095121706816e-02 9.964308125662271198e-01 1.031931646410017223e+01
-3.138180058046129428e-01 9.459475956282804576e-01 -8.186211307981128282e-02 1.425013990268512316e+02 -9.484121043037126997e-01 -3.163907869091615588e-01 -2.028177431108718967e-02 1.825851990900676114e+01 -4.508591402001657644e-02 7.127423296028768951e-02 9.964372755336395882e-01 1.034624177284891289e+01
-3.144130327763092758e-01 9.457097395099692827e-01 -8.232577613597308330e-02 1.428926328506674963e+02 -9.481838631311744203e-01 -3.170430148074345755e-01 -2.076266985374827095e-02 1.813495946374809265e+01 -4.573627136143058186e-02 7.153191845462894549e-02 9.963891700154884346e-01 1.038095498218510748e+01
-3.146293027220010696e-01 9.456549919712887720e-01 -8.212818047691924916e-02 1.432391498408455845e+02 -9.481164827217382074e-01 -3.172474662450537330e-01 -2.071666846898483766e-02 1.799816910988679908e+01 -4.564577811832881693e-02 7.134901065099322204e-02 9.964064339510744217e-01 1.042981112520995346e+01
-3.146841078725468588e-01 9.455435287993839699e-01 -8.319463563276360829e-02 1.435777271359438032e+02 -9.480388259229982628e-01 -3.174181716586221835e-01 -2.163536095009806551e-02 1.787898008981526488e+01 -4.686466467396117191e-02 7.206344042929468952e-02 9.962984310729846582e-01 1.045394467864880639e+01
-3.129827530422475412e-01 9.460671099960215047e-01 -8.365894860606074013e-02 1.439138917795399379e+02 -9.486238548545925520e-01 -3.156985728835746130e-01 -2.114694020627111426e-02 1.776105705212585661e+01 -4.641743529007925223e-02 7.274224675558503550e-02 9.962700373081792016e-01 1.048661314394436594e+01
-3.108326887901042834e-01 9.467860835583227219e-01 -8.354131648356705186e-02 1.442536077941942665e+02 -9.493791544109467795e-01 -3.134755988417683437e-01 -2.030443549451588572e-02 1.765016739120900624e+01 -4.541212117343113031e-02 7.300110212242057195e-02 9.962974346747267562e-01 1.052544133143272553e+01
-3.085373548278971256e-01 9.475781600547951156e-01 -8.306823257403557481e-02 1.445843223552749066e+02 -9.501746293778180474e-01 -3.111011657204914016e-01 -1.960199923676553962e-02 1.755103578955514010e+01 -4.441705035829311699e-02 7.288137810525455174e-02 9.963510577918547328e-01 1.057035758675511516e+01
-3.054441941891752332e-01 9.485518500162009037e-01 -8.338604239900471171e-02 1.449326654564109731e+02 -9.512044926789324784e-01 -3.079727692389768734e-01 -1.904695552289801738e-02 1.744173042707521049e+01 -4.374765529192140012e-02 7.349939617520057089e-02 9.963352756067307414e-01 1.059289972631690269e+01
-3.022526870531863086e-01 9.495353957028260794e-01 -8.382031661003221112e-02 1.452649913351817474e+02 -9.522464205040832574e-01 -3.047610769645257012e-01 -1.863975870506119278e-02 1.732906057366600550e+01 -4.324428061939640522e-02 7.418367930279437528e-02 9.963065361216953963e-01 1.062596469239394636e+01
-2.989344844289638647e-01 9.505505390161068657e-01 -8.421310346602001173e-02 1.455895605380376026e+02 -9.533021383904485280e-01 -3.014460818384006036e-01 -1.858205275190968550e-02 1.724092488171768878e+01 -4.304889033863702058e-02 7.472571525562902994e-02 9.962744905497413761e-01 1.066312929185477820e+01
-2.949025533484181949e-01 9.517880131911370389e-01 -8.445153624565687744e-02 1.458970913469126458e+02 -9.545573765603873051e-01 -2.974315994110829919e-01 -1.883237971994732723e-02 1.714703138996517140e+01 -4.304298877557849456e-02 7.506012002010925555e-02 9.962496070261871450e-01 1.070572512064576820e+01
-2.905331038073755145e-01 9.530601844042267956e-01 -8.524553064785338197e-02 1.462213603105126651e+02 -9.558909285558594426e-01 -2.931019714285056921e-01 -1.907267808516815294e-02 1.703043567886757970e+01 -4.316304318128773299e-02 7.594418508421071912e-02 9.961774101309592844e-01 1.072081713521171054e+01
-2.861999880297854126e-01 9.543538308919967683e-01 -8.543027749879371358e-02 1.465390799295885813e+02 -9.572116080889752077e-01 -2.887616665741492561e-01 -1.904303696992502848e-02 1.693487563326278078e+01 -4.284278459050959442e-02 7.632473635126441058e-02 9.961621506709844587e-01 1.075444056573264895e+01
-2.809394391211590403e-01 9.559103444742093059e-01 -8.548944305285657852e-02 1.468579524715227365e+02 -9.587931423848582435e-01 -2.834762658410454605e-01 -1.889224233876521039e-02 1.684294523262953902e+01 -4.229351796739375113e-02 7.665911577898600060e-02 9.961599461461626559e-01 1.079669825424068108e+01
-2.759271067086082052e-01 9.573223757522077992e-01 -8.601221231641931197e-02 1.471706236895392408e+02 -9.602518568308500146e-01 -2.784837198932548219e-01 -1.905752364080371547e-02 1.675932036694551286e+01 -4.219719464989296620e-02 7.733489922773306713e-02 9.961117959973746494e-01 1.082285122514576692e+01
-2.707152043002971631e-01 9.588139893878103726e-01 -8.595936199670273226e-02 1.474800159634233125e+02 -9.617655020129945997e-01 -2.732307475172592870e-01 -1.876373493876374796e-02 1.665634909147751941e+01 -4.147767228691729563e-02 7.759312060609147021e-02 9.961219354759073275e-01 1.085282367289391914e+01
-2.654827372013586206e-01 9.602544245606911000e-01 -8.619951484602490777e-02 1.477990330285020377e+02 -9.632551055942709661e-01 -2.679601500929187363e-01 -1.835645686808871219e-02 1.656568219910184681e+01 -4.072490386291731379e-02 7.815880036052377799e-02 9.961087712351296419e-01 1.089658462216620372e+01
-2.598956778766219333e-01 9.616888244006083220e-01 -8.722867443694710954e-02 1.481214331975367315e+02 -9.647816092143359779e-01 -2.624046274931870482e-01 -1.844608337717660446e-02 1.648666006091794145e+01 -4.062860006014416825e-02 7.936256354943124758e-02 9.960175201089663810e-01 1.092145069029258586e+01
-2.544188022257294346e-01 9.630378942189187219e-01 -8.848213024343576372e-02 1.484489120065307191e+02 -9.662699056751505866e-01 -2.569123679211833267e-01 -1.784669705202123619e-02 1.641489335289792351e+01 -3.991919914729311764e-02 8.095708435660034508e-02 9.959178721319931205e-01 1.093977066867107872e+01
-2.486322613660454373e-01 9.645133941003872780e-01 -8.885893994955119946e-02 1.487832365613472803e+02 -9.678220794303881158e-01 -2.510566769475244264e-01 -1.705777028530522377e-02 1.631298305028290585e+01 -3.876107809447838781e-02 8.175853203805663605e-02 9.958981480372055550e-01 1.098948455703079397e+01
-2.430802111851506631e-01 9.658756170103423022e-01 -8.942205206252520910e-02 1.491482622468554951e+02 -9.692640232372397024e-01 -2.454654139174843319e-01 -1.655245686530642385e-02 1.624923861350628584e+01 -3.793763551069348483e-02 8.265000323780130609e-02 9.958562711439081783e-01 1.102035601611748206e+01
-2.372945862431443675e-01 9.672791897450895293e-01 -8.979002408830365212e-02 1.494932360685378967e+02 -9.707333278612600980e-01 -2.396267280754018625e-01 -1.599491704513753693e-02 1.617541418447252966e+01 -3.698764008555228966e-02 8.336666166976236525e-02 9.958322721236448904e-01 1.106691509419347064e+01
-2.311853659371645442e-01 9.686890180779100801e-01 -9.052575783584361491e-02 1.498571607805488668e+02 -9.722150220115038932e-01 -2.335336702764412298e-01 -1.612376576316620208e-02 1.609183978201447474e+01 -3.675972730680056311e-02 8.428292295874006967e-02 9.957635820544256111e-01 1.110551573592198515e+01
-2.247593883755851785e-01 9.701481397497658810e-01 -9.108130585966373038e-02 1.502195493942058988e+02 -9.737601127055214301e-01 -2.270496817398599543e-01 -1.548176106127029106e-02 1.599074439295892347e+01 -3.569958320152924469e-02 8.521167151216417490e-02 9.957231095025063095e-01 1.114204740942566829e+01
-2.195696704109737496e-01 9.712542151761003328e-01 -9.194786206472534140e-02 1.505983297255365869e+02 -9.749838129986065915e-01 -2.217955019028907682e-01 -1.460546905590577593e-02 1.591746255196562032e+01 -3.457924560071611031e-02 8.644075912613292945e-02 9.956567033548175960e-01 1.116273099197650964e+01
-2.155186088499387864e-01 9.722484318111367374e-01 -9.102041573280685027e-02 1.509850571185055514e+02 -9.759825293433533888e-01 -2.174999973634226258e-01 -1.232288778907218718e-02 1.585198679911293596e+01 -3.177784851021314694e-02 8.617852393547363599e-02 9.957727804857717802e-01 1.121694219586980168e+01
-2.124553445768144755e-01 9.730071411991012553e-01 -9.011009785978027486e-02 1.513565835885182764e+02 -9.767314125975448125e-01 -2.142199792262702296e-01 -1.027366271108001716e-02 1.577728863233904200e+01 -2.929973047575107695e-02 8.583066862053770341e-02 9.958788189926521817e-01 1.127429178399793130e+01
-2.109861538393229541e-01 9.733695504045598579e-01 -8.964686962362336531e-02 1.517428926700420391e+02 -9.770978443094970878e-01 -2.126073230750988863e-01 -8.827730205127330698e-03 1.569824956105474101e+01 -2.765222475359848525e-02 8.573123421522588217e-02 9.959344907904890132e-01 1.132380706052731867e+01
-2.102810170273723411e-01 9.735209458484873624e-01 -8.965970037983232721e-02 1.521344817122426321e+02 -9.772605941822035680e-01 -2.118714515741781934e-01 -8.498180187420760479e-03 1.560767163193776419e+01 -2.726948728122967694e-02 8.583388609470055108e-02 9.959362023047966250e-01 1.136881984342199203e+01
-2.095773399487195210e-01 9.736656513019108505e-01 -8.973593513662586618e-02 1.525204762055674053e+02 -9.774039805137642034e-01 -2.111955129053557645e-01 -8.826902315817744538e-03 1.549994329386092140e+01 -2.754627843953045066e-02 8.585834149032679774e-02 9.959264770758242680e-01 1.140675059790256185e+01
-2.089269525430719199e-01 9.737558348411978759e-01 -9.027238012696241209e-02 1.528790507069021487e+02 -9.775028593685508582e-01 -2.106757709101023668e-01 -1.019212822432798843e-02 1.540995392300031419e+01 -2.894284760302665016e-02 8.611209940627342907e-02 9.958649596749913346e-01 1.145979895065012322e+01
-2.085468925678486407e-01 9.737008730940270862e-01 -9.173223717005890565e-02 1.532469015624293434e+02 -9.775446021060567592e-01 -2.104287931153567826e-01 -1.123716696173229085e-02 1.530654125919267727e+01 -3.024474323920924371e-02 8.732887703356828624e-02 9.957203034700308208e-01 1.148526679008744544e+01
-2.089875818121054163e-01 9.735013684501199194e-01 -9.284005748636790789e-02 1.536154456793638872e+02 -9.774443246390813744e-01 -2.108982430017947163e-01 -1.115900217787908766e-02 1.523837993250698375e+01 -3.044310889476378387e-02 8.841389440862540416e-02 9.956185014333160943e-01 1.151027396978022033e+01
-2.097815733141008554e-01 9.732849302663980628e-01 -9.331739395307356300e-02 1.539708424705422374e+02 -9.773079669117080703e-01 -2.115938572597124701e-01 -9.857858837512126216e-03 1.518078390194713911e+01 -2.933989278719897897e-02 8.913183542533563430e-02 9.955876087039987610e-01 1.154852364545306287e+01
-2.106827729145626105e-01 9.730615914631093322e-01 -9.361574876222375496e-02 1.543483809843126267e+02 -9.771360793579069171e-01 -2.124262911759244865e-01 -8.952833869777236664e-03 1.510988156418107131e+01 -2.859810507864659485e-02 8.958911784654605137e-02 9.955681485209278980e-01 1.158838611617538916e+01
-2.129117720335838015e-01 9.725174479709224329e-01 -9.422521277048664934e-02 1.547194733890813438e+02 -9.766483153266185546e-01 -2.146654026802174986e-01 -8.765447040407624291e-03 1.502379005664260880e+01 -2.875144342806718045e-02 9.015862845154823391e-02 9.955123184654915969e-01 1.162443434440710455e+01
-2.162209860434447517e-01 9.717273826036507689e-01 -9.483870039524582018e-02 1.550831566102860108e+02 -9.759154280764164024e-01 -2.179832373095844655e-01 -8.507966529031539549e-03 1.493558936767204948e+01 -2.894067098092470425e-02 9.071494998230547613e-02 9.954562950792373854e-01 1.165511972690774911e+01
-2.200973034686757313e-01 9.708011372591672794e-01 -9.540612612471618958e-02 1.554495160927959603e+02 -9.750227069774298760e-01 -2.219274644503343996e-01 -8.883771780639260207e-03 1.483710256109234571e+01 -2.979761541168256950e-02 9.106784514280105713e-02 9.953987892783596747e-01 1.171051177651981412e+01
-2.236855035705842543e-01 9.700046976195960680e-01 -9.516134765906811288e-02 1.558271985752695059e+02 -9.741889661116077681e-01 -2.255483862853744359e-01 -9.153346407738356671e-03 1.472754787413481559e+01 -3.034227741568997633e-02 9.065766398920388491e-02 9.954197778632137839e-01 1.176888931918976589e+01
-2.285082720068034590e-01 9.688758110522857070e-01 -9.520311120042411479e-02 1.561959243331423011e+02 -9.730136987012614203e-01 -2.305107369238874604e-01 -1.044711933966139400e-02 1.462569568259755037e+01 -3.206730054363100824e-02 9.024667816923728769e-02 9.954030466676614397e-01 1.180988710016130838e+01
-2.346973321471192975e-01 9.673463566004011360e-01 -9.569842556152433066e-02 1.565571029986793405e+02 -9.715109590770746317e-01 -2.367571295061676739e-01 -1.060745120858295337e-02 1.453504641912927475e+01 -3.291836381364540015e-02 9.048252869990738856e-02 9.953538533224769447e-01 1.183662327942978187e+01
-2.410468647985022361e-01 9.657608554769941955e-01 -9.592903105503119976e-02 1.569290378635197953e+02 -9.699351953214599975e-01 -2.431352047281467588e-01 -1.053513637898078475e-02 1.445357111311450637e+01 -3.349814692686903239e-02 9.050548187898210806e-02 9.953324228127601314e-01 1.188173157886719622e+01
-2.483259758708871168e-01 9.639370399352930052e-01 -9.570576131329201763e-02 1.573091269769169287e+02 -9.680801697888309354e-01 -2.504251844172238339e-01 -1.039287598441675925e-02 1.434365889340605804e+01 -3.398521103950526145e-02 9.007002859100568526e-02 9.953554115893556986e-01 1.192938898196641340e+01
-2.563880814383809881e-01 9.617995226062244774e-01 -9.595222775311106067e-02 1.576768522485018025e+02 -9.659548034933868044e-01 -2.585107495101663933e-01 -1.017398622686806892e-02 1.421688895660191143e+01 -3.459001740963092708e-02 9.007702649472187906e-02 9.953339439572381764e-01 1.196279172098858368e+01
-2.646554001736638462e-01 9.595206433086218567e-01 -9.632058047752166396e-02 1.580440116134695359e+02 -9.636848997792526461e-01 -2.668417793707766883e-01 -1.033821646560977719e-02 1.412563708282900876e+01 -3.562208719839361770e-02 9.008662412837198374e-02 9.952966728854183431e-01 1.201031061968881630e+01
-2.732955599543240854e-01 9.570949067732061888e-01 -9.632692426336997293e-02 1.584159945590733400e+02 -9.612234946350173281e-01 -2.755596695857325251e-01 -1.078247928111062542e-02 1.400750311913001056e+01 -3.686367142456267731e-02 8.964489905505207412e-02 9.952913451861777894e-01 1.206275889946828705e+01
-2.819046678490155777e-01 9.545714905862985322e-01 -9.655582636376286443e-02 1.587866099371610176e+02 -9.587105805830593575e-01 -2.841895259474602753e-01 -1.050409538473172366e-02 1.390269306023240148e+01 -3.746706451044706093e-02 8.960793883139298033e-02 9.952721418664139952e-01 1.210213683205944690e+01
-2.916875855812004481e-01 9.515864744574110690e-01 -9.696150807163408936e-02 1.591385998855315052e+02 -9.557409644286022354e-01 -2.940243443229866305e-01 -1.043522201602277433e-02 1.378337818881441557e+01 -3.843905996373761513e-02 8.962626052197777970e-02 9.952334259328063926e-01 1.213951854809410236e+01
-3.022739552962296905e-01 9.481878692740499659e-01 -9.782750385811771199e-02 1.594985511402690577e+02 -9.523826582795227313e-01 -3.047169414319959024e-01 -1.071717373001095791e-02 1.367638470314095223e+01 -3.997159188727132662e-02 8.992969568427716665e-02 9.951456786200353344e-01 1.216656213400461617e+01
-3.128522068047248084e-01 9.446770281869388830e-01 -9.853328936611777111e-02 1.598624481239732518e+02 -9.488988864075936780e-01 -3.153908011249499932e-01 -1.093370660803919675e-02 1.353250011211879134e+01 -4.140531453620679286e-02 9.007749431270589691e-02 9.950736881992721106e-01 1.221092033084812378e+01
-3.240988909965853981e-01 9.408265598876951463e-01 -9.902167977099082807e-02 1.601953587693847965e+02 -9.450538149902488749e-01 -3.267255889664844037e-01 -1.112098407877617351e-02 1.338991528422440069e+01 -4.281583383702841639e-02 8.997651762759559246e-02 9.950231307102619382e-01 1.225511070770748034e+01
-3.347135552887763321e-01 9.370511072497380578e-01 -9.950908655991047569e-02 1.605331445349483772e+02 -9.412762404644445802e-01 -3.374421324594589766e-01 -1.148243782193313772e-02 1.326198497005914589e+01 -4.433818944283776653e-02 8.982221130240194973e-02 9.949703992148096754e-01 1.228907400029336117e+01
-3.450527949994786070e-01 9.332240825388868899e-01 -1.001567792638183435e-01 1.608841904344669445e+02 -9.374562230268324026e-01 -3.478985217890835369e-01 -1.193517679957145639e-02 1.313527623451531312e+01 -4.598258987175739276e-02 8.977432988568623262e-02 9.949000809740954354e-01 1.232344696407767159e+01
-3.555108368121964180e-01 9.292430162507426816e-01 -1.005955349819960959e-01 1.612204927208587719e+02 -9.334975999017219861e-01 -3.583955902596445142e-01 -1.161171219784695036e-02 1.300161248153902527e+01 -4.684309860392006641e-02 8.977760094624409604e-02 9.948596415985123675e-01 1.236170980570544486e+01
-3.660066974199902567e-01 9.251305850633801953e-01 -1.008588024120847942e-01 1.615443453702395402e+02 -9.293712569216112662e-01 -3.689607229009748135e-01 -1.170691096467718628e-02 1.287401824999929012e+01 -4.804335803892605117e-02 8.945046415015631136e-02 9.948318703236568306e-01 1.240017028959563383e+01
-3.760104998618147842e-01 9.210703301876725924e-01 -1.012203084446984813e-01 1.618722463115742585e+02 -9.253091607672814245e-01 -3.790316674160401078e-01 -1.174530101638446983e-02 1.273653137884138964e+01 -4.918395057147481597e-02 8.924372215337111891e-02 9.947947009621606052e-01 1.243966884264881756e+01
-3.852518607493780056e-01 9.171966806121015781e-01 -1.016427708363205479e-01 1.622004898235361452e+02 -9.214345098053334793e-01 -3.883512575677179335e-01 -1.190566610387949059e-02 1.260135065056957515e+01 -5.039293530790671383e-02 8.907047670084047852e-02 9.947497183972148216e-01 1.247892042632906140e+01
-3.942110335390538456e-01 9.132985654717129531e-01 -1.023884336406353790e-01 1.625246820836740937e+02 -9.175782761927735454e-01 -3.973802502469412357e-01 -1.179168235567124023e-02 1.244208358305193052e+01 -5.145646796244066068e-02 8.930099115345899174e-02 9.946746025127213287e-01 1.251290883727755521e+01
-4.024810427500900012e-01 9.096394791438046079e-01 -1.027863230677543982e-01 1.628317722704027801e+02 -9.139119674634427204e-01 -4.057334493547968268e-01 -1.205337304484726396e-02 1.229404731909772153e+01 -5.266807338321730786e-02 8.908639659143849365e-02 9.946304278416445710e-01 1.254913211405195028e+01
-4.103471593716103705e-01 9.060663745778201328e-01 -1.032421118296984186e-01 1.631596820346331072e+02 -9.103274913796881584e-01 -4.137001920473097893e-01 -1.249037783188459982e-02 1.213937919283591604e+01 -5.402839285055888868e-02 8.885874160387859100e-02 9.945778284310187178e-01 1.258765241834301918e+01
-4.173986703964120970e-01 9.028477331409456852e-01 -1.031713173007037521e-01 1.634722748458073909e+02 -9.070791626632255245e-01 -4.207762837284543256e-01 -1.243831635923497297e-02 1.198202741190752185e+01 -5.464194921018455942e-02 8.839281539766971618e-02 9.945858271524811167e-01 1.262712479373780461e+01
-4.242419381815756285e-01 8.996275201900501006e-01 -1.033881173280630367e-01 1.637970576658071025e+02 -9.038495707173064275e-01 -4.276681023970347884e-01 -1.248790239633571636e-02 1.183367501904165309e+01 -5.545026061328557632e-02 8.814941354779648464e-02 9.945626925886060787e-01 1.266134032345753013e+01
-4.305380253076322994e-01 8.966112069591271050e-01 -1.035632768866563691e-01 1.640986826376801559e+02 -9.008382609214430348e-01 -4.339821322947141624e-01 -1.224485642886154191e-02 1.167247472439072276e+01 -5.592348723242179104e-02 8.802188593884388568e-02 9.945474906566977857e-01 1.269566916289302227e+01
-4.366165550830674036e-01 8.937009339172699018e-01 -1.032696690359503899e-01 1.644184016381244646e+02 -8.979075075573232922e-01 -4.400277163097314759e-01 -1.173527807247078114e-02 1.153007372661866725e+01 -5.592934560309703595e-02 8.760279444539582905e-02 9.945841637115317990e-01 1.273579456435077972e+01
-4.415231415886797794e-01 8.913515783671086545e-01 -1.027116312017636729e-01 1.647189107830680825e+02 -8.954999336679045907e-01 -4.449112292453589745e-01 -1.157008609141027544e-02 1.136391143699991524e+01 -5.601057259519449938e-02 8.686979816857068326e-02 9.946438829670196657e-01 1.276989118680957169e+01
-4.456799582576520535e-01 8.892643527423287342e-01 -1.028507936246727122e-01 1.650241641097195213e+02 -8.933973498619183218e-01 -4.491130718607108108e-01 -1.177386697468268267e-02 1.121507077881476810e+01 -5.666171606260424209e-02 8.663924991366994677e-02 9.946271111865176984e-01 1.281593563629976806e+01
-4.496867134028563751e-01 8.872470970269265012e-01 -1.028321380028121984e-01 1.653180881143725571e+02 -8.913024058179185305e-01 -4.532280280257037219e-01 -1.282092021357663508e-02 1.102875429502844007e+01 -5.798173136539129524e-02 8.588913452366317425e-02 9.946160944799996573e-01 1.286784663474032442e+01
-4.538765531743140791e-01 8.850235485419745141e-01 -1.035827833415169097e-01 1.656014370033841772e+02 -8.890671226702627772e-01 -4.575681091796455213e-01 -1.382305496567757391e-02 1.085461834233734280e+01 -5.962990747455748641e-02 8.581808660145884282e-02 9.945247760345843346e-01 1.291432910922635990e+01
-4.578529844335459398e-01 8.828731518399021150e-01 -1.044300838148309596e-01 1.658779287940961353e+02 -8.868838718975623481e-01 -4.617398060686310757e-01 -1.527577362006710127e-02 1.069767514700742694e+01 -6.170609705113239141e-02 8.562329853480528385e-02 9.944149075384659531e-01 1.293423861782956408e+01
-4.613965159154234108e-01 8.809638591398473162e-01 -1.049568196475855336e-01 1.661806988961286606e+02 -8.850628374909500495e-01 -4.652508541646405149e-01 -1.433235471025170321e-02 1.054218083919053583e+01 -6.145753650754780251e-02 8.628048208314381684e-02 9.943734960355308239e-01 1.295908760024760298e+01
-4.653347725275689406e-01 8.788522112962289246e-01 -1.052726943534956078e-01 1.664677378782700714e+02 -8.830291349965051495e-01 -4.691315559895068432e-01 -1.323366624137198300e-02 1.043730967276190214e+01 -6.101717974504920761e-02 8.680077116358408951e-02 9.943553338225563643e-01 1.298125884474643321e+01
-4.688521731397428116e-01 8.770178631289207161e-01 -1.049633626315505663e-01 1.667578131722700050e+02 -8.812247138274422742e-01 -4.725438533457284596e-01 -1.205447655077510755e-02 1.029687129657083844e+01 -6.017178310373641481e-02 8.684454167046121165e-02 9.944030280023107293e-01 1.304464358279833114e+01
-4.717175475364667747e-01 8.754982307721166368e-01 -1.048112744940880858e-01 1.670316799829421939e+02 -8.797492445007495387e-01 -4.753129909747606519e-01 -1.090079863991551962e-02 1.015700891043530341e+01 -5.936179029091076531e-02 8.706554155072485091e-02 9.944323854983490030e-01 1.309792062110904709e+01
-4.741431935076796389e-01 8.741887646532467970e-01 -1.047961631185500009e-01 1.673092870404048540e+02 -8.784278124556922362e-01 -4.777504675623769348e-01 -1.091187647647713643e-02 1.000085878550100027e+01 -5.960545574565073029e-02 8.688207236225957419e-02 9.944338565975076039e-01 1.314237506765401520e+01
-4.761111862435398745e-01 8.730981468769961618e-01 -1.049655384101119415e-01 1.675895362338426366e+02 -8.773085955729563734e-01 -4.797890318632038742e-01 -1.149404356945398636e-02 9.833503631932886790e+00 -6.039674219340127048e-02 8.661472636754685706e-02 9.944094341410376625e-01 1.317911134204706336e+01
-4.788935314987359249e-01 8.714819200566259472e-01 -1.057366942129652487e-01 1.678579966788976492e+02 -8.757363664489463684e-01 -4.826483525758842319e-01 -1.167836609214244897e-02 9.659579552768196464e+00 -6.121112617381219145e-02 8.700477441038431681e-02 9.943255841334526224e-01 1.319940419095880202e+01
-4.816703831568829308e-01 8.698972568383234183e-01 -1.061715806355994079e-01 1.681311291219604414e+02 -8.741463143509247136e-01 -4.855098715241978891e-01 -1.218136935041495145e-02 9.512034511913805446e+00 -6.214389025637127861e-02 8.694209105903133450e-02 9.942732067727094725e-01 1.321458180355548606e+01
-4.840380473330536670e-01 8.685707633269437178e-01 -1.062638124088095132e-01 1.683794140733215272e+02 -8.728679225301256839e-01 -4.878240204592791951e-01 -1.137167010105624709e-02 9.357890116104416123e+00 -6.171514037857271651e-02 8.724995218677759901e-02 9.942729440608640834e-01 1.321902127160041118e+01
-4.869687103146078666e-01 8.670883131083162443e-01 -1.049730081759220612e-01 1.686820505487794435e+02 -8.713000718248524734e-01 -4.906332849489298820e-01 -1.073147418713458340e-02 9.208636934997421974e+00 -6.080838768241147996e-02 8.623709741866827927e-02 9.944171674987659637e-01 1.328374859690314835e+01
-4.889311779767993027e-01 8.659906484933356241e-01 -1.049118674140904345e-01 1.689314148009684402e+02 -8.701951255572569766e-01 -4.925926073753608136e-01 -1.062857542352316914e-02 9.073597434023151109e+00 -6.088305723770211231e-02 8.609715373481227618e-02 9.944247248837665420e-01 1.333478673108600532e+01
-4.916780738792487782e-01 8.644531040769577457e-01 -1.047544868638324300e-01 1.691861136632213913e+02 -8.686675203738131179e-01 -4.952934995614626246e-01 -1.005426972837007715e-02 8.941589107993861418e+00 -6.057566106946929430e-02 8.605335637772905388e-02 9.944472882672688030e-01 1.338184738460753920e+01
-4.949172648097768246e-01 8.625595227431618328e-01 -1.051093274562172747e-01 1.694348733988956042e+02 -8.668016829048227345e-01 -4.985551590041739090e-01 -9.879065932065021760e-03 8.793890972097170078e+00 -6.092407985826640837e-02 8.621962163807014856e-02 9.944116015705023459e-01 1.340981553945940696e+01
-4.982825325031570163e-01 8.606170361526022106e-01 -1.051324635217430054e-01 1.696999855780349833e+02 -8.648714112111834940e-01 -5.019039288889621808e-01 -9.480940638960141942e-03 8.673907348664325667e+00 -6.092585552797895321e-02 8.620187497806498789e-02 9.944130313297638857e-01 1.344356507309497317e+01
-5.005888035207137765e-01 8.592288286254281537e-01 -1.055304214370185734e-01 1.699329448067667840e+02 -8.635244746949337635e-01 -5.042227998250812249e-01 -9.211391827224878204e-03 8.519835688858243827e+00 -6.112553797341055417e-02 8.651698212218544848e-02 9.943734109538180377e-01 1.346849290597162963e+01
-5.029742592144290647e-01 8.578130552010930776e-01 -1.057055196962889410e-01 1.701764085744459578e+02 -8.621142558563094083e-01 -5.066303464807522250e-01 -9.203362109297348603e-03 8.358641216326207157e+00 -6.144838823775718856e-02 8.650118121366462409e-02 9.943548869652235611e-01 1.349082449725443489e+01
-5.065800132265860789e-01 8.556900508479298173e-01 -1.056940257498934777e-01 1.704195699501687216e+02 -8.599749672538435918e-01 -5.102532642746415714e-01 -9.201195238854230352e-03 8.199823431494230874e+00 -6.180409287500807092e-02 8.623307472739236146e-02 9.943561288225447603e-01 1.352830353187322210e+01
-5.110995403311198171e-01 8.530076046977123072e-01 -1.056185883317385665e-01 1.706603113961743645e+02 -8.572710023262432033e-01 -5.147844945873172318e-01 -9.129770152577994236e-03 8.060518017497727783e+00 -6.215857498267116088e-02 8.587753175512097270e-02 9.943648028242813020e-01 1.356646278570705277e+01
-5.150754260501158033e-01 8.505913922413886885e-01 -1.057903063808220273e-01 1.708925531447706589e+02 -8.548606638593166940e-01 -5.187796297341786822e-01 -8.996730454854308390e-03 7.905245942023680250e+00 -6.253439745692317142e-02 8.580197677049786198e-02 9.943477610559469104e-01 1.359940152174767469e+01
-5.201207680632333741e-01 8.474892241516440716e-01 -1.060018942102288059e-01 1.711441671231215764e+02 -8.517705697295347989e-01 -5.238419974272940927e-01 -8.744042200634190298e-03 7.752895511099885617e+00 -6.293872553472769360e-02 8.574133587848528637e-02 9.943274813409498369e-01 1.363738203709609920e+01
-5.261825721928254929e-01 8.437140536489887710e-01 -1.062002655163054865e-01 1.713841763090499342e+02 -8.479973927079117457e-01 -5.299312764315311508e-01 -8.559452098844913537e-03 7.625839318239173714e+00 -6.350057228975405921e-02 8.555371374078349356e-02 9.943079198035353894e-01 1.366948795367604497e+01
-5.309783426575971355e-01 8.406681470143658741e-01 -1.064850516458717700e-01 1.715914392247678677e+02 -8.449781374724970595e-01 -5.347381188258257811e-01 -8.190938171356666742e-03 7.480166169857270120e+00 -6.382747701500801618e-02 8.562832983335355586e-02 9.942805651866323258e-01 1.370480808639644543e+01
-5.362488292238658527e-01 8.372087673879375913e-01 -1.073250807817250768e-01 1.718252087872563720e+02 -8.416107114818500712e-01 -5.400322868663491871e-01 -7.519272632085370611e-03 7.341545818119567635e+00 -6.425420978463268484e-02 8.629373645098384338e-02 9.941955479553711283e-01 1.371567685216182397e+01
-5.416445473084106066e-01 8.336857022656746219e-01 -1.076537700633641709e-01 1.720473621434685469e+02 -8.381203993468374636e-01 -5.454393974714639715e-01 -7.075301029898103944e-03 7.199319240849992418e+00 -6.461718478674453869e-02 8.639452253328951115e-02 9.941632692402594396e-01 1.375022660720639855e+01
-5.462978121290575917e-01 8.305508856135397355e-01 -1.083694000609508046e-01 1.722542373508872515e+02 -8.350575025475635016e-01 -5.501230950668178910e-01 -6.599069110984887021e-03 7.041816814898056442e+00 -6.509737246641786323e-02 8.688962355005584726e-02 9.940887915157770038e-01 1.376091841023716533e+01
-5.511925377892004096e-01 8.272469111251474772e-01 -1.088546476702016014e-01 1.724704121448625642e+02 -8.317871794211408876e-01 -5.550579384353044876e-01 -6.385384136690784584e-03 6.874025503673951043e+00 -6.570292562834846584e-02 8.702432426541753530e-02 9.940371685958343528e-01 1.378124151910386885e+01
-5.580539363098129257e-01 8.225185230785665436e-01 -1.097227568090494154e-01 1.727216250954581938e+02 -8.271418723966654785e-01 -5.619633267129910958e-01 -5.791576452688490528e-03 6.688385409347245236e+00 -6.642384434269579807e-02 8.752427447469904309e-02 9.939453577940866591e-01 1.381198871261152483e+01
-5.649368326734562906e-01 8.176688130097807816e-01 -1.107433398451583700e-01 1.729202271179683521e+02 -8.223946893610579734e-01 -5.688944004325486858e-01 -5.112344591353436274e-03 6.532857145325363213e+00 -6.718147065681824570e-02 8.818658280979058128e-02 9.938358901814318136e-01 1.382111106184263427e+01
-5.720745178220913996e-01 8.124593911995634521e-01 -1.124299057646838546e-01 1.731512322168532592e+02 -8.174030702319383668e-01 -5.760548576038020396e-01 -3.608574020796298520e-03 6.372303033284578255e+00 -6.769761320771859603e-02 8.983617691496773028e-02 9.936531057080638663e-01 1.381935028602595139e+01
-5.799579858611827454e-01 8.065217063067703362e-01 -1.147670331230010998e-01 1.734012406405561819e+02 -8.117740449793379165e-01 -5.839693355735675606e-01 -1.647728026740187535e-03 6.201871258067122916e+00 -6.834935649824455672e-02 9.220928568090100419e-02 9.933910675562237502e-01 1.381334284851486416e+01
-5.886102452788728456e-01 8.001012375336890026e-01 -1.156546101537024168e-01 1.736561292625318345e+02 -8.054429637249446161e-01 -5.926725831328305549e-01 -9.172723892545489588e-04 6.038365117333349019e+00 -6.927922732481332779e-02 9.261327604462446517e-02 9.932890665670084385e-01 1.384206759766758665e+01
-5.968777483161635811e-01 7.939115503812503860e-01 -1.159370679992622055e-01 1.739095231109252211e+02 -7.992595249624661058e-01 -6.009857357310999237e-01 -5.976658944932614070e-04 5.848992949752613413e+00 -7.015101796695030756e-02 9.230707242128094459e-02 9.932563813332452307e-01 1.387768550792425160e+01
-6.055415939231580946e-01 7.872603780239703086e-01 -1.163635476537051711e-01 1.741590794539982028e+02 -7.925995244670110962e-01 -6.097422326349748456e-01 -6.352605638906896890e-04 5.643295247748631560e+00 -7.145188481536877967e-02 9.184501584120621787e-02 9.932064846855661600e-01 1.390426449106933937e+01
-6.139862002781162342e-01 7.806678531510943264e-01 -1.165274599590279819e-01 1.744121518018580730e+02 -7.859770862790317336e-01 -6.182553095723630765e-01 -6.261229157462008810e-04 5.392282041040370899e+00 -7.253251486309424123e-02 9.120348262014726926e-02 9.931872728975092990e-01 1.395392536185994281e+01
-6.232985339775078959e-01 7.732355440131556401e-01 -1.166436068379574365e-01 1.746763713829311087e+02 -7.784934410555522932e-01 -6.276522740167467251e-01 -7.649543067217781656e-04 5.148812013673451204e+00 -7.380311494086258528e-02 9.032948796647297107e-02 9.931735416475514500e-01 1.399581699289227821e+01
-6.327631726507205734e-01 7.655079383330101184e-01 -1.166548913939682020e-01 1.749282451841899615e+02 -7.707177549612005407e-01 -6.371763111875412555e-01 -7.004634211299695656e-04 4.905641543300387042e+00 -7.486594368977880776e-02 8.946476854372184540e-02 9.931722638419062665e-01 1.404155172551928032e+01
-6.426832137235582998e-01 7.572707296638173657e-01 -1.161866119326519231e-01 1.752154517446153932e+02 -7.623938645377855705e-01 -6.471130582853157343e-01 -5.339585809963631746e-04 4.673654054196108909e+00 -7.559022498378892285e-02 8.823679386205647568e-02 9.932272580310335108e-01 1.408909223459449933e+01
-6.534629045168771633e-01 7.481185376478330928e-01 -1.153468077063027480e-01 1.754829108394116020e+02 -7.531049865381634900e-01 -6.579001432341569089e-01 -5.298903929885009911e-04 4.416163720842307683e+00 -7.628310213749552038e-02 8.652199234959739860e-02 9.933251397040833153e-01 1.413987658281074822e+01
-6.627566191658633699e-01 7.399635331971446961e-01 -1.149244677613681376e-01 1.757327300239496708e+02 -7.448586208788577911e-01 -6.672221232854471662e-01 -5.225905723200696684e-04 4.201821354000916386e+00 -7.706684536349941994e-02 8.525613020105060613e-02 9.933740954992031913e-01 1.419182264386213888e+01
-6.715247806990811696e-01 7.320020065248991070e-01 -1.150110053454587028e-01 1.759909229320307702e+02 -7.368549565145794400e-01 -6.760507020434336489e-01 -4.704534815046373941e-04 3.928951778660236815e+00 -7.809764379895643704e-02 8.443050817152951415e-02 9.933641061176654574e-01 1.423821131878175983e+01
-6.815371623104899967e-01 7.226356001344044211e-01 -1.153468066664827402e-01 1.762343421883101655e+02 -7.274772603097435786e-01 -6.861317688933854519e-01 -1.773343296695359395e-04 3.664768550871115416e+00 -7.927125659402227409e-02 8.379131896338729013e-02 9.933252653307377278e-01 1.427169051806841615e+01
-6.920563516926578895e-01 7.125131204718929689e-01 -1.156851729360923869e-01 1.764569258222765882e+02 -7.173321862652456415e-01 -6.967313207392149543e-01 3.533994840533571935e-05 3.423225807081051730e+00 -8.057630315279253053e-02 8.300915525648258630e-02 9.932859303915637650e-01 1.430336244051529349e+01
-7.027735508393566644e-01 7.018643024137309894e-01 -1.161715853293292522e-01 1.767100901638395669e+02 -7.066869020110924104e-01 -7.075262616597661758e-01 4.599866535508270737e-04 3.164055440668338992e+00 -8.187159926743473037e-02 8.242020419195555947e-02 9.932290527236650179e-01 1.433510431907197358e+01
-7.139586361693877059e-01 6.904616280268466300e-01 -1.163004989742744133e-01 1.769616293642155824e+02 -6.952528780287040577e-01 -7.187646769581317319e-01 8.801988849217318167e-04 2.908997367645643539e+00 -8.298494702024336589e-02 8.148668222347514589e-02 9.932136825418071968e-01 1.436880619682678351e+01
-7.251060775533209046e-01 6.787468358187344064e-01 -1.162923435196581562e-01 1.772208952393649781e+02 -6.834812970844540425e-01 -7.299671207260705064e-01 1.148561989461005517e-03 2.637514465483814963e+00 -8.411000434544359250e-02 8.031647106881174836e-02 9.932143633899290780e-01 1.438852355764834812e+01
-7.373956096890361689e-01 6.654459208567197193e-01 -1.158854659846822316e-01 1.774661046301027625e+02 -6.700756218781237505e-01 -7.422916215200880963e-01 1.345208431374707303e-03 2.340578530925851553e+00 -8.512564699302042903e-02 7.864397647773449518e-02 9.932616720621959550e-01 1.445319582435740102e+01
-7.503851625109636547e-01 6.507106877954750290e-01 -1.161796396626126188e-01 1.776801779742690144e+02 -6.552593609160292099e-01 -7.554029015155463433e-01 1.275270093420863282e-03 2.026709388842338644e+00 -8.693260501855330780e-02 7.708474019307508251e-02 9.932273984410893153e-01 1.446828475115995438e+01
-7.638669480635891240e-01 6.348770508013972247e-01 -1.159241822129363636e-01 1.778758811146541348e+02 -6.392995571789141795e-01 -7.689567427927648247e-01 1.266453467598252502e-03 1.723955418294059738e+00 -8.833663932288855769e-02 7.507768030021681749e-02 9.932572577504159561e-01 1.451574207875994738e+01
-7.785744329410444475e-01 6.167401138524811754e-01 -1.159891561128010701e-01 1.781159573537083247e+02 -6.210906149502738449e-01 -7.837368017432684297e-01 1.753172531003203971e-03 1.423890707059999539e+00 -8.982371842237342474e-02 7.340475160683657130e-02 9.932489325694323634e-01 1.454301518724627584e+01
-7.936065495131519043e-01 5.971143444137031464e-01 -1.168036997069145794e-01 1.783317512484491942e+02 -6.014512471527303505e-01 -7.989059742763653382e-01 2.375197666972236887e-03 1.124682742471802888e+00 -9.189690891566949793e-02 7.213670328567430012e-02 9.931521807713155070e-01 1.455968448630005874e+01
-8.088454413329466686e-01 5.762622940248122161e-01 -1.170077797420862736e-01 1.785419989923829291e+02 -5.805191452206724945e-01 -8.142416084048962333e-01 2.850469166381271180e-03 8.083175486860483261e-01 -9.362998487221622923e-02 7.023084527093223506e-02 9.931269074520934215e-01 1.457789957932185487e+01
-8.237846164241808822e-01 5.547806312997926037e-01 -1.166077050518920244e-01 1.787456985785703409e+02 -5.588796139103312521e-01 -8.292434253983973491e-01 2.986400671688503594e-03 4.986580759532551199e-01 -9.503937551512345316e-02 6.762982011018700557e-02 9.931735621398503078e-01 1.461575602634499482e+01
-8.381182331374692485e-01 5.327649193970704911e-01 -1.171297056359322797e-01 1.789341567632754106e+02 -5.368601591857673494e-01 -8.436613281553912991e-01 4.090581146276656838e-03 1.912673207961127775e-01 -9.663848488857734731e-02 6.631066305591150345e-02 9.931082011561104261e-01 1.465774090993704704e+01
-8.523705279224018660e-01 5.092408218605196657e-01 -1.189044510525518322e-01 1.790979613828432662e+02 -5.135078787095946895e-01 -8.580623957704538451e-01 6.211559211783238693e-03 -1.027482862510197825e-01 -9.886425861987950536e-02 6.635292243369365905e-02 9.928862714591484284e-01 1.468497955578289904e+01
-8.663076621111944764e-01 4.846980875846512160e-01 -1.207426952623584099e-01 1.792602549115537443e+02 -4.890647906423508107e-01 -8.722141764439872436e-01 7.619774543333863309e-03 -4.334481458127862896e-01 -1.016202003609050913e-01 6.565207005052843547e-02 9.926545927847661988e-01 1.464798150396276455e+01
-8.807461172156509921e-01 4.579454155483059785e-01 -1.207156716745794722e-01 1.794294159476569916e+02 -4.621657399336795424e-01 -8.867576014495557324e-01 7.986557643067583590e-03 -7.881611244276806039e-01 -1.033881320128670345e-01 6.282477735512387307e-02 9.926549962142784400e-01 1.467839942401261588e+01
-8.926651675590737689e-01 4.344611965543566656e-01 -1.199681929316600421e-01 1.796075718062808448e+02 -4.384386804786194469e-01 -8.987286564683567569e-01 7.637113509048065046e-03 -1.146532816587609638e+00 -1.045008233790449409e-01 5.941608141858351066e-02 9.927483604529205863e-01 1.471591264759336326e+01
-9.035634620890240498e-01 4.115629025295235444e-01 -1.191177872493079659e-01 1.797516372453789870e+02 -4.153542253246106375e-01 -9.096262126843117635e-01 7.811574910883595929e-03 -1.511169951124711641e+00 -1.051377072352735198e-01 5.653432991616383352e-02 9.928494004924615091e-01 1.475541892663304999e+01
-9.139604153761595740e-01 3.878776056675709571e-01 -1.192783389682747774e-01 1.798944345844768975e+02 -3.915443323135937015e-01 -9.201240070504919100e-01 8.052793456259171867e-03 -1.844644300732898534e+00 -1.066273649610664787e-01 5.406269204302868725e-02 9.928281978119478657e-01 1.479392659505344376e+01
-9.233459430938391055e-01 3.649603767873952909e-01 -1.193155176301537723e-01 1.800336067097101989e+02 -3.685424363138162795e-01 -9.295703895458855559e-01 8.681216238949896608e-03 -2.221543515431598781e+00 -1.077438722527910009e-01 5.198859735281571859e-02 9.928184344265879036e-01 1.482605749115013971e+01
-9.307426278731327773e-01 3.454401447804806291e-01 -1.199552709715429322e-01 1.801485149338970473e+02 -3.488621122240329053e-01 -9.371387818073793063e-01 8.132053072142660100e-03 -2.600000927269058959e+00 -1.096055989190422852e-01 4.941669764990851837e-02 9.927459910163201062e-01 1.483816547336722280e+01
-9.375306307678006323e-01 3.264569616473735891e-01 -1.202587567044317435e-01 1.802659318692030581e+02 -3.297826676421503622e-01 -9.440203047525865809e-01 8.310014299683771838e-03 -3.003451174557572934e+00 -1.108138461337638131e-01 4.745014654138779431e-02 9.927077994547254258e-01 1.485360785492483338e+01
-9.438306190152949693e-01 3.075945152363361856e-01 -1.207036735386692455e-01 1.803718145470149636e+02 -3.108970354511308987e-01 -9.504002038686485410e-01 9.082171223378055630e-03 -3.399418567653081702e+00 -1.119231698840976036e-01 4.609844555899716978e-02 9.926470356376125848e-01 1.486264108035536502e+01
-9.494217283798431772e-01 2.896991162618398064e-01 -1.211313490279917193e-01 1.805062621081098371e+02 -2.929768381950122458e-01 -9.560693955928112331e-01 9.791991219938803170e-03 -3.791935509196930898e+00 -1.129732444496738819e-01 4.478540887283201377e-02 9.925881891250809552e-01 1.487383288731329323e+01
-9.543254536104652797e-01 2.732745053952265191e-01 -1.207641225371787475e-01 1.806188134581645670e+02 -2.766039382015409998e-01 -9.609164349406962291e-01 1.139589541289425315e-02 -4.176522047816174421e+00 -1.129300224146727316e-01 4.427922494644483120e-02 9.926158170589282070e-01 1.491784362744974857e+01
-9.584790581746904792e-01 2.584196234301409656e-01 -1.205702835145655433e-01 1.807301431801818126e+02 -2.617023731507905349e-01 -9.650745153588142777e-01 1.196025468768433658e-02 -4.578998925309334389e+00 -1.132685434169741906e-01 4.301718297580654771e-02 9.926327412699135211e-01 1.494109201292834044e+01
-9.626571117191109472e-01 2.423540520570673373e-01 -1.206474148423404835e-01 1.808220072989695666e+02 -2.455940396491729794e-01 -9.692918582604697075e-01 1.252442408920941518e-02 -5.013436048106919785e+00 -1.139072119991529075e-01 4.168701190402357426e-02 9.926164113559143853e-01 1.496257908139977033e+01
-9.663804128325208520e-01 2.268507967166489836e-01 -1.210273263468580190e-01 1.809274251566293117e+02 -2.300422779906853843e-01 -9.730951687966582497e-01 1.289739514243728666e-02 -5.463566974192684000e+00 -1.148453221968726706e-01 4.030519189416599535e-02 9.925653849877452695e-01 1.496907676861717817e+01
-9.698977211339701032e-01 2.111650153566252686e-01 -1.212754997044647731e-01 1.810082391317567669e+02 -2.143302805910639874e-01 -9.766675822698305254e-01 1.352643947827940514e-02 -5.905043520396842993e+00 -1.155895382847738351e-01 3.911227470551920105e-02 9.925267193413348510e-01 1.498842882871876903e+01
-9.732382430594854750e-01 1.950006529826558144e-01 -1.215815264866511591e-01 1.810580979100253103e+02 -1.982186982169210909e-01 -9.800454385957675374e-01 1.484203371574519502e-02 -6.335099149496725701e+00 -1.162612141845920377e-01 3.854456672435159492e-02 9.924704763630787241e-01 1.500063451817324633e+01
-9.763721106926344095e-01 1.782516174182202651e-01 -1.221632610460216262e-01 1.811339735705665248e+02 -1.814910781657226302e-01 -9.832651219486261418e-01 1.583314578966272396e-02 -6.816497348195985850e+00 -1.172965899242324472e-01 3.763058393304028609e-02 9.923837207174475150e-01 1.503121202533205469e+01
-9.792150120314906392e-01 1.615578238202603767e-01 -1.226255673774008792e-01 1.812096832765269028e+02 -1.647907694833181946e-01 -9.861883572473060244e-01 1.662908064072753100e-02 -7.287702394232131731e+00 -1.182453487679902548e-01 3.649100700613300968e-02 9.923136822106277677e-01 1.504036938160165526e+01
-9.817780357888201692e-01 1.446826555608040910e-01 -1.232023442249417372e-01 1.812979206360341493e+02 -1.480093001562109711e-01 -9.888177089080398829e-01 1.824241259057442915e-02 -7.747235766694430481e+00 -1.191852990511663296e-01 3.614509274756162044e-02 9.922138865992322643e-01 1.505407545528473001e+01
-9.841802307177422993e-01 1.294965768768970571e-01 -1.209128200048976282e-01 1.813572956056551959e+02 -1.330010664153787048e-01 -9.908860599644746525e-01 2.134320736091861737e-02 -8.229702196103756862e+00 -1.170469555210339879e-01 3.708709674866763478e-02 9.924336539326001905e-01 1.512775679130193573e+01
-9.859272425194867129e-01 1.160319287663761773e-01 -1.203497568118684496e-01 1.814049899863693440e+02 -1.196121396556840549e-01 -9.925556568618427722e-01 2.293913857460340433e-02 -8.724185659857143449e+00 -1.167921594325167095e-01 3.701161355993994734e-02 9.924664890850366517e-01 1.514942788024841036e+01
-9.870537994327910347e-01 1.046041291514661076e-01 -1.215844282371525836e-01 1.814438292253426823e+02 -1.082878030209780407e-01 -9.938279802117684358e-01 2.407690729904660848e-02 -9.231205417540271796e+00 -1.183154628194546948e-01 3.693131344347806710e-02 9.922890351833772993e-01 1.516980041307434490e+01
-9.878205834466131652e-01 9.456887370380324953e-02 -1.235606047475784203e-01 1.814715726378157683e+02 -9.839725611734946586e-02 -9.948269793219723933e-01 2.524403299192689784e-02 -9.754183273364514406e+00 -1.205341234164413605e-01 3.709459986999283365e-02 9.920158848288243014e-01 1.516740758995750404e+01
-9.886662615781776076e-01 8.500385063759713367e-02 -1.237471963068761394e-01 1.814923329781055656e+02 -8.891397317177895943e-02 -9.956889698262134658e-01 2.641553976777283319e-02 -1.028254738195360574e+01 -1.209682958127444030e-01 3.711900784228608363e-02 9.919621215877976184e-01 1.516689757868285149e+01
-9.893796943513639697e-01 7.630616190025808765e-02 -1.237141465688297720e-01 1.815771954032051951e+02 -8.018091094605352132e-02 -9.964242052800189597e-01 2.664253463813406192e-02 -1.083522267642825909e+01 -1.212387806152112751e-01 3.627909574582504487e-02 9.919601732362050006e-01 1.517906633135364558e+01
-9.901287736287229801e-01 6.776109863183853166e-02 -1.226924820218715934e-01 1.816286833010160251e+02 -7.157183803287252288e-02 -9.970721616387099306e-01 2.691795842382457490e-02 -1.137366662910018533e+01 -1.205092678306415449e-01 3.543357161389089349e-02 9.920796229988830817e-01 1.522507311668182339e+01
-9.905696906252425826e-01 6.117580421355381382e-02 -1.225936743614284008e-01 1.816699163666768015e+02 -6.497271163644527392e-02 -9.975159100757395869e-01 2.721315653092095874e-02 -1.191993940996324675e+01 -1.206243539142007049e-01 3.492177149850803769e-02 9.920837843237776399e-01 1.525743549102544350e+01
-9.909104367499730337e-01 5.561376363495915132e-02 -1.224892470151245083e-01 1.816871124792658634e+02 -5.948323979253630767e-02 -9.978320126015334246e-01 2.816058968410806509e-02 -1.248714989547673326e+01 -1.206575754926350053e-01 3.519067947522418194e-02 9.920702422481540994e-01 1.528542035698185053e+01
-9.910015410978292305e-01 5.186388938706978230e-02 -1.233940133044261339e-01 1.816897820832113268e+02 -5.574729785434064805e-02 -9.980458104103080430e-01 2.822763015859959881e-02 -1.305975877934517904e+01 -1.216888833199916004e-01 3.485250780183608843e-02 9.919562078923930271e-01 1.528793812663757556e+01
-9.911786484616111892e-01 4.943939629799626312e-02 -1.229659828062358157e-01 1.817127299976157815e+02 -5.338101905198881780e-02 -9.981539763711722024e-01 2.896733089859040988e-02 -1.365819242263987299e+01 -1.213068573444428672e-01 3.527584936053131115e-02 9.919880346118636893e-01 1.531664903965748969e+01
-9.912341460843938634e-01 4.805320062032226308e-02 -1.230681012548962699e-01 1.817535978239656629e+02 -5.197197317393476707e-02 -9.982322903402391923e-01 2.883068723579416612e-02 -1.424117962798354498e+01 -1.214651457857361810e-01 3.497405370018522031e-02 9.919793515628368974e-01 1.533309193337028731e+01
-9.912471720571696121e-01 4.775648656789786839e-02 -1.230786816607770950e-01 1.817861960759038027e+02 -5.167627329757777666e-02 -9.982469967757829910e-01 2.885301034908649073e-02 -1.483013093301732077e+01 -1.214850059338137833e-01 3.496071250447611162e-02 9.919773898201715845e-01 1.536694129521825936e+01
-9.911927860277798263e-01 4.822108879955836619e-02 -1.233352647115753958e-01 1.818293480409585641e+02 -5.216951999590805494e-02 -9.982175064493559180e-01 2.898535839743840783e-02 -1.545424291953156803e+01 -1.217177148564900363e-01 3.516441970254180482e-02 9.919416623355920004e-01 1.540073752704966203e+01
-9.912706160860635940e-01 4.980418698079162182e-02 -1.220741931922544182e-01 1.818352444561755874e+02 -5.376401446757232000e-02 -9.981219623115222817e-01 2.935948057660512506e-02 -1.605100171146584032e+01 -1.203827081963526197e-01 3.566638908804373870e-02 9.920866455389529825e-01 1.544473189791551881e+01
-9.910785732179399066e-01 5.203192592533246313e-02 -1.227026503087563086e-01 1.818792024417948312e+02 -5.606945109395258114e-02 -9.979855539870470249e-01 2.968249799443636872e-02 -1.668863104208882220e+01 -1.209110349071377405e-01 3.629755801245554414e-02 9.919995004635926428e-01 1.547822614904938909e+01
-9.908830202555412026e-01 5.470747582271361098e-02 -1.231175546311913810e-01 1.819011782531874530e+02 -5.878167118206610586e-02 -9.978288419121019714e-01 2.970382772299337906e-02 -1.732734757370785061e+01 -1.212252255196939049e-01 3.667007414038069707e-02 9.919474534269636656e-01 1.550988371187043136e+01
-9.907415293431998116e-01 5.731780591798191909e-02 -1.230686440952629829e-01 1.819378518112773406e+02 -6.141960844363678756e-02 -9.976672164730935322e-01 2.979524917600298237e-02 -1.799657515043796607e+01 -1.210737532800907762e-01 3.707821866781524367e-02 9.919507810204564180e-01 1.554060976964261087e+01
-9.905172066261642705e-01 5.930349674496799423e-02 -1.239304589329038309e-01 1.819749292113832553e+02 -6.345042241972312369e-02 -9.975404653444412961e-01 2.978361789900841466e-02 -1.863639738407572821e+01 -1.218593749871518528e-01 3.736462597450974227e-02 9.918438271489748992e-01 1.557152751356745846e+01
-9.901595952208073204e-01 6.234487824932106320e-02 -1.252880367323417343e-01 1.819995151112304370e+02 -6.657081545564602632e-02 -9.973357924272767683e-01 2.982689512883200667e-02 -1.931153636322787648e+01 -1.230946892507455009e-01 3.787391317956669001e-02 9.916719539135555594e-01 1.560629700590976299e+01
-9.899857141350061340e-01 6.500289661715605294e-02 -1.253112494550325529e-01 1.820416786730945660e+02 -6.935250143300689118e-02 -9.971209050082199266e-01 3.066156128727066249e-02 -1.996489153941250905e+01 -1.229573761658358244e-01 3.904515625487493119e-02 9.916435647042971535e-01 1.563785137231856304e+01
-9.897950134239408282e-01 6.757873448716109066e-02 -1.254549562441260868e-01 1.820766660325557496e+02 -7.205486860663529169e-02 -9.969035716521275070e-01 3.148594507575000478e-02 -2.064786495263994937e+01 -1.229387136388791629e-01 4.020427181713910614e-02 9.915995609198661187e-01 1.567558484348891668e+01
-9.895213268461939826e-01 7.077991574308045708e-02 -1.258481118012912681e-01 1.821210483364532706e+02 -7.537725456411722980e-02 -9.966367915439890979e-01 3.214615428444994594e-02 -2.131794947245077054e+01 -1.231495562757907170e-01 4.129539040021078244e-02 9.915285560793345443e-01 1.571628546022592943e+01
-9.892346740865176624e-01 7.388937413318523439e-02 -1.263135779524396374e-01 1.821523695273865542e+02 -7.858655938476126479e-02 -9.963737883422931763e-01 3.261022214724385720e-02 -2.199371815061086721e+01 -1.234459892787378582e-01 4.218571197257878908e-02 9.914542114673579043e-01 1.575611817724078279e+01
-9.886989184280179366e-01 7.699240360918972736e-02 -1.286336600029190924e-01 1.822129061597355530e+02 -8.186345573820318078e-02 -9.960966788642411363e-01 3.301183076152805485e-02 -2.268737757662085741e+01 -1.255899013211898563e-01 4.316915730134361640e-02 9.911425732678551537e-01 1.581741477632963289e+01
-9.884027900690128821e-01 8.012080480848218778e-02 -1.289983768139462139e-01 1.822397697851993996e+02 -8.510141098892329281e-02 -9.958068318684245579e-01 3.356342431674955856e-02 -2.337691211908232702e+01 -1.257683363628784301e-01 4.415212612109303131e-02 9.910766445273044845e-01 1.584706487787248719e+01
-9.879252558614586288e-01 8.309525034151778178e-02 -1.307626406958502796e-01 1.823210894803571307e+02 -8.817702884981730438e-02 -9.955394965108390615e-01 3.355476821799509984e-02 -2.407895929442554106e+01 -1.273911316155486306e-01 4.467986411825102672e-02 9.908457040973052132e-01 1.586543397511659492e+01
-9.873608907768851584e-01 8.662852102192419856e-02 -1.327176352631052048e-01 1.823813963579221991e+02 -9.159730005585781099e-02 -9.952885365578589827e-01 3.179093611382072943e-02 -2.478630134207869773e+01 -1.293383391989929021e-01 4.354570405987161913e-02 9.906439146692298525e-01 1.589792060320936606e+01
-9.869795479730558707e-01 9.041774891743238618e-02 -1.330263228222424710e-01 1.824224143411486523e+02 -9.537603417783145632e-02 -9.949468279586843877e-01 3.137230688779817089e-02 -2.551267115345724434e+01 -1.295175045598564445e-01 4.365134838303644238e-02 9.906158568269187725e-01 1.592966421760823437e+01
-9.864515225641690144e-01 9.399868716082744602e-02 -1.344531161515944706e-01 1.824845263756281781e+02 -9.905342648556063334e-02 -9.945866384717678699e-01 3.139804571783080811e-02 -2.621136017610002966e+01 -1.307738977483767495e-01 4.429069186037008776e-02 9.904223958908778824e-01 1.598171275611996656e+01
-9.860242255102655839e-01 9.716994043495026656e-02 -1.353300756770257629e-01 1.825450271575010674e+02 -1.022750909768481292e-01 -9.942642350841073284e-01 3.127997120032029177e-02 -2.690381078946130700e+01 -1.315143812385502486e-01 4.468370517855077551e-02 9.903066868495625785e-01 1.603810232412309134e+01
-9.855143334624332230e-01 1.005139119943749548e-01 -1.365959444335144435e-01 1.826288479097481172e+02 -1.056650317229017588e-01 -9.939190895246434732e-01 3.097974418071243810e-02 -2.761627567241092507e+01 -1.326514214439290795e-01 4.496439673887853150e-02 9.901423147279454495e-01 1.607496016807762729e+01
-9.850451793008956347e-01 1.038542683529551508e-01 -1.374783098562804284e-01 1.826808662379907844e+02 -1.089672836284860252e-01 -9.935870092524194952e-01 3.018254700090858972e-02 -2.834002576160587594e+01 -1.334620763913710040e-01 4.471181040514188992e-02 9.900448111957349528e-01 1.611077538314855673e+01
-9.845919895374490860e-01 1.070260391790588128e-01 -1.382896998200910110e-01 1.827425146466281660e+02 -1.121740451721641441e-01 -9.932367527971144305e-01 2.996225096279871505e-02 -2.905551355374244693e+01 -1.341476713491575878e-01 4.501310732094623845e-02 9.899384942716953351e-01 1.613420715560641483e+01
-9.837031534901414798e-01 1.107525187631124980e-01 -1.416403381850572518e-01 1.828165024874409710e+02 -1.157571662990549005e-01 -9.928948330517941567e-01 2.757043614930265729e-02 -2.978295103051162229e+01 -1.375804646887192340e-01 4.351700916510967132e-02 9.895341760896183558e-01 1.620338550003781464e+01
-9.833714507972770580e-01 1.128191799542218460e-01 -1.423110058685406742e-01 1.828895484939321250e+02 -1.178103517063264910e-01 -9.926656919977265847e-01 2.712093216514361443e-02 -3.049099409469275557e+01 -1.382074917929218549e-01 4.343566006326567835e-02 9.894503689661133805e-01 1.624517404575891888e+01
-9.831779259298216722e-01 1.145091243030344347e-01 -1.422983710928791001e-01 1.829682104264671239e+02 -1.195637194092410566e-01 -9.924465687277312931e-01 2.746498173277104465e-02 -3.121369569252993514e+01 -1.380785391194547518e-01 4.401668628946731748e-02 9.894426958458644172e-01 1.629855378582105629e+01
-9.829226566658277875e-01 1.154255272881250793e-01 -1.433178239551882172e-01 1.830533376705645878e+02 -1.202111019420274429e-01 -9.924293600314588737e-01 2.516458458694052422e-02 -3.194244895097237702e+01 -1.393281808640144392e-01 4.196323388167418067e-02 9.893567329428331059e-01 1.635332646538659063e+01
-9.825371113440659609e-01 1.164231679026195981e-01 -1.451429323362902757e-01 1.831286170700919342e+02 -1.209511454313842022e-01 -9.923979087449530390e-01 2.274227643574121271e-02 -3.265470993012289824e+01 -1.413918146516786045e-01 3.990033451190559688e-02 9.891492900747305139e-01 1.639838159503732484e+01
-9.823147680108401669e-01 1.169057686480829972e-01 -1.462557274249804973e-01 1.831909186243073009e+02 -1.215033002566630604e-01 -9.923273926970561654e-01 2.287561430436370336e-02 -3.337656542162661566e+01 -1.424592733890934770e-01 4.024160732207056335e-02 9.889822892577944113e-01 1.640823450757174840e+01
-9.822296668403862618e-01 1.172196376828923137e-01 -1.465757078103885058e-01 1.832844141677277605e+02 -1.217115654170760064e-01 -9.923209820417895344e-01 2.203096555633426296e-02 -3.410158890430619039e+01 -1.428676885175572397e-01 3.947942680828852441e-02 9.889540931896380060e-01 1.645051185379860570e+01
-9.822826812132461338e-01 1.176043032564754731e-01 -1.459108016703189459e-01 1.833781623116133517e+02 -1.218780634648196359e-01 -9.923297594035700442e-01 2.067332213549211151e-02 -3.483992540224576118e+01 -1.423603590701484345e-01 3.809037224301418945e-02 9.890817214506630872e-01 1.648719396850476215e+01
-9.823571549547200910e-01 1.180476109595271078e-01 -1.450488940185917786e-01 1.834577236298103458e+02 -1.219758624130339725e-01 -9.923613365541466003e-01 1.846257568880842886e-02 -3.554313380177015347e+01 -1.417614513817671562e-01 3.582930726676852168e-02 9.892522184169810773e-01 1.654758499604622202e+01
-9.820323359363578586e-01 1.189658273286324369e-01 -1.464910342082239858e-01 1.835291703686332880e+02 -1.225037370396229869e-01 -9.923495177966046299e-01 1.533847906976957588e-02 -3.627531101860148510e+01 -1.435455523055589044e-01 3.300858156390343301e-02 9.890930734548852854e-01 1.658393590656872263e+01
-9.818411960038011532e-01 1.191350115585859959e-01 -1.476303317437204499e-01 1.836134558901120215e+02 -1.225866231342725154e-01 -9.923522780313474012e-01 1.447328969277693680e-02 -3.697234923117818539e+01 -1.447770204775647718e-01 3.230797590272067865e-02 9.889367062834243383e-01 1.661074771279328033e+01
-9.820684377127368858e-01 1.189439783519984223e-01 -1.462665842298372654e-01 1.837025455698264125e+02 -1.225812952381871296e-01 -9.923282251237537377e-01 1.607854721265626619e-02 -3.771263234485347482e+01 -1.432320135521146509e-01 3.371978108678266861e-02 9.891145366727082111e-01 1.665064522877483455e+01
-9.820136762247542173e-01 1.197127848198212968e-01 -1.460068109994405727e-01 1.837893291032562786e+02 -1.231534845907912151e-01 -9.922783802951018473e-01 1.472532621283948601e-02 -3.842169794925246862e+01 -1.431165921222586346e-01 3.244171927644941278e-02 9.891739866725666186e-01 1.669690928098265559e+01
-9.819421362916334051e-01 1.204463999489599479e-01 -1.458845629748337092e-01 1.838757692229769418e+02 -1.236111432348325767e-01 -9.922482713579299229e-01 1.279270320837985059e-02 -3.917161327320518893e+01 -1.432128703825209515e-01 3.059465192701446568e-02 9.892189045050969742e-01 1.673548036488807611e+01
-9.817937474277942389e-01 1.211272080015163150e-01 -1.463189563708204299e-01 1.839593378392960119e+02 -1.238016226034976547e-01 -9.922636132315052482e-01 9.277936058130093269e-03 -3.988351632698753946e+01 -1.440631658420353789e-01 2.722354382726495381e-02 9.891939561628221300e-01 1.675695782985176407e+01
-9.818684136047592936e-01 1.212145287549114825e-01 -1.457444900639404406e-01 1.840435514476656920e+02 -1.238662302128158144e-01 -9.922560439391763243e-01 9.224981248824815072e-03 -4.060273125790978810e+01 -1.434976493819289101e-01 2.711053826282676382e-02 9.892792544761872531e-01 1.678014455909817926e+01
-9.818885239630177342e-01 1.217050749762656620e-01 -1.451991778032767355e-01 1.841328110858451907e+02 -1.244525694145360434e-01 -9.921755976995927373e-01 9.956972209253428518e-03 -4.131318098035175268e+01 -1.428512669731917817e-01 2.784704750018050096e-02 9.893523424289633050e-01 1.681392533295160163e+01
-9.820982976582306456e-01 1.217867590252137977e-01 -1.437042764253730898e-01 1.842313745290383054e+02 -1.246070852035943421e-01 -9.921478443059119634e-01 1.075775795397073027e-02 -4.203973604728008695e+01 -1.412657355973829798e-01 2.847174678987128560e-02 9.895622019766436850e-01 1.684702697509325375e+01
-9.820222884473228664e-01 1.220770305951480728e-01 -1.439771634452995941e-01 1.843195945691627742e+02 -1.248403892653648373e-01 -9.921235470922002975e-01 1.028321512285742569e-02 -4.274062145306299954e+01 -1.415877897304545496e-01 2.807251157737882669e-02 9.895275801578157227e-01 1.689757206292869895e+01
-9.820800180044093608e-01 1.222841654172127646e-01 -1.434064891302874178e-01 1.844039273750383643e+02 -1.251223565055017695e-01 -9.920813495332885257e-01 1.090833675312813736e-02 -4.346468775608127544e+01 -1.409369864122602123e-01 2.865621741307242468e-02 9.896037525518004419e-01 1.692330944692650263e+01
-9.820910344922941793e-01 1.223637864634322253e-01 -1.432630578069163385e-01 1.844780442331323798e+02 -1.254098097460793759e-01 -9.920276052235439401e-01 1.239395392494124608e-02 -4.416887614191695377e+01 -1.406043370216881749e-01 3.013858385480231578e-02 9.896070362390915198e-01 1.694206357878357849e+01
-9.822351252473047190e-01 1.215809749962081382e-01 -1.429413349923067678e-01 1.845706228971597795e+02 -1.250310691041268685e-01 -9.920337157084218038e-01 1.537330987200896844e-02 -4.487618808441271767e+01 -1.399335216775826618e-01 3.297231288085761269e-02 9.896117602849090478e-01 1.697428747694023699e+01
-9.821457962782806916e-01 1.219254470945871083e-01 -1.432613702422505519e-01 1.846615530047641869e+02 -1.257917196399774840e-01 -9.918894718206141548e-01 1.821315352816705452e-02 -4.557411543665252651e+01 -1.398787979749592236e-01 3.590906629541240624e-02 9.895172867792013660e-01 1.701043941633072265e+01
-9.822033335145941013e-01 1.218514259858459597e-01 -1.429294987678720597e-01 1.847474927153213002e+02 -1.258900034533886325e-01 -9.918520046053356243e-01 1.952710912766086188e-02 -4.628883803752714954e+01 -1.393855037775630079e-01 3.717298677257026979e-02 9.895402217146512802e-01 1.705663277022133428e+01
-9.822451412919130931e-01 1.224872034039903995e-01 -1.420963314470131134e-01 1.848337279630560772e+02 -1.262673254987788929e-01 -9.918354005191838407e-01 1.786339240837483272e-02 -4.699478407337120700e+01 -1.387481348336450648e-01 3.548835413511940151e-02 9.896916347029336425e-01 1.708743174476466109e+01
-9.823320849980621272e-01 1.234624057598994740e-01 -1.406439090303565342e-01 1.849280171004651834e+02 -1.267760202330241448e-01 -9.918207344879055309e-01 1.481456491931033154e-02 -4.770777577994090990e+01 -1.376645033305140264e-01 3.238309750240933593e-02 9.899494025044474066e-01 1.711396281668525532e+01
-9.824710886821732547e-01 1.249018107738140287e-01 -1.383838775619782024e-01 1.850132748783803720e+02 -1.278899051382706709e-01 -9.917047300157173506e-01 1.288024177483320688e-02 -4.840639301348405610e+01 -1.356271804152484328e-01 3.035236613307743664e-02 9.902949064812629487e-01 1.715867460405677392e+01
-9.824282173556182496e-01 1.269680403104783140e-01 -1.367988102403653317e-01 1.850894682119281924e+02 -1.297170243079352470e-01 -9.914862653143323712e-01 1.133487087409589845e-02 -4.910965619371660296e+01 -1.341949751226075294e-01 2.888083158004024070e-02 9.905340005366237710e-01 1.723459120743426709e+01
-9.822834913134885770e-01 1.291543647538107853e-01 -1.357876752802869014e-01 1.851697474697671453e+02 -1.320338010099285919e-01 -9.911679108265911697e-01 1.237933514056506826e-02 -4.976979791619128690e+01 -1.329895412574072511e-01 3.008857943957219880e-02 9.906606176201075975e-01 1.727512003268905616e+01
-9.823286997720950264e-01 1.310875891233503621e-01 -1.335903049696827438e-01 1.852820960475278298e+02 -1.341864863265412600e-01 -9.908511114319313862e-01 1.442434960209525684e-02 -5.046758033680727351e+01 -1.304772489417297676e-01 3.209546622085717588e-02 9.909316669461439853e-01 1.732682121368625516e+01
-9.825918066046726018e-01 1.334168592140042575e-01 -1.292798641352819466e-01 1.853772740452347421e+02 -1.365722475536615410e-01 -9.905038280673557072e-01 1.581732537619633810e-02 -5.114616425400237887e+01 -1.259419024451662594e-01 3.319801592543813323e-02 9.914819861939533352e-01 1.732367637058918675e+01
-9.824967830467166152e-01 1.357158670353411367e-01 -1.275980984877843061e-01 1.854827098687489979e+02 -1.387407926744500253e-01 -9.902138529505570830e-01 1.508369559748757270e-02 -5.182659842840894981e+01 -1.243023079066433723e-01 3.252274372893520366e-02 9.917112520232005402e-01 1.734747984093923989e+01
-9.819609492847178878e-01 1.387561371838193780e-01 -1.284501011042078478e-01 1.855495538242481075e+02 -1.414742961871907900e-01 -9.898662578639636500e-01 1.223989627131296179e-02 -5.251089105998840978e+01 -1.254500601761319722e-01 3.019148781061625417e-02 9.916404370867427653e-01 1.739590269548659407e+01
-9.815356701350894664e-01 1.411478068458263402e-01 -1.290930860854877515e-01 1.856556818689917350e+02 -1.434089230494688394e-01 -9.896283468690862950e-01 8.343612104573702379e-03 -5.319193046068521369e+01 -1.265764948252769972e-01 2.670265334706215660e-02 9.915973775993829342e-01 1.741834621963256069e+01
-9.809359551099330332e-01 1.441453544114278118e-01 -1.303332987926267283e-01 1.857434481253656884e+02 -1.458546693284477336e-01 -9.892994219005026846e-01 3.615143485513878582e-03 -5.387421778670006489e+01 -1.284175510109635265e-01 2.255594442570635350e-02 9.914636463145842793e-01 1.749637970403439624e+01
-9.804506802663990328e-01 1.470856308035094206e-01 -1.306991996008007861e-01 1.858348194409468874e+02 -1.485008499093860845e-01 -9.889116742415531291e-01 1.094588945146478948e-03 -5.454322176921530030e+01 -1.290889659937913825e-01 2.048213269907635595e-02 9.914214649172929938e-01 1.752959998186107171e+01
-9.796130535945604123e-01 1.498807081215970671e-01 -1.337686008004471128e-01 1.859212241298878610e+02 -1.510592297969197417e-01 -9.885237868720977428e-01 -1.353470062079890554e-03 -5.520840267552794245e+01 -1.324363028791658015e-01 1.888110486746426286e-02 9.910116697388995366e-01 1.756214119334438450e+01
-9.787393513864677264e-01 1.527693357458490553e-01 -1.368605571498553997e-01 1.860098844068373865e+02 -1.537173806717203606e-01 -9.881080103780681689e-01 -3.677867061380908631e-03 -5.586202597348744092e+01 -1.357948781325061804e-01 1.743817314020645534e-02 9.905834953150137734e-01 1.757136355221084756e+01
-9.783708501762304888e-01 1.546384628985890131e-01 -1.373951429920396428e-01 1.861102669635777431e+02 -1.558541857930202390e-01 -9.877781856596123955e-01 -1.930985706922089956e-03 -5.650659069792489930e+01 -1.360145297247173923e-01 1.952438801518040917e-02 9.905144350166718015e-01 1.757279181912414145e+01
-9.782237607457091588e-01 1.560268037732864266e-01 -1.368718759161792753e-01 1.862232573438052441e+02 -1.573548339518253125e-01 -9.875414820139536420e-01 -1.130280353541552804e-03 -5.716904276374778959e+01 -1.353430092192244860e-01 2.043178420932682121e-02 9.905881142278603058e-01 1.759704808230479145e+01
-9.778757926373364828e-01 1.579627044343404618e-01 -1.371375885076383805e-01 1.863191906672887797e+02 -1.592036630931939478e-01 -9.872438517808763692e-01 -1.941849265076232497e-03 -5.781791892449151504e+01 -1.356949808637370192e-01 1.993391904891447797e-02 9.905501052646157323e-01 1.762717368903649628e+01
-9.776952195849326621e-01 1.596830367972312814e-01 -1.364308812548860883e-01 1.864179538919015044e+02 -1.608950868378287158e-01 -9.869691322341882511e-01 -2.168651272454968915e-03 -5.845512498178999294e+01 -1.349993653030202301e-01 1.983077850484038507e-02 9.906472185352733772e-01 1.766194180070218422e+01
-9.775570515535816352e-01 1.608066173160007106e-01 -1.361008551966276792e-01 1.865207494166351694e+02 -1.619519811725493308e-01 -9.867949784907721344e-01 -2.688162882515927540e-03 -5.908658237272410219e+01 -1.347359148562636832e-01 1.941397055684405959e-02 9.906913399213014282e-01 1.767629884126232653e+01
-9.774243252943441984e-01 1.621096160013450749e-01 -1.355070504541834309e-01 1.866306012030509578e+02 -1.631696989536183529e-01 -9.865924269856529705e-01 -3.321499351871665812e-03 -5.973307412206659706e+01 -1.342286767657407953e-01 1.886413036573311719e-02 9.907708145273874667e-01 1.769508346914245678e+01
-9.773200175883618446e-01 1.629492778789198570e-01 -1.352520464163963765e-01 1.867213700552372870e+02 -1.639948621251986205e-01 -9.864551580745608561e-01 -3.450551351722305413e-03 -6.037362257228539875e+01 -1.339823436786413691e-01 1.880834779645309401e-02 9.908052167987136949e-01 1.772686116857785166e+01
-9.771615571577874082e-01 1.640165278585267450e-01 -1.351068828824109891e-01 1.868244621951180306e+02 -1.651001344534044624e-01 -9.862715465673570492e-01 -3.222116556173614671e-03 -6.100942544742118656e+01 -1.337805547022292985e-01 1.915763609809192566e-02 9.908257910262009416e-01 1.775116400866243893e+01
-9.771320044823328388e-01 1.648427828479257784e-01 -1.343127051298207975e-01 1.869480755607817741e+02 -1.658951554729382327e-01 -9.861375468209003792e-01 -3.396489462129581929e-03 -6.164117831980313866e+01 -1.330106883184515310e-01 1.896300854316872869e-02 9.909331769095449660e-01 1.776882113037684263e+01
-9.771592525234573667e-01 1.661153374787897874e-01 -1.325348628177005772e-01 1.870526980719734240e+02 -1.669854074589049719e-01 -9.859486296421557938e-01 -4.601456567147300773e-03 -6.226743276110450154e+01 -1.314369388854686183e-01 1.763503221045099184e-02 9.911676632817244537e-01 1.780451296861429356e+01
-9.770782452193365053e-01 1.678882000509554495e-01 -1.308879482716125697e-01 1.871588226892287423e+02 -1.686098104147623622e-01 -9.856667993842371800e-01 -5.629602431048128658e-03 -6.289079689564621134e+01 -1.299570488700011184e-01 1.656843007904280213e-02 9.913811842947777286e-01 1.785463325773971377e+01
-9.769008637921521299e-01 1.690490634544583315e-01 -1.307176976056351747e-01 1.872509507788764154e+02 -1.697386825396820231e-01 -9.854712665457951992e-01 -5.929794458488823680e-03 -6.351037961110213814e+01 -1.298209612190605045e-01 1.639502844759341271e-02 9.914018968462596781e-01 1.787434511413524874e+01
-9.767186611528422269e-01 1.694592232473942917e-01 -1.315455381690705250e-01 1.873375068542706572e+02 -1.701185714144713701e-01 -9.854035102604870033e-01 -6.292346637841452275e-03 -6.411556766164605392e+01 -1.306917312445588786e-01 1.623248664564800464e-02 9.912901582087854102e-01 1.789626367696909170e+01
-9.766498448553457834e-01 1.700782380442417419e-01 -1.312572797516235457e-01 1.874555883215264487e+02 -1.708174539057886465e-01 -9.852862611226937961e-01 -5.690437945127040445e-03 -6.474330511583598025e+01 -1.302938140710198645e-01 1.686346899750485601e-02 9.913320056510819267e-01 1.791218774819649795e+01
-9.765539818186483867e-01 1.706876203161440675e-01 -1.311794833994857357e-01 1.875598790535896114e+02 -1.714896496607535570e-01 -9.851719708782962215e-01 -5.242886133295504396e-03 -6.535524804532515475e+01 -1.301292459571487259e-01 1.737596232116494360e-02 9.913447711467677781e-01 1.792519346950737358e+01
-9.763507541673082102e-01 1.716968281025373078e-01 -1.313750511187603276e-01 1.876647866411379653e+02 -1.725820306273757321e-01 -9.849839150685171241e-01 -4.704227973703521519e-03 -6.594701167744818804e+01 -1.302100132150391942e-01 1.807999656595056515e-02 9.913215755660291784e-01 1.795145005265037241e+01
-9.761170005007000494e-01 1.729100743190650769e-01 -1.315207494370795871e-01 1.877657228163238017e+02 -1.738376502630719633e-01 -9.847641160687927719e-01 -4.484089011414756423e-03 -6.655535935309943341e+01 -1.302922587283279476e-01 1.848626252717984475e-02 9.913032762042334189e-01 1.797733628961747598e+01
-9.759798773863741506e-01 1.739646238409235934e-01 -1.311472019860285554e-01 1.878680893214464902e+02 -1.749007194686264532e-01 -9.845760795754341377e-01 -4.436423923058744993e-03 -6.715225108768206042e+01 -1.298961787976653792e-01 1.860787950719281977e-02 9.913529792934556717e-01 1.799594667672732129e+01
-9.756158448630887214e-01 1.755115963082289066e-01 -1.317930302156340161e-01 1.879622515435493995e+02 -1.765082452013649605e-01 -9.842903107869152013e-01 -4.174142658403436415e-03 -6.777093632669307510e+01 -1.304552131116903657e-01 1.919019677687470310e-02 9.912684670257841946e-01 1.801693712741783315e+01
-9.753959795418623013e-01 1.761147828809432880e-01 -1.326132208505989840e-01 1.880631608482796082e+02 -1.771986075508513725e-01 -9.841682401698923499e-01 -3.678114046211697352e-03 -6.835594476430672728e+01 -1.311614904444551588e-01 1.991126042458831943e-02 9.911610389501260832e-01 1.803372670594155380e+01
-9.752802027241136429e-01 1.767740030573135834e-01 -1.325876239228440390e-01 1.881790838686719667e+02 -1.778939149483863835e-01 -9.840436367056919487e-01 -3.446169376708886969e-03 -6.895919492010625618e+01 -1.310812007831363701e-01 2.022555072500077655e-02 9.911652969606641328e-01 1.805300028334900730e+01
-9.752031989070946150e-01 1.778349243542249880e-01 -1.317325340274615453e-01 1.882933102339554239e+02 -1.789691463600657784e-01 -9.838492347566070162e-01 -3.275350361097731366e-03 -6.954713226786847713e+01 -1.301874244791661472e-01 2.038192701305909654e-02 9.912798855816230548e-01 1.806126060700185576e+01
-9.751185390354246696e-01 1.785723459540290159e-01 -1.313611513724430579e-01 1.884088856068724454e+02 -1.797273278205710201e-01 -9.837115582426236848e-01 -3.107702422501341585e-03 -7.014594008956396465e+01 -1.297764326212441921e-01 2.057881046961636262e-02 9.913297080667760053e-01 1.808983307672684404e+01
-9.746978792511244993e-01 1.803274116204286737e-01 -1.320835674928420855e-01 1.885114459475021249e+02 -1.814981081625649251e-01 -9.833860139915784337e-01 -3.222455455799095453e-03 -7.075579520966623193e+01 -1.304702300019800199e-01 2.083199712056470546e-02 9.912333463817686319e-01 1.813848736771275227e+01
-9.743871683033138442e-01 1.813840833523104046e-01 -1.329265231332394381e-01 1.885971712038161741e+02 -1.826290760465717200e-01 -9.831777000070318628e-01 -2.868935561915350596e-03 -7.135355431406186710e+01 -1.312107725311646989e-01 2.148079410368738604e-02 9.911217426010034970e-01 1.818088553803727692e+01
-9.742860202707530615e-01 1.815301649891165325e-01 -1.334674113932017570e-01 1.887211630011774162e+02 -1.828097454018439427e-01 -9.831445794908917346e-01 -2.707915026539886583e-03 -7.197690823666447102e+01 -1.317093303114514613e-01 2.176085974179546231e-02 9.910495029473587181e-01 1.819407722858164433e+01
-9.743572431194518213e-01 1.815489398714920377e-01 -1.329208230948024094e-01 1.888334948806453610e+02 -1.828563505563168545e-01 -9.831366938095091879e-01 -2.407560286584179560e-03 -7.257669959150776151e+01 -1.311164285735686996e-01 2.195959282057732137e-02 9.911237351820744168e-01 1.820314386060261569e+01
-9.743329585942455129e-01 1.814205564021217632e-01 -1.332736564806780155e-01 1.889281144067765581e+02 -1.827229324686915068e-01 -9.831612779444287575e-01 -2.496297402261872869e-03 -7.318856829954054888e+01 -1.314823780855336466e-01 2.191992849949757349e-02 9.910761327907910978e-01 1.822065280259053921e+01
-9.743831436493677334e-01 1.814024972758147558e-01 -1.329308969129213702e-01 1.890539382730648299e+02 -1.824853776006823414e-01 -9.832000422949882523e-01 -4.094361130801258200e-03 -7.382783858400603094e+01 -1.314403908009714184e-01 2.026846844808592729e-02 9.911168512606658432e-01 1.826390571923119310e+01
-9.745536768330445021e-01 1.810817166201387496e-01 -1.321156420606505455e-01 1.891619011960341936e+02 -1.820575994368767436e-01 -9.832763608714272241e-01 -4.756956876512181964e-03 -7.443802327264430119e+01 -1.307675856566753170e-01 1.941674682708251914e-02 9.912228954600358355e-01 1.828023757376057290e+01
-9.744413516439154321e-01 1.814670262158867287e-01 -1.324151449145543891e-01 1.892859924184298563e+02 -1.823892452885710891e-01 -9.832124752936248768e-01 -5.233701371799087503e-03 -7.505580520520112486e+01 -1.311419666218454350e-01 1.905116330690583004e-02 9.911805273345559719e-01 1.830908184037967246e+01
-9.744571456091588590e-01 1.814680139112897495e-01 -1.322975105523273576e-01 1.893873735777467857e+02 -1.824009743901461866e-01 -9.832108185345835860e-01 -5.135256379178582999e-03 -7.566648995004308631e+01 -1.310082284162962796e-01 1.912710756090956962e-02 9.911967503193183093e-01 1.833822876336671470e+01
-9.746306533329041066e-01 1.807517721216332640e-01 -1.319995699188654115e-01 1.895217418823979472e+02 -1.816799643372130346e-01 -9.833445962983236033e-01 -5.078926000209724699e-03 -7.626260233497603735e+01 -1.307190886684316267e-01 1.903160018957305091e-02 9.912367618545626646e-01 1.836124298582842229e+01
-9.747772845278444009e-01 1.801910793228449770e-01 -1.316830304215028946e-01 1.896301205430828816e+02 -1.810936991285082842e-01 -9.834521585306956748e-01 -5.188835829877063051e-03 -7.686066718846575441e+01 -1.304389424385048180e-01 1.878900779137350138e-02 9.912782936601306494e-01 1.838505976330649361e+01
-9.748282751737422647e-01 1.801827661769594968e-01 -1.313164296446054924e-01 1.897472884167664802e+02 -1.812126109348742853e-01 -9.834351252118396225e-01 -4.164629364048023051e-03 -7.746790767112543108e+01 -1.298915838688302626e-01 1.973639461485183350e-02 9.913317563599248761e-01 1.838632953833396755e+01
-9.750562113894671867e-01 1.799977387845902443e-01 -1.298699297884347847e-01 1.898595222289542335e+02 -1.809866365357089557e-01 -9.834763910954227306e-01 -4.245651117797140557e-03 -7.807221289410863108e+01 -1.284882174610175454e-01 1.936497328573675430e-02 9.915219492191451600e-01 1.840206908249576045e+01
-9.752271894567494659e-01 1.795293601961983898e-01 -1.292328819296128528e-01 1.899726312397496031e+02 -1.804892156597961150e-01 -9.835673760394050280e-01 -4.342789595589252073e-03 -7.868720549905191319e+01 -1.278889048150823604e-01 1.908993500522233877e-02 9.916047611859752919e-01 1.843522492249864797e+01
-9.753077167616666099e-01 1.795223138598535384e-01 -1.286335743558016109e-01 1.900703323148736388e+02 -1.804746136344078378e-01 -9.835701961751057709e-01 -4.310803820105773426e-03 -7.927988802057218720e+01 -1.272940354402221363e-01 1.901073440108133616e-02 9.916828225389784368e-01 1.848101525354300989e+01
-9.753665143077676625e-01 1.791174409056784378e-01 -1.287521072857335247e-01 1.901929876878150480e+02 -1.800924360342227026e-01 -9.836410406300579723e-01 -4.125248050358762061e-03 -7.985641972749847639e+01 -1.273847606677331601e-01 1.916365183409399903e-02 9.916682293983235530e-01 1.851245470424687767e+01
-9.753289986238860010e-01 1.793199904553744173e-01 -1.287543609607582629e-01 1.902858483492550192e+02 -1.802908840963872994e-01 -9.836044940619534938e-01 -4.170895931610943755e-03 -8.046464350592405879e+01 -1.273912930897235785e-01 1.914524181653793483e-02 9.916677458507534570e-01 1.854062293967363928e+01
-9.754393573795061556e-01 1.785443252047451690e-01 -1.289960620028286764e-01 1.903850690387617703e+02 -1.796833774162079345e-01 -9.837203716719253865e-01 -2.848550149320127484e-03 -8.105950710124139391e+01 -1.274046465218595936e-01 2.039986016694270154e-02 9.916410145560787814e-01 1.854561540764148120e+01
-9.754586491413224092e-01 1.782368691942119721e-01 -1.292750643984820758e-01 1.904906736243094372e+02 -1.795125956700114045e-01 -9.837540079636912793e-01 -1.811024900074996793e-03 -8.164851226913708615e+01 -1.274976541399931440e-01 2.143992246299093740e-02 9.916071187287733846e-01 1.857927031060048506e+01
-9.757049048062829133e-01 1.770027459121241709e-01 -1.291122251242358965e-01 1.906063963534238326e+02 -1.783686074582856440e-01 -9.839632312989052831e-01 -9.996625480876257519e-04 -8.222824406002935405e+01 -1.272186252494318104e-01 2.205419214993038432e-02 9.916294842320182434e-01 1.857787116509207692e+01
-9.760163966876553854e-01 1.757240330673580098e-01 -1.285031423716447574e-01 1.907538840263954398e+02 -1.770938764900590323e-01 -9.841936567139584202e-01 -7.778134290479590818e-04 -8.280606347405027634e+01 -1.266086581027097424e-01 2.199796096343387478e-02 9.917087966771709340e-01 1.857792786293286369e+01
-9.761942209283305250e-01 1.750494888490964351e-01 -1.280723212868437044e-01 1.908498823662696111e+02 -1.763630990395479436e-01 -9.843245640525137841e-01 -1.099954542630947329e-03 -8.338544547162616993e+01 -1.262572782983106823e-01 2.151346221553622137e-02 9.917642212845770855e-01 1.860924506288147739e+01
-9.762911533702713918e-01 1.743723926818965542e-01 -1.282569784508281463e-01 1.909221272225537405e+02 -1.756541119029945419e-01 -9.844510370797165955e-01 -1.337372140145436789e-03 -8.398818332206207060e+01 -1.264959162286118655e-01 2.122320105595386364e-02 9.917400662040546377e-01 1.865250669256009530e+01
-9.763585933628260438e-01 1.735003955896738670e-01 -1.289244348321540445e-01 1.910132754203598324e+02 -1.746957090528928058e-01 -9.846203029416948915e-01 -2.065980036688874408e-03 -8.457250979256504309e+01 -1.273000644346681809e-01 2.050540819470939025e-02 9.916522686051283397e-01 1.867766592385267543e+01
-9.766370398567387756e-01 1.717444922895708936e-01 -1.291662562284149052e-01 1.910996781775330078e+02 -1.729157949483910439e-01 -9.849342075663931606e-01 -2.175918869650990753e-03 -8.514908874460680011e+01 -1.275939663041830430e-01 2.020980291241956939e-02 9.916205643435437311e-01 1.868557727086739462e+01
-9.770628928376532407e-01 1.693845548523204014e-01 -1.290619076923889275e-01 1.912202067896179472e+02 -1.702999707265676066e-01 -9.853841851255793483e-01 -3.990949126310740225e-03 -8.573922679143872472e+01 -1.278515678834157565e-01 1.807983080340772389e-02 9.916285072081543195e-01 1.870831311290159604e+01
-9.774404259285660590e-01 1.680284558955109364e-01 -1.279712927572208558e-01 1.913633665405568252e+02 -1.686485584520845682e-01 -9.856576608431870667e-01 -6.053044950380248937e-03 -8.633053483185254606e+01 -1.271529688706394823e-01 1.566568321229055982e-02 9.917594007000257728e-01 1.874316459604187912e+01
-9.775394401967789637e-01 1.673132185577239084e-01 -1.281519791326806434e-01 1.914364767142151891e+02 -1.675969226633047815e-01 -9.858177086338739681e-01 -8.643891348702970046e-03 -8.690148142097294226e+01 -1.277807277078900350e-01 1.302813262571644176e-02 9.917168715851963912e-01 1.875030720310952503e+01
-9.776255541683607220e-01 1.662290030348789749e-01 -1.289038183570838381e-01 1.914861561812076616e+02 -1.665657864650498254e-01 -9.859959145926153745e-01 -8.239853515189358296e-03 -8.744817020248756023e+01 -1.284683409104565854e-01 1.341547452394248330e-02 9.916228670351506791e-01 1.878644495583018070e+01
-9.776554997979789441e-01 1.645987825302666352e-01 -1.307553612832674794e-01 1.915179119707857751e+02 -1.649548538235686979e-01 -9.862672107095884488e-01 -8.178342079755622149e-03 -8.800695398803435410e+01 -1.303058706076165585e-01 1.357313039362697572e-02 9.913809309324588259e-01 1.879271592450498929e+01
-9.778576451504796818e-01 1.626134137544398839e-01 -1.317243466026173371e-01 1.915889991215029511e+02 -1.629450213995678465e-01 -9.865999794604456419e-01 -8.330698034569698762e-03 -8.854100371502536859e+01 -1.313139208989416162e-01 1.331758971346352211e-02 9.912513788047764285e-01 1.883123219799595560e+01
-9.783235958152431966e-01 1.598763915563131410e-01 -1.316148976904438495e-01 1.916922967517460279e+02 -1.602929494841926206e-01 -9.870410456530529508e-01 -7.492966154130126406e-03 -8.908517449333199067e+01 -1.311072546306711051e-01 1.376639455563099038e-02 9.912726033559825511e-01 1.884372109772235149e+01
-9.789375724218845054e-01 1.570104423274125138e-01 -1.304950202149405825e-01 1.918070574005025435e+02 -1.574620384314249222e-01 -9.875008266147211611e-01 -6.915481780958760566e-03 -8.963361241781839794e+01 -1.299497431846940998e-01 1.377818694141500627e-02 9.914248462747136115e-01 1.885658959878533736e+01
-9.791879629396214035e-01 1.557165519054519720e-01 -1.301663885065248993e-01 1.918926801754582527e+02 -1.560360676685891290e-01 -9.877205302470120074e-01 -7.803826951254512478e-03 -9.016605830072131766e+01 -1.297831993005195139e-01 1.266923798964775943e-02 9.914614523964526693e-01 1.889323175984907976e+01
-9.794663474565288297e-01 1.544911269316422975e-01 -1.295305597129830510e-01 1.919884329156452054e+02 -1.546278529059009199e-01 -9.879312242825073476e-01 -9.062184801597801195e-03 -9.070461509863832816e+01 -1.293673115817073338e-01 1.115292728652108982e-02 9.915340190366960238e-01 1.886992713301305002e+01
-9.796326031338051799e-01 1.526379160304925098e-01 -1.304669669577451507e-01 1.920525629315038145e+02 -1.527445384286768293e-01 -9.882224258676841622e-01 -9.248945475031796620e-03 -9.123353706954189590e+01 -1.303421223453703759e-01 1.086754811620218794e-02 9.914095155587556718e-01 1.886966584809371739e+01
-9.800555279929865637e-01 1.502098077988755775e-01 -1.301083229136930919e-01 1.921388452489133840e+02 -1.503129643357789258e-01 -9.885967317188502079e-01 -9.083765045348047087e-03 -9.173593327967796540e+01 -1.299891334034496138e-01 1.065437355423114359e-02 9.914581733594146629e-01 1.888148426299206051e+01
-9.805930083484033499e-01 1.469178087623729534e-01 -1.298172155251083315e-01 1.922263639980282903e+02 -1.469932484990474630e-01 -9.890960633869738672e-01 -9.053302606776897007e-03 -9.221415026355380462e+01 -1.297317882167932646e-01 1.020464898246885126e-02 9.914966103145373966e-01 1.888690231140981624e+01
-9.811008460273857867e-01 1.438322827898860790e-01 -1.294349425456620406e-01 1.922838247554551288e+02 -1.439147295104494795e-01 -9.895512707992797363e-01 -8.765448617466694431e-03 -9.268127257713466349e+01 -1.293432663662192617e-01 1.002780569125336432e-02 9.915491730412242521e-01 1.894024829373950780e+01
-9.817284028636128479e-01 1.400327319304852103e-01 -1.288416741545442834e-01 1.923715101137311763e+02 -1.404048299862563076e-01 -9.900745417763934242e-01 -6.235819336400674762e-03 -9.313027781298823982e+01 -1.284360803177648780e-01 1.196811239714275568e-02 9.916455705332717363e-01 1.896482001067529666e+01
-9.823764801116319223e-01 1.352764399775982507e-01 -1.289834722376030363e-01 1.924169192114233908e+02 -1.361156771966962054e-01 -9.906902166079545324e-01 -2.327474719436910602e-03 -9.355810496543971055e+01 -1.280975165441002872e-01 1.527021624837335799e-02 9.916440121086608217e-01 1.899093638075665069e+01
-9.829805188892299928e-01 1.307726858932570235e-01 -1.290263698184402896e-01 1.924732098542274059e+02 -1.317901028383043904e-01 -9.912774262251140556e-01 -6.580656378317138733e-04 -9.398650350689833033e+01 -1.279869847997464616e-01 1.635753284508634567e-02 9.916409445162555070e-01 1.897291124454326905e+01
-9.835827060030588598e-01 1.258545792639778893e-01 -1.293278211754440576e-01 1.925145637056603789e+02 -1.269051098732949245e-01 -9.919148547082039524e-01 -1.187318402200900763e-04 -9.439829869784541927e+01 -1.282971298967652829e-01 1.629557877125116516e-02 9.916018861280783137e-01 1.899759018585392667e+01
-9.843035495850451788e-01 1.197734168857819415e-01 -1.296180962743442022e-01 1.925731305980657169e+02 -1.209384083322086745e-01 -9.926593748065246636e-01 1.125610408351095104e-03 -9.481733998322175694e+01 -1.285318002066120624e-01 1.678374857486003222e-02 9.915633525496105882e-01 1.900537837090428539e+01
-9.850789232734968870e-01 1.133476415260165487e-01 -1.295060889796993409e-01 1.926171426041872508e+02 -1.145645196244149261e-01 -9.934138739432236687e-01 1.961096719675907256e-03 -9.523374158220067898e+01 -1.284308598645793054e-01 1.676863791744951857e-02 9.915766874109325224e-01 1.902261189598169011e+01
-9.859137557600206048e-01 1.057983592230722358e-01 -1.295406244730875900e-01 1.926613227663384293e+02 -1.069580314334694915e-01 -9.942615079470800143e-01 2.008314386855624550e-03 -9.564578677491677183e+01 -1.285847802620850022e-01 1.583543496419547586e-02 9.915720817391169284e-01 1.903894513920122833e+01
-9.866196718780291253e-01 9.867657893153164439e-02 -1.297865780181442497e-01 1.926851700570607875e+02 -9.967994323579199012e-02 -9.950187773744747499e-01 1.241607311248006142e-03 -9.606551316917719419e+01 -1.290175646173803981e-01 1.416211292764117322e-02 9.915411754322787097e-01 1.907758874284744266e+01
-9.872902664398417460e-01 9.147729312138520863e-02 -1.299608965663518745e-01 1.927215896742761743e+02 -9.224267403488382866e-02 -9.957365474845920605e-01 -1.307300991995287084e-04 -9.650699474691728597e+01 -1.294187732905856814e-01 1.185887206478084335e-02 9.915191114009407336e-01 1.905963287488447833e+01
-9.880702643585097533e-01 8.205823101963366506e-02 -1.303211395454835497e-01 1.927269787780753347e+02 -8.267486290223180490e-02 -9.965763410818269108e-01 -6.807643172203805410e-04 -9.691446365466367752e+01 -1.299308267294645713e-01 1.010163936630368957e-02 9.914716017857047037e-01 1.904653367773580896e+01
-9.890110576141577514e-01 7.043593923320674854e-02 -1.299842543589871946e-01 1.927612092164243336e+02 -7.101049624561846241e-02 -9.974755451391847938e-01 -2.151098268479171779e-04 -9.732430896454889080e+01 -1.296712664389335079e-01 9.017500408794315581e-03 9.915160348408392776e-01 1.904469899558489843e+01
-9.898255525353591988e-01 5.809525290472769554e-02 -1.298857849728239089e-01 1.927950721579132107e+02 -5.861311059642503041e-02 -9.982807601910423934e-01 1.646165414064290448e-04 -9.771908555766016491e+01 -1.296529167210756228e-01 7.775951538569685073e-03 9.915289485251490564e-01 1.904734885591136617e+01
-9.905439416131938124e-01 4.435630510392335468e-02 -1.298276470206765343e-01 1.928023695273791986e+02 -4.474714160152784559e-02 -9.989983406303002411e-01 9.346870923748881385e-05 -9.809947079052098218e+01 -1.296934580150075622e-01 5.902000968692986196e-03 9.915365718583833976e-01 1.906266840101831406e+01
-9.911036283152125925e-01 2.849825610561858291e-02 -1.300055665706671415e-01 1.928025079202020606e+02 -2.872603886088265224e-02 -9.995873146045370916e-01 -1.231789515284480944e-04 -9.848943612304604756e+01 -1.299554255573219796e-01 3.612461851648141736e-03 9.915132563347732741e-01 1.907073312185789860e+01
-9.914529723479919010e-01 1.037407880230879938e-02 -1.300514594740716234e-01 1.927781545698357206e+02 -1.050400790913346392e-02 -9.999447823571128158e-01 3.131367622606278734e-04 -9.886475355229720208e+01 -1.300410298335777648e-01 1.676521932604724176e-03 9.915071960576140597e-01 1.907638441235849314e+01
-9.914408328648223190e-01 -9.549629125131714469e-03 -1.302070639861028778e-01 1.927724973756655800e+02 9.612967579090806597e-03 -9.999537842665291443e-01 1.420752341284213733e-04 -9.924249796897171905e+01 -1.302024031369313772e-01 -1.110817096213262238e-03 9.914868129747096415e-01 1.907999320637948770e+01
-9.910129659212862929e-01 -3.033415527116182023e-02 -1.302810055222234642e-01 1.927390869093321157e+02 3.062668776216901853e-02 -9.995308636863045049e-01 -2.419405501753253869e-04 -9.960011443370663642e+01 -1.302125469093327326e-01 -4.229841899676432121e-03 9.914770804536474635e-01 1.907675300846450739e+01
-9.900565577687727714e-01 -5.291738581616103887e-02 -1.303371117427126746e-01 1.927018636753761314e+02 5.343309020665569509e-02 -9.985713259318029777e-01 -4.603235475984673343e-04 -9.998898078464195294e+01 -1.301265433722736398e-01 -7.420060996018577534e-03 9.914696290884552621e-01 1.906832767113260019e+01
-9.885344122240860010e-01 -7.640491764203512226e-02 -1.302382601576636822e-01 1.926636092820644421e+02 7.713827425328796672e-02 -9.970202308940723235e-01 -5.880758078094378005e-04 -1.003344278459559149e+02 -1.298052483299731164e-01 -1.062768780332903201e-02 9.914825514137649565e-01 1.907412297691023895e+01
-9.864446912435160808e-01 -9.969955220052324762e-02 -1.303336886936714567e-01 1.926025248163301455e+02 1.005981520885296382e-01 -9.949270898651181305e-01 -3.124882394113506420e-04 -1.006675046149597961e+02 -1.296413626658435847e-01 -1.341958060230839800e-02 9.914701366872334942e-01 1.907256327472338242e+01
-9.836580821722065160e-01 -1.240551295407062854e-01 -1.304879389519765231e-01 1.925434076254470313e+02 1.251833371520716665e-01 -9.921335253643490670e-01 -4.471549833668202190e-04 -1.010182194713272708e+02 -1.294059870205661045e-01 -1.677476326947657803e-02 9.914497959253842918e-01 1.907434580623161580e+01
-9.801482361587670056e-01 -1.493620199491502987e-01 -1.303856669713670535e-01 1.924723363359619839e+02 1.506577044761775730e-01 -9.885859854186005435e-01 -7.426913353096760428e-05 -1.013661603757013552e+02 -1.288863500795462413e-01 -1.971640004273293723e-02 9.914633489607810324e-01 1.906931823361430389e+01
-9.757823596825814239e-01 -1.756306074117043314e-01 -1.303943107366617726e-01 1.924024677224475681e+02 1.771444055418696095e-01 -9.841848705756643945e-01 -1.073221363917693794e-05 -1.017000318734015281e+02 -1.283302229309641052e-01 -2.310909496623723275e-02 9.914622149191215650e-01 1.906159631769084228e+01
-9.704348864017560139e-01 -2.030726421052488073e-01 -1.304516511310009341e-01 1.923384296944026630e+02 2.048150471409769524e-01 -9.788006910126880733e-01 6.113692464909496749e-05 -1.020266241051753866e+02 -1.276985815075885045e-01 -2.665913167148743768e-02 9.914546701586876010e-01 1.904950129176117812e+01
-9.640409874336939300e-01 -2.314455957726748170e-01 -1.306059368685073552e-01 1.922364174209064629e+02 2.334364615679186961e-01 -9.723720552102348424e-01 6.824129195747742627e-05 -1.023395675838564500e+02 -1.270133574019620681e-01 -3.042240035986489011e-02 9.914343571804568045e-01 1.904703356912726875e+01
-9.565943947215278520e-01 -2.604363969125029765e-01 -1.307671485908755149e-01 1.921060026950267456e+02 2.626155928750648627e-01 -9.649003520568069092e-01 6.008157199208913335e-04 -1.026485166201246813e+02 -1.263337419941050754e-01 -3.376675530583755913e-02 9.914129270237919123e-01 1.903634095697536210e+01
-9.479754797908221953e-01 -2.902498254456747917e-01 -1.307575181169922385e-01 1.919940142218362382e+02 2.926764744307079891e-01 -9.562112774865441089e-01 6.885654378802862075e-04 -1.029294861549216620e+02 -1.252316694377717810e-01 -3.761690625644878438e-02 9.914141401722703639e-01 1.902601775419093144e+01
-9.384833751226444587e-01 -3.195377799661132112e-01 -1.309372437190355898e-01 1.918845698498306831e+02 3.221976088582531039e-01 -9.466719895462887280e-01 9.192684569099655867e-04 -1.032168808622213589e+02 -1.242483620191205951e-01 -4.132494867267894056e-02 9.913902325284257300e-01 1.902702632501268454e+01
-9.283497952750845439e-01 -3.478656287534465652e-01 -1.309815328383262811e-01 1.917586186490821945e+02 3.507145523613626747e-01 -9.364813568097218877e-01 1.403962175780176791e-03 -1.034896705453651577e+02 -1.231501537744767866e-01 -4.463376165853923799e-02 9.913838141434080375e-01 1.901944245829531965e+01
-9.175126311495509501e-01 -3.754711381180494967e-01 -1.311182524340725741e-01 1.916408232057712553e+02 3.785235013187417397e-01 -9.255899858639364819e-01 1.771162838058181616e-03 -1.037805250051491583e+02 -1.220267619435553563e-01 -4.800627572239869745e-02 9.913651531402725148e-01 1.901308168860916581e+01
-9.060911625911505229e-01 -4.022807058941365033e-01 -1.310306786196768769e-01 1.914899781137882826e+02 4.055100003292090860e-01 -9.140879119288496391e-01 2.220112285675989588e-03 -1.040789945614688889e+02 -1.206666677555265355e-01 -5.112262640819061066e-02 9.913758280096938158e-01 1.900119056094398573e+01
-8.947256033336337122e-01 -4.269791643930182512e-01 -1.309766693480378108e-01 1.913095536245769495e+02 4.304929573383234342e-01 -9.025924421984024004e-01 1.642244935578886234e-03 -1.043932312725362834e+02 -1.189197562281801845e-01 -5.491517513915310233e-02 9.913840906117398211e-01 1.897470924475638654e+01
-8.827885434237670026e-01 -4.510187929551667252e-01 -1.314018112546733175e-01 1.911290241005976895e+02 4.549649703487185781e-01 -8.905093349533839131e-01 -1.079221804950458719e-05 -1.047241413660670304e+02 -1.170096720589111766e-01 -5.979274840770257282e-02 9.913291904723270376e-01 1.896876852116677270e+01
-8.702743795456491238e-01 -4.746093096913850951e-01 -1.317896333582503632e-01 1.909373754972999393e+02 4.789393173809441406e-01 -8.778470151862027837e-01 -1.322193385860738479e-03 -1.050604583362885052e+02 -1.150636109858822476e-01 -6.426990806700463854e-02 9.912768252834061045e-01 1.894860775256369223e+01
-8.570641048053027067e-01 -4.981416515444666016e-01 -1.315143157638601346e-01 1.907364075361520861e+02 5.025983377298033350e-01 -8.645196727104313972e-01 -8.039949548990649175e-04 -1.053621874558500053e+02 -1.132962098462418216e-01 -6.678795170687709670e-02 9.913139453983668137e-01 1.892934699885089245e+01
-8.434090627210071300e-01 -5.209815663064167879e-01 -1.312987451919691573e-01 1.905482799092164328e+02 5.256010967783586452e-01 -8.507309215138845193e-01 -6.214865438709665790e-04 -1.056500996783671127e+02 -1.113761194577163188e-01 -6.953493186198113352e-02 9.913426517937630189e-01 1.890945909960310090e+01
-8.294403529184728452e-01 -5.429859596028390190e-01 -1.311295108839454493e-01 1.903353782128378668e+02 5.477560367022633603e-01 -8.366380273556597302e-01 -3.680199162250721856e-04 -1.059520560957296169e+02 -1.095081056666922237e-01 -7.213223174569102780e-02 9.913651778919201352e-01 1.888679288976804216e+01
-8.147528153284311347e-01 -5.648578315664622984e-01 -1.308185003446758476e-01 1.901242775474380835e+02 5.697711096814972453e-01 -8.218034180813089673e-01 -1.568508615754776736e-04 -1.062693938720997267e+02 -1.074184922939766251e-01 -7.466439678931058310e-02 9.914063220321813752e-01 1.885751412088091072e+01
-7.991961836617771375e-01 -5.867092594636801328e-01 -1.306051487500848596e-01 1.899016694365326146e+02 5.917513265286512558e-01 -8.061205268470716945e-01 2.524824384071838734e-04 -1.065597288554184843e+02 -1.054316251038239921e-01 -7.708398702311787531e-02 9.914344312018755767e-01 1.883367822013757475e+01
-7.828296566139849588e-01 -6.084518391648173763e-01 -1.302462596107137605e-01 1.896581365761859956e+02 6.136247820603516478e-01 -7.895975879082519633e-01 5.253673537159095353e-04 -1.068515044896963957e+02 -1.031617931552971518e-01 -7.951105952269457711e-02 9.914815358071789042e-01 1.880917722189387931e+01
-7.653075217592451018e-01 -6.303689977885916784e-01 -1.301511573737617611e-01 1.893964768030082269e+02 6.356717287817029716e-01 -7.719587972688064514e-01 1.033705460625380934e-03 -1.071470605087287140e+02 -1.011229467846152391e-01 -8.194230864641841028e-02 9.914936246327007430e-01 1.878123143165746001e+01
-7.461333423045408697e-01 -6.530154592392871660e-01 -1.298300639141707624e-01 1.891035641375661100e+02 6.584681250761847959e-01 -7.526076143454123457e-01 1.227635108929675534e-03 -1.074363434044820735e+02 -9.851275937719247699e-02 -8.457297927712917329e-02 9.915354998264467312e-01 1.875493166140189771e+01
-7.252265632788681415e-01 -6.762055868791170266e-01 -1.295856326457177632e-01 1.888062197049070505e+02 6.818200295630953978e-01 -7.315185942887734161e-01 1.411912305023847736e-03 -1.077430431830670585e+02 -9.574904282185732474e-02 -8.733012357283209681e-02 9.915672293472853616e-01 1.871609886977168813e+01
-7.021628971868980607e-01 -7.001645577956530087e-01 -1.293710084250672410e-01 1.884969636699610191e+02 7.059631364340386295e-01 -7.082470823193547371e-01 1.456153266576040717e-03 -1.080398917172925621e+02 -9.264618616174147281e-02 -9.030870607498772684e-02 9.915951904868969269e-01 1.867598192026284565e+01
-6.778636314723702760e-01 -7.237808930604743285e-01 -1.290043253835831960e-01 1.881863057651758027e+02 7.297296904193260048e-01 -6.837336989172051460e-01 1.675674643781148443e-03 -1.083276636869855309e+02 -8.941742586099070411e-02 -9.300240752571647951e-02 9.916426151324956306e-01 1.864135088857012335e+01
-6.520179988709997598e-01 -7.472510057931205374e-01 -1.284074121280666947e-01 1.878616415348761848e+02 7.533384154399971333e-01 -6.576307179859364194e-01 1.752308094037091646e-03 -1.086193098603553295e+02 -8.575407261822516614e-02 -9.559169996642891132e-02 9.917199533774221365e-01 1.860567220851883619e+01
-6.241899450485197676e-01 -7.707032963185084240e-01 -1.280755306220173750e-01 1.875088163880816978e+02 7.769323641508681932e-01 -6.295806317235841387e-01 2.080791550219715513e-03 -1.089022010287280438e+02 -8.223754638404896788e-02 -9.820721563265179255e-02 9.917622339867622205e-01 1.855957789511094091e+01
-5.943430979772579281e-01 -7.940025260840160026e-01 -1.277351574900074949e-01 1.871334363736805813e+02 8.004426065337120200e-01 -5.994074893916119251e-01 1.515026983822505280e-03 -1.091726330934256737e+02 -7.776834531036808107e-02 -1.013442165762115932e-01 9.918071557688225015e-01 1.850579726318008866e+01
-5.630710481271499201e-01 -8.164527756834787375e-01 -1.278900302593453109e-01 1.867363793882836660e+02 8.230968885836864590e-01 -5.678988056486613534e-01 1.567975343840573299e-03 -1.094110891751226120e+02 -7.390877326033520878e-02 -1.043830044670467916e-01 9.917871150673338576e-01 1.847329585337442026e+01
-5.307477963346665106e-01 -8.377941006468632157e-01 -1.280930193539402684e-01 1.863207067638909962e+02 8.446287905367213522e-01 -5.353494605220885383e-01 1.778008769375498399e-03 -1.096454033117981197e+02 -7.006413406565857593e-02 -1.072473777769056558e-01 9.917605643892113410e-01 1.843120316473376619e+01
-4.975731083427530343e-01 -8.578406650261575228e-01 -1.285705848225437431e-01 1.858902856777818329e+02 8.648915184219859720e-01 -5.019550376165271555e-01 1.949762319481865291e-03 -1.098629715421445354e+02 -6.620923814576609723e-02 -1.102294590337384306e-01 9.916984436537583658e-01 1.838192967498178021e+01
-4.635708917098317894e-01 -8.766751460390681538e-01 -1.286184927478557782e-01 1.854442616856007930e+02 8.839001503016304939e-01 -4.676717559994927331e-01 1.911265838758204050e-03 -1.100763878182612245e+02 -6.182679561571052806e-02 -1.127998978622312132e-01 9.916923063058235011e-01 1.833482658750144978e+01
-4.285713130427053486e-01 -8.943072565476386515e-01 -1.286124431114184785e-01 1.849953945965600326e+02 9.017003236532135091e-01 -4.323582397258389776e-01 1.696721799322932489e-03 -1.102919786271320390e+02 -5.712404012796954561e-02 -1.152427152899925256e-01 9.916934811785584891e-01 1.827378475294341698e+01
-3.932060337286358287e-01 -9.104804867245384070e-01 -1.281182981983567393e-01 1.845455867216742263e+02 9.179560371111030737e-01 -3.966783461605052352e-01 1.733095105936652280e-03 -1.104911172603606104e+02 -5.239970391781565567e-02 -1.169255018429022352e-01 9.917573786204521014e-01 1.821930396610405367e+01
-3.590517095255403301e-01 -9.245088802896115343e-01 -1.279265420170373202e-01 1.840687370344985254e+02 9.320904002879681904e-01 -3.622220591841351922e-01 1.632645528355583520e-03 -1.106554234904226774e+02 -4.784721076304684906e-02 -1.186528975881105397e-01 9.917823018768493482e-01 1.816924688546297872e+01
-3.274300499757050176e-01 -9.361552679573738045e-01 -1.280737156818881339e-01 1.835974306353462566e+02 9.438364140268326041e-01 -3.304063241944907858e-01 2.117661270030581078e-03 -1.107945466717609264e+02 -4.429882537807140752e-02 -1.201872506048076716e-01 9.917623903245073036e-01 1.811488384345655334e+01
-2.988163881445065062e-01 -9.456835245301686843e-01 -1.280290498616215578e-01 1.830904462517418665e+02 9.533850563781351983e-01 -3.017351303116235783e-01 3.584049481744816523e-03 -1.109224182254245932e+02 -4.202023858965669295e-02 -1.209900101992949784e-01 9.917639421660997545e-01 1.808556025169084691e+01
-2.761328612203495236e-01 -9.525679765114258846e-01 -1.279253418177604407e-01 1.825853583197386172e+02 9.602912513771415526e-01 -2.789645573535721734e-01 4.414551964709662046e-03 -1.110059440555183272e+02 -3.989179718672396235e-02 -1.216265837120045490e-01 9.917739755870588203e-01 1.804375784967540497e+01
-2.583709771547844092e-01 -9.575521543857458129e-01 -1.278213980337373212e-01 1.820515746276637969e+02 9.652854930033941683e-01 -2.611461506617178685e-01 5.158002691174196075e-03 -1.111362521162950685e+02 -3.831912265797106365e-02 -1.220514630218935137e-01 9.917837895493849532e-01 1.796099994511362752e+01
-2.406408804281574554e-01 -9.622020391325576405e-01 -1.275115781249268332e-01 1.814696008903841005e+02 9.699562189565285042e-01 -2.432300959073205870e-01 4.904462505772824721e-03 -1.112969930275167059e+02 -3.573373720052352986e-02 -1.225004340158179633e-01 9.918249561750400733e-01 1.789242755282634079e+01
-2.218829777620863197e-01 -9.667326261719917380e-01 -1.272634027284911262e-01 1.808957848382880513e+02 9.745248995342226106e-01 -2.242380343976762003e-01 4.303965297299490456e-03 -1.114551770942641582e+02 -3.269807895340814258e-02 -1.230663781220166231e-01 9.918596181963884595e-01 1.782792028150861086e+01
-2.055636094675796777e-01 -9.703567952917062645e-01 -1.270877346319087553e-01 1.803186193035978704e+02 9.781735942784219873e-01 -2.077499013620793811e-01 4.049437057145693908e-03 -1.115518154958523951e+02 -3.033186309961652394e-02 -1.234814492758178062e-01 9.918832137735015264e-01 1.777971562039718378e+01
-1.941106090736781642e-01 -9.727272898105721044e-01 -1.269751593927923028e-01 1.797358330884614759e+02 9.805238784223475612e-01 -1.963334292231928568e-01 5.109639229811079042e-03 -1.116300267321490338e+02 -2.989975398967232439e-02 -1.235103405680710864e-01 9.918927363803589081e-01 1.772596631110366161e+01
-1.859086818554662734e-01 -9.743996530189054095e-01 -1.264249904386007817e-01 1.791147264526130414e+02 9.821274984688281862e-01 -1.881290136517597134e-01 5.748997632475764952e-03 -1.117135956799867529e+02 -2.938603005043798067e-02 -1.230966710315647139e-01 9.919595106751190050e-01 1.765949634732668372e+01
-1.781632198559912617e-01 -9.759584614456121576e-01 -1.255505819311875382e-01 1.784590633528265471e+02 9.836001858835089484e-01 -1.802762395647234950e-01 5.581377816429873573e-03 -1.118363938202122796e+02 -2.808097969218673745e-02 -1.224971794822908022e-01 9.920715193968681067e-01 1.757031538915383706e+01
-1.699430520940650169e-01 -9.774965129977826184e-01 -1.249797028406215843e-01 1.778276792639029509e+02 9.851079563993681010e-01 -1.718717385410499787e-01 4.734947680600058717e-03 -1.119769866126813298e+02 -2.610887365657492409e-02 -1.223138281963781215e-01 9.921480001231327561e-01 1.749531728730192270e+01
-1.622025477709105878e-01 -9.788784868300445252e-01 -1.244477461344662694e-01 1.771815795073881645e+02 9.864487594984568952e-01 -1.640116177373347472e-01 4.362812296973925252e-03 -1.120987061732859047e+02 -2.468153926686426219e-02 -1.220536655267076692e-01 9.922165712942476734e-01 1.740289980583758833e+01
-1.554766109340766089e-01 -9.800511487056565718e-01 -1.238013302560866113e-01 1.764984635706175595e+02 9.875618563797604610e-01 -1.571789615957328579e-01 4.043990040609589387e-03 -1.122005764665245096e+02 -2.342228161847573903e-02 -1.216327256638195520e-01 9.922987840219168465e-01 1.733773336217266703e+01
-1.500680990458618247e-01 -9.809983397020869411e-01 -1.229708223543737322e-01 1.758177669964839538e+02 9.884136699470917886e-01 -1.517265253140616110e-01 4.180738911184499196e-03 -1.122942411792763551e+02 -2.275923352144173378e-02 -1.209186462786898675e-01 9.924014803856580080e-01 1.726354677049250341e+01
-1.470003676885842658e-01 -9.815554099494967488e-01 -1.222287572476135620e-01 1.751353019905670862e+02 9.888921952811171590e-01 -1.485836128611943696e-01 3.890514259980180911e-03 -1.123870386701222088e+02 -2.197994566675353506e-02 -1.202991570543605893e-01 9.924943298581090367e-01 1.717645002918597541e+01
-1.450143155082597168e-01 -9.819267097521598986e-01 -1.216173711809648006e-01 1.744166138851189487e+02 9.892069052651165650e-01 -1.464897719151303512e-01 3.231918944528927584e-03 -1.125038007624237935e+02 -2.098920850060424087e-02 -1.198360688588821082e-01 9.925717957543259695e-01 1.709511341096805381e+01
-1.444582844974686697e-01 -9.821098084044930232e-01 -1.207978819174327090e-01 1.736948138425083812e+02 9.892985011211656854e-01 -1.458762531247079774e-01 2.931629872728248876e-03 -1.126115022868846012e+02 -2.050072485213404877e-02 -1.190816652973319123e-01 9.926727946662743385e-01 1.700996537501362127e+01
-1.442445541135619624e-01 -9.822370449245937385e-01 -1.200162330119607240e-01 1.729614979883174897e+02 9.893382552350443726e-01 -1.456117138238994801e-01 2.654340924803474944e-03 -1.127191045735610260e+02 -2.008296136176145052e-02 -1.183537763447720936e-01 9.927683809871634679e-01 1.694484776539990989e+01
-1.444944245992656473e-01 -9.822805740514218842e-01 -1.193575933945423273e-01 1.722204860823343040e+02 9.893137185163055625e-01 -1.457870274246442222e-01 2.123438279446214494e-03 -1.128066136979554699e+02 -1.948660091364684543e-02 -1.177752795619512460e-01 9.928490599829041807e-01 1.687595822286521141e+01
-1.453950968443753489e-01 -9.822036460486454068e-01 -1.188960197078190728e-01 1.714510573471031876e+02 9.891984234176991464e-01 -1.465776325177419182e-01 1.215217442434406159e-03 -1.129275572617642069e+02 -1.862108808725589787e-02 -1.174350685878845779e-01 9.929059672215720944e-01 1.680231145829014494e+01
-1.461266880651610478e-01 -9.821860454362714155e-01 -1.181421312884023966e-01 1.706824130936599033e+02 9.891020674317829720e-01 -1.472301478603537106e-01 6.194862319670105255e-04 -1.130498900031093115e+02 -1.800253419050665271e-02 -1.167641028367766010e-01 9.929965020338401560e-01 1.671691272341212553e+01
-1.465872847870191009e-01 -9.822221605988235016e-01 -1.172680483650523076e-01 1.698949335810335981e+02 9.890462260336618794e-01 -1.476061067761280654e-01 3.311320616157520380e-06 -1.131676278122511121e+02 -1.731273252089009923e-02 -1.159830352722897584e-01 9.931002994771912507e-01 1.663459960788694403e+01
-1.477761813018410031e-01 -9.821618363406663388e-01 -1.162769430101074919e-01 1.691144533178830045e+02 9.888719777873695715e-01 -1.487689189285359426e-01 -1.425051959650994182e-04 -1.132770296610219134e+02 -1.715843194297150126e-02 -1.150040694791496509e-01 9.932168203451315902e-01 1.655734101541195358e+01
-1.482573930510484583e-01 -9.822278737071312715e-01 -1.151006060734456188e-01 1.683028590210544166e+02 9.888033984191531012e-01 -1.492239600911291486e-01 -2.213807906195977560e-04 -1.133754104934340177e+02 -1.695832186391875440e-02 -1.138446917844160855e-01 9.933538148474948537e-01 1.646351935201730754e+01
-1.482904390877541889e-01 -9.823281841798036096e-01 -1.141984423762916478e-01 1.674730980470127690e+02 9.888083094548106855e-01 -1.491900458531649765e-01 -6.762924294367936295e-04 -1.134927764366875209e+02 -1.637292974029578435e-02 -1.130206564497864274e-01 9.934577285357332199e-01 1.639559386932773322e+01
-1.490451886043053786e-01 -9.823295951859426500e-01 -1.131993735659774514e-01 1.666568458277578486e+02 9.887062416296920064e-01 -1.498606951407508436e-01 -1.319020250289640317e-03 -1.136220257397137345e+02 -1.566842418358579264e-02 -1.121175208152303676e-01 9.935714176695350508e-01 1.632090338181556177e+01
-1.502990582546710474e-01 -9.822345455540244519e-01 -1.123632084271288939e-01 1.658448317631632847e+02 9.885200878821791548e-01 -1.510813472234124877e-01 -1.569195516095335530e-03 -1.137377077090776254e+02 -1.543466686287837952e-02 -1.113091372773956367e-01 9.936659634995020918e-01 1.623807529772399505e+01
-1.518202575726450565e-01 -9.821197154151418696e-01 -1.113169977292621238e-01 1.650126944875588606e+02 9.882942085163347601e-01 -1.525467517556939878e-01 -2.011452673574408434e-03 -1.138512110070320063e+02 -1.500555909145298572e-02 -1.103193234282529855e-01 9.937829139579154036e-01 1.614901183043965816e+01
-1.546396597448513877e-01 -9.817980462344108039e-01 -1.102686358140456124e-01 1.641511561365563807e+02 9.878691810275722629e-01 -1.552594899462904632e-01 -2.995322608928555064e-03 -1.139870290499466989e+02 -1.417945026827415606e-02 -1.093941826237196380e-01 9.938973065655112293e-01 1.606099238523496098e+01
-1.577242365767645982e-01 -9.814055748566871129e-01 -1.093899576583339250e-01 1.632866173073441871e+02 9.873908807145567179e-01 -1.582535476651503181e-01 -3.881151005304117607e-03 -1.141315034590145814e+02 -1.350236564490583241e-02 -1.086227982129411435e-01 9.939913348869706677e-01 1.598993052422327210e+01
-1.612858496564482103e-01 -9.809226721011584660e-01 -1.085245873455449872e-01 1.624133487840360033e+02 9.868306886042644832e-01 -1.616692405784367903e-01 -5.314948694482658775e-03 -1.142822065125441782e+02 -1.233153394476997622e-02 -1.079526192767678583e-01 9.940795568071271182e-01 1.590538952839297338e+01
-1.646666826991864951e-01 -9.804918800212879537e-01 -1.073338568261007209e-01 1.615357250005369565e+02 9.862836030591238812e-01 -1.649335842194941115e-01 -6.447257806518884304e-03 -1.144395732470445779e+02 -1.138147378673517313e-02 -1.069232715961846436e-01 9.942021303767208940e-01 1.581647051904328727e+01
-1.676633935300944067e-01 -9.800813223508241245e-01 -1.064405376209318355e-01 1.606379126566543789e+02 9.857955376298727090e-01 -1.677489059269887672e-01 -8.213558871101846182e-03 -1.145981088301921886e+02 -9.805328092595932965e-03 -1.063057201629273030e-01 9.942851449165063249e-01 1.574266862598933692e+01
-1.709589993914797379e-01 -9.796335513941991646e-01 -1.053144126406865833e-01 1.597594077745270340e+02 9.852364707642553565e-01 -1.709554735739684528e-01 -9.128128564757878594e-03 -1.147480038442564307e+02 -9.061854283676305799e-03 -1.053201359564683304e-01 9.943970795205768765e-01 1.567341824343836443e+01
-1.743279365539147641e-01 -9.791682366502952872e-01 -1.041121264407078167e-01 1.588602518849936871e+02 9.846589536104345397e-01 -1.741529475518956982e-01 -1.083955413249064470e-02 -1.149184784225105602e+02 -7.517686589558633670e-03 -1.044045745843461409e-01 9.945064953001578889e-01 1.559217287342895197e+01
-1.773784581400235094e-01 -9.787273799062773394e-01 -1.030999437907768601e-01 1.579652946483064397e+02 9.841212357233707353e-01 -1.770906994384044975e-01 -1.201155987882626675e-02 -1.150696650366473079e+02 -6.501998629177864475e-03 -1.035934360575521546e-01 9.945984737669850695e-01 1.550745771553406627e+01
-1.802355145434089145e-01 -9.783186196642686960e-01 -1.020188105962472752e-01 1.570677587465460476e+02 9.836039551586169827e-01 -1.799134841248939409e-01 -1.242568414080692102e-02 -1.152185631467068134e+02 -6.198281503630068134e-03 -1.025856551777188375e-01 9.947048630916408563e-01 1.543996335459399383e+01
-1.827927486831735227e-01 -9.779677758289369027e-01 -1.008257926775340818e-01 1.561837798583621577e+02 9.831367292804704672e-01 -1.823878067871416153e-01 -1.329885239694420657e-02 -1.153837143890822574e+02 -5.383546094313608477e-03 -1.015564738240709031e-01 9.948152089990739411e-01 1.536596441226016196e+01
-1.853579721658671353e-01 -9.776137705638435760e-01 -9.956775461213168699e-02 1.552861653841195846e+02 9.826585916389311004e-01 -1.849122114529435645e-01 -1.376830903828847597e-02 -1.155409281842636489e+02 -4.951205181523879451e-03 -1.003931753632981705e-01 9.949355234927158564e-01 1.530120397682551747e+01
-1.885003514288772219e-01 -9.771405552485188384e-01 -9.830540575068122400e-02 1.543839351736026231e+02 9.820621984547313055e-01 -1.880236335051375107e-01 -1.417574018475379477e-02 -1.156859675855171758e+02 -4.632048947250860804e-03 -9.921415489808893540e-02 9.950553228792901050e-01 1.521582595535213933e+01
-1.912699803914212904e-01 -9.766824144554527853e-01 -9.750515829705261317e-02 1.534870548475573457e+02 9.815299882416760324e-01 -1.907101679261455907e-01 -1.511668058395600200e-02 -1.158682381413535438e+02 -3.831029021206272533e-03 -9.859560407568541962e-02 9.951202088559900627e-01 1.515263025485947246e+01
-1.939275645982865282e-01 -9.762368657105939818e-01 -9.671443385831114681e-02 1.525936745926212268e+02 9.810085248489737175e-01 -1.933624128288455868e-01 -1.527257275799113329e-02 -1.160322915828362937e+02 -3.791287725620540172e-03 -9.783945693105278174e-02 9.951949893386814461e-01 1.509872440206267363e+01
-1.966962009997259564e-01 -9.757695015628055080e-01 -9.583571532653786806e-02 1.517011712841387236e+02 9.804603648508437574e-01 -1.960368288410261339e-01 -1.634119623846896907e-02 -1.162140077389344697e+02 -2.842088813774984457e-03 -9.717737163469679362e-02 9.952630210016579770e-01 1.502987840747412740e+01
-1.995319977615106488e-01 -9.752513923673321594e-01 -9.524549099501029847e-02 1.508171707419388667e+02 9.798901403195304782e-01 -1.987372145086379049e-01 -1.785588065368654692e-02 -1.164001893812478983e+02 -1.514851105403169917e-03 -9.689293707452439897e-02 9.952936571541087796e-01 1.496848764682653155e+01
-2.028363119048113283e-01 -9.746721044486547081e-01 -9.418980508783908467e-02 1.499448297886926582e+02 9.792124938198641937e-01 -2.019515237486901871e-01 -1.893340969463414014e-02 -1.165699153174765570e+02 -5.679083876236057371e-04 -9.607221692671222280e-02 9.953742043145633600e-01 1.491220743727106424e+01
-2.061129962771943713e-01 -9.740847303500125287e-01 -9.314703894692835662e-02 1.490687026851459791e+02 9.785281308033283443e-01 -2.052121031341807011e-01 -1.925331020346169458e-02 -1.167488081868000620e+02 -3.605442851364673573e-04 -9.511535536489240661e-02 9.954661918827925060e-01 1.486477204893600756e+01
-2.088816792807999256e-01 -9.736090931322037845e-01 -9.194442795037249816e-02 1.482156665144664203e+02 9.779409142587628390e-01 -2.079670818958219147e-01 -1.952590757101993479e-02 -1.169137951716001425e+02 -1.108132146156459719e-04 -9.399482229370254016e-02 9.955726799698788598e-01 1.482141220537280191e+01
-2.117880286645679178e-01 -9.731764794443388267e-01 -8.985193804642641058e-02 1.473426098459717934e+02 9.773155659969142706e-01 -2.109230003493367533e-01 -1.912517669891916627e-02 -1.170824270327243681e+02 -3.396682313499196915e-04 -9.186418115868852374e-02 9.957714882670302137e-01 1.475293554142673358e+01
-2.139116856827223412e-01 -9.728073452968075685e-01 -8.881249723408191077e-02 1.464837336169435389e+02 9.768529877017742002e-01 -2.130093366611576222e-01 -1.962811537796278760e-02 -1.172736020052518313e+02 1.764836909627365280e-04 -9.095543651564347298e-02 9.958549479827649709e-01 1.471327603343929269e+01
-2.163856682508626950e-01 -9.723406422286081652e-01 -8.792563929870386707e-02 1.456014664675981862e+02 9.763075866836820049e-01 -2.154269949986249433e-01 -2.036433180213171462e-02 -1.174422058027448799e+02 8.595112055884493452e-04 -9.024901825682402068e-02 9.959188601207263902e-01 1.465603749690345303e+01
-2.187126081991557225e-01 -9.719185790402439240e-01 -8.682782233314217946e-02 1.447219718393660344e+02 9.757890703826866963e-01 -2.177814529121020470e-01 -2.017247850875086845e-02 -1.176366712145534024e+02 6.965173470394395161e-04 -8.913761542630020684e-02 9.960190763131488989e-01 1.461024113847497752e+01
-2.208571544102957418e-01 -9.715289567447119579e-01 -8.575315476598126263e-02 1.438405635243281324e+02 9.753057327259900822e-01 -2.199188385822006264e-01 -2.035760664899947947e-02 -1.178296401253576562e+02 9.192701486273602285e-04 -8.813166651770273918e-02 9.961084099129001723e-01 1.457144939790483562e+01
-2.223336486124891653e-01 -9.713577659670954434e-01 -8.385606233345341276e-02 1.429489946192193486e+02 9.749703249306188590e-01 -2.214405560057013389e-01 -1.992349518959766336e-02 -1.180261844728503462e+02 7.837087100551060059e-04 -8.618683571926591402e-02 9.962786834763444066e-01 1.450506945671388337e+01
-2.223011192592634355e-01 -9.714738503028137462e-01 -8.258795647008806973e-02 1.420680302995125430e+02 9.749769928202181024e-01 -2.213767191287239200e-01 -2.030299729218765920e-02 -1.182251717734550169e+02 1.440780109235186013e-03 -8.503473646474465908e-02 9.963769456119748735e-01 1.445705973963317170e+01
-2.223970774797874306e-01 -9.716001988404422418e-01 -8.082446128284861975e-02 1.411610480527093330e+02 9.749537175154837643e-01 -2.214449176281885201e-01 -2.067358603105380610e-02 -1.183960780137717848e+02 2.188294127393755617e-03 -8.339785410823286060e-02 9.965139283015335137e-01 1.440408720369340756e+01
-2.221197894984332510e-01 -9.718199843862632692e-01 -7.892222158970600698e-02 1.402496682926195319e+02 9.750170744987262106e-01 -2.212142304147801664e-01 -2.014866491710425381e-02 -1.185855020676012401e+02 2.122156713552744711e-03 -8.142593081739703254e-02 9.966771364094811902e-01 1.435909143638569319e+01
-2.216014214644470570e-01 -9.720112488239144310e-01 -7.801885775061687123e-02 1.393394168766144219e+02 9.751351408150376043e-01 -2.207210321927441932e-01 -1.984144892407221569e-02 -1.187873735285428438e+02 2.065708733948332099e-03 -8.047582312436478424e-02 9.967544204767202487e-01 1.430635444293527669e+01
-2.212524569199869617e-01 -9.720972159662267797e-01 -7.793813583593053873e-02 1.384132934061758817e+02 9.752138135798315011e-01 -2.203542603831081248e-01 -2.005037989901385306e-02 -1.189863087464571265e+02 2.316918201131862309e-03 -8.044254248669668872e-02 9.967565546553106559e-01 1.427343147732539386e+01
-2.206329554428256845e-01 -9.723029895763135588e-01 -7.712324833360580112e-02 1.374737917263151132e+02 9.753534331351620956e-01 -2.197302687169127022e-01 -2.010695106290768391e-02 -1.191813031849279980e+02 2.603736549065385764e-03 -7.965868107467166670e-02 9.968187975180979876e-01 1.421959698868626454e+01
-2.203639595232680382e-01 -9.724506754813857512e-01 -7.602242497463787552e-02 1.365402659947617110e+02 9.754132504469055220e-01 -2.194567483893659077e-01 -2.019223709669625347e-02 -1.193891801253925138e+02 2.952320414554024386e-03 -7.860292196962813394e-02 9.969016322897692461e-01 1.416923416252285151e+01
-2.190632005096937451e-01 -9.729481909180457411e-01 -7.336983011941086708e-02 1.355799473392759182e+02 9.757059241036876163e-01 -2.182073457855491228e-01 -1.958325596509259345e-02 -1.195862746809043813e+02 3.043657572428568048e-03 -7.587734862610411024e-02 9.971125132672111757e-01 1.409745322401179912e+01
-2.169748890587215318e-01 -9.735004809961997907e-01 -7.224064657880306661e-02 1.346318113009932063e+02 9.761706435628163536e-01 -2.161075582249183391e-01 -1.970781378593310790e-02 -1.197976390853602595e+02 3.573816463254983478e-03 -7.479529917201691025e-02 9.971925045133740451e-01 1.403234851562045726e+01
-2.135673391960115630e-01 -9.742657183506726604e-01 -7.207844112758973742e-02 1.336729107636700462e+02 9.769150970003148693e-01 -2.125981307935271847e-01 -2.095060944133908185e-02 -1.200003153023178442e+02 5.087718703013721644e-03 -7.488888321871244036e-02 9.971789058582481990e-01 1.398927220391639636e+01
-2.103409546657419860e-01 -9.749817138842553632e-01 -7.188421510751903665e-02 1.327432747923360523e+02 9.776124825659879836e-01 -2.093527414811475751e-01 -2.110126928631442245e-02 -1.202103018488042210e+02 5.524194191924389208e-03 -7.471336711491145810e-02 9.971897492718636569e-01 1.393382941653462659e+01
-2.067971890761342024e-01 -9.757557873852135133e-01 -7.166286328686483076e-02 1.317674458497962462e+02 9.783637358569216014e-01 -2.057680132101429304e-01 -2.153892057737096660e-02 -1.204038585793738037e+02 6.270801407911912040e-03 -7.456653487867531682e-02 9.971963241638478470e-01 1.387379109385460296e+01
-2.024575679908817705e-01 -9.766691536304379362e-01 -7.161213242196709516e-02 1.307998224056227912e+02 9.792698249881484074e-01 -2.014298536021172925e-01 -2.136876097275102263e-02 -1.205932295584150182e+02 6.445388343495610239e-03 -7.445386776140947016e-02 9.972036294280461899e-01 1.380713206542841398e+01
-1.985625662504280076e-01 -9.774280735617622007e-01 -7.216140448596460033e-02 1.298115897179563092e+02 9.800669416678917667e-01 -1.975342366940819883e-01 -2.118997837261795900e-02 -1.207787177537066441e+02 6.457331785655467948e-03 -7.493054348547707744e-02 9.971678477163115062e-01 1.375730348395414104e+01
-1.940488354508569380e-01 -9.783078407198922966e-01 -7.251770987936542734e-02 1.288569455494018996e+02 9.809660559631084853e-01 -1.929765428686633921e-01 -2.157894693079418294e-02 -1.209804923684397124e+02 7.116636027601735970e-03 -7.532478137001452634e-02 9.971336574417745124e-01 1.370734177107212481e+01
-1.900363611342583692e-01 -9.791196435049700497e-01 -7.218659951507563899e-02 1.278832027621090788e+02 9.817481349661782986e-01 -1.889520722996422819e-01 -2.162669332332591010e-02 -1.211600835601916799e+02 7.535312686288292428e-03 -7.497891754600735648e-02 9.971566481683551419e-01 1.365111260838325435e+01
-1.853676144536267056e-01 -9.800235497728199130e-01 -7.206031780704807987e-02 1.269036207038498105e+02 9.826324037383927790e-01 -1.842266120391942152e-01 -2.222868731771051806e-02 -1.213469254005885460e+02 8.509208839832645144e-03 -7.492928204141173498e-02 9.971525440260776696e-01 1.358172244958224439e+01
-1.804492099288317331e-01 -9.810077410699140632e-01 -7.114699288771882124e-02 1.259164650225123552e+02 9.835365701596956445e-01 -1.792551522223704286e-01 -2.287805848924306246e-02 -1.215318195936744843e+02 9.690087438345772880e-03 -7.410399694105274104e-02 9.972034395462129330e-01 1.349824294255381929e+01
-1.751718152132935025e-01 -9.819859804196795494e-01 -7.084045040850919794e-02 1.249345886015429130e+02 9.844841952399030482e-01 -1.739568611789206187e-01 -2.301911752475124459e-02 -1.217264928164445053e+02 1.028126829337343631e-02 -7.377360441227223675e-02 9.972220168118538508e-01 1.342470873012467081e+01
-1.700628006659425928e-01 -9.828729569409278000e-01 -7.098869166179437584e-02 1.239628769740064627e+02 9.853654561166200754e-01 -1.687644500989591290e-01 -2.394740643329548724e-02 -1.218749806222573824e+02 1.155689066061205486e-02 -7.402236754517795003e-02 9.971896145574647985e-01 1.340135011474125371e+01
-1.645488528103384862e-01 -9.837626024993922913e-01 -7.165763715350818852e-02 1.229874180792157716e+02 9.862849978082007807e-01 -1.631523603036395542e-01 -2.496418285921849292e-02 -1.220350846073228439e+02 1.286771686347885565e-02 -7.478268015372060984e-02 9.971168299711662408e-01 1.337304259788431615e+01
-1.595864086564193762e-01 -9.845648112325490198e-01 -7.186313835869656552e-02 1.219813401583005827e+02 9.870895926836903422e-01 -1.581412412891196606e-01 -2.540637359172719448e-02 -1.221907531858436471e+02 1.364969551646649099e-02 -7.498986788994452257e-02 9.970908712480304192e-01 1.330859273694810163e+01
-1.544604079337292823e-01 -9.853610954383187348e-01 -7.214910933298038231e-02 1.210025532800203933e+02 9.879067090949373853e-01 -1.530356225359745803e-01 -2.490847968538560317e-02 -1.223480536858206733e+02 1.350246296630592396e-02 -7.512396309848914933e-02 9.970827817499510193e-01 1.323322802689754596e+01
-1.502345931671802415e-01 -9.860215979608764059e-01 -7.204842378963996485e-02 1.200131243449797864e+02 9.885498506928631635e-01 -1.487806809728637880e-01 -2.516945896059070986e-02 -1.224917308406930232e+02 1.409821658968825331e-02 -7.500478200708710075e-02 9.970835085212570448e-01 1.316449813624176279e+01
-1.471469524157482667e-01 -9.865273168991830488e-01 -7.149564606643613041e-02 1.190249678114315515e+02 9.890094854181457062e-01 -1.456924669142711792e-01 -2.517822148939972277e-02 -1.226355727111606058e+02 1.442262624118218969e-02 -7.441477068521770710e-02 9.971230765337715241e-01 1.308765906759644970e+01
-1.443053324113201530e-01 -9.869021123718240140e-01 -7.211235423761037933e-02 1.180379809436979457e+02 9.894235059378031494e-01 -1.428205644930147233e-01 -2.536557225144418434e-02 -1.227715828848490958e+02 1.473420969733464647e-02 -7.501004568675323503e-02 9.970739170746901747e-01 1.306835994402263346e+01
-1.423069328971431347e-01 -9.871588673927182978e-01 -7.256795006980723550e-02 1.170271019702767461e+02 9.897355943475256712e-01 -1.409395703143501155e-01 -2.365355789636970976e-02 -1.229149072900678732e+02 1.312212372135657112e-02 -7.518914846925958684e-02 9.970829463096383405e-01 1.303596792638777124e+01
-1.401467882787705843e-01 -9.874902683880182330e-01 -7.226235239808366517e-02 1.160315071806905536e+02 9.900501383498347963e-01 -1.388304637206798642e-01 -2.295268822107230516e-02 -1.230480963893546260e+02 1.263334035868004732e-02 -7.476009752575452083e-02 9.971215204423788947e-01 1.297155458636488312e+01
-1.381726274691441603e-01 -9.878195560239156903e-01 -7.156011287712853164e-02 1.150081658780271425e+02 9.903322165768960739e-01 -1.369061674966811637e-01 -2.233387810620350231e-02 -1.231795457916913108e+02 1.226482075552463510e-02 -7.395421582360930945e-02 9.971862153749168067e-01 1.289015738028531644e+01
-1.360319505894815872e-01 -9.881818472361791894e-01 -7.065369920757012812e-02 1.140225796746299096e+02 9.906277010659805260e-01 -1.347873709229041594e-01 -2.211611449649716205e-02 -1.233092421723456766e+02 1.233151651466936685e-02 -7.300000981222129481e-02 9.972557005441804456e-01 1.285474899754321676e+01
-1.340036878375807650e-01 -9.885522152544681251e-01 -6.933634949586189866e-02 1.130102066665844092e+02 9.909133258931557275e-01 -1.328495073129152271e-01 -2.101877670276581025e-02 -1.234386054912899908e+02 1.156685840205679688e-02 -7.152290627623997255e-02 9.973718873441876909e-01 1.278162617282047542e+01
-1.313211667149882800e-01 -9.889481605806519360e-01 -6.882068625608862844e-02 1.119959902759497083e+02 9.912672311794873403e-01 -1.301543194563512529e-01 -2.119267601334264353e-02 -1.235853515715039492e+02 1.200114837699663151e-02 -7.100273805283009720e-02 9.974039220028335651e-01 1.273204990698413397e+01
-1.293285651106483858e-01 -9.892343488462214118e-01 -6.848010885806982140e-02 1.109787181174328765e+02 9.915198580497941450e-01 -1.281213476187363920e-01 -2.175526091029295409e-02 -1.237192571490815283e+02 1.274728752859962538e-02 -7.071296449132381812e-02 9.974152511935597820e-01 1.267878754221760929e+01
-1.278353241293623821e-01 -9.894240480955986961e-01 -6.854329255922074482e-02 1.099650323485197561e+02 9.917133408522438298e-01 -1.266300818558501184e-01 -2.166730128238271089e-02 -1.238339608947093353e+02 1.275850619867844107e-02 -7.074514413935950596e-02 9.974128258150080084e-01 1.262138061113889087e+01
-1.259583859619175517e-01 -9.896581957274412922e-01 -6.863774934665246852e-02 1.089330270910217848e+02 9.919227336742642009e-01 -1.245989369218878373e-01 -2.375700608473135800e-02 -1.239838318129680630e+02 1.495912517639719219e-02 -7.107573810690068217e-02 9.973587438963555929e-01 1.254428374084432818e+01
-1.243310461117879129e-01 -9.898181419396734348e-01 -6.929528742881027603e-02 1.079034123394859392e+02 9.921223742565494774e-01 -1.229337559408918423e-01 -2.409328017960540511e-02 -1.241178188579526847e+02 1.532923586798166926e-02 -7.174494781765600182e-02 9.973052075419769347e-01 1.248704550512723443e+01
-1.233205123060283626e-01 -9.899212759690361185e-01 -6.962699640523017930e-02 1.068881829068777449e+02 9.922373172719902712e-01 -1.218667448893038241e-01 -2.477100528781023270e-02 -1.242427191674327815e+02 1.603612975322018380e-02 -7.214127718526021360e-02 9.972655005907992143e-01 1.242617941740619081e+01
-1.224034251143977237e-01 -9.900317425907008140e-01 -6.967460213797029012e-02 1.058510944432726859e+02 9.923447129532456668e-01 -1.209237974712229491e-01 -2.508796282840252204e-02 -1.243822348554284218e+02 1.641256207923411092e-02 -7.221207563807488516e-02 9.972542524040879375e-01 1.238815913862077522e+01
-1.219159742253919099e-01 -9.901412916629057648e-01 -6.896896238734176454e-02 1.048178741401295042e+02 9.923925319253295019e-01 -1.204036505208501140e-01 -2.569092291232535560e-02 -1.244998966676892422e+02 1.713352875235082257e-02 -7.157641710344249397e-02 9.972879517507099445e-01 1.231798749313318453e+01
-1.215057729182627000e-01 -9.901978883192785741e-01 -6.888025199994990411e-02 1.037704214472562256e+02 9.924275807843725428e-01 -1.199348158425115329e-01 -2.651672768838844035e-02 -1.246254268713840929e+02 1.799566742337978253e-02 -7.158059734916896732e-02 9.972724673012502983e-01 1.227932565324540803e+01
-1.209159565540922632e-01 -9.902768133047532562e-01 -6.878346081429161096e-02 1.027216361849747273e+02 9.924930878954947300e-01 -1.193236547053000418e-01 -2.682043824093422249e-02 -1.247366315299061199e+02 1.835216418502921484e-02 -7.151012836481758506e-02 9.972710261563668688e-01 1.221379930359499433e+01
-1.200860364570377481e-01 -9.904230348536664508e-01 -6.812896505372427469e-02 1.016571834571711292e+02 9.925900356559893556e-01 -1.184992277534675509e-01 -2.688780649798352615e-02 -1.248737325344317384e+02 1.855707316578165955e-02 -7.085298196324847642e-02 9.973141380640482279e-01 1.216545474484968814e+01
-1.195630449343658697e-01 -9.905128162317665685e-01 -6.774244730327910746e-02 1.005978138244659874e+02 9.926696796856447902e-01 -1.180524305748478220e-01 -2.589460693214219733e-02 -1.249846194934161190e+02 1.765177948033015698e-02 -7.034191151785319784e-02 9.973667480747452352e-01 1.210963355509666961e+01
-1.195095418724740899e-01 -9.905626394915292288e-01 -6.710533991424566524e-02 9.950534609833451327e+01 9.926860272274244945e-01 -1.180554362557659775e-01 -2.524609510189800357e-02 -1.251073694516830130e+02 1.708568842232252236e-02 -6.963168254491518272e-02 9.974264424192389455e-01 1.207297196692269203e+01
-1.186554084750099936e-01 -9.907290782564759368e-01 -6.615729390402176613e-02 9.845041341442197336e+01 9.928046452857770543e-01 -1.172945065136374865e-01 -2.410259406589792056e-02 -1.252212706339019519e+02 1.611925366174717100e-02 -6.854117185164566861e-02 9.975180586949748962e-01 1.200684375552653371e+01
-1.178469289461518965e-01 -9.908399743337503729e-01 -6.594123596244018393e-02 9.737765306657369990e+01 9.929018893195293849e-01 -1.164974759832133611e-01 -2.396197561241824800e-02 -1.253516264023578941e+02 1.606049574795668025e-02 -6.829702300857780350e-02 9.975357523038939078e-01 1.194640158461524315e+01
-1.174387317646305995e-01 -9.908770439127873031e-01 -6.611223886824113549e-02 9.630470064891095205e+01 9.929457871816845804e-01 -1.160673531574385464e-01 -2.422876903954129107e-02 -1.254684777305760548e+02 1.633425846679726484e-02 -6.849126497359112054e-02 9.975179891223301398e-01 1.188858476210585202e+01
-1.171660362112338927e-01 -9.909203182992907255e-01 -6.594727242411459189e-02 9.520277475775857567e+01 9.929841805483017314e-01 -1.158255558177840872e-01 -2.380877569971505750e-02 -1.256024164852405249e+02 1.595422011148815711e-02 -6.827417814323299972e-02 9.975390215222160739e-01 1.183386597267053730e+01
-1.164040725421782163e-01 -9.910026993076811452e-01 -6.605862442168591864e-02 9.411259908614152891e+01 9.930670924420071932e-01 -1.150345935174836853e-01 -2.418247719001485191e-02 -1.257370569686209762e+02 1.636587316257839819e-02 -6.841558491423824218e-02 9.975226643723285047e-01 1.176994952372876035e+01
-1.158657139585437257e-01 -9.911262911319153046e-01 -6.514454202749235534e-02 9.300851643157572823e+01 9.931166330277091392e-01 -1.144658489587857542e-01 -2.483792716495804992e-02 -1.258551084678068435e+02 1.716069732220132718e-02 -6.757399240269343355e-02 9.975666724676484076e-01 1.171233305655915835e+01
-1.154778375200427032e-01 -9.912939888770103680e-01 -6.325422245195282123e-02 9.192103045267475636e+01 9.931526202163497574e-01 -1.140914539566491026e-01 -2.511997395416284973e-02 -1.259810207109794646e+02 1.768451297306810818e-02 -6.572189703869128763e-02 9.976812568403503612e-01 1.164241486257926717e+01
-1.147242542520896524e-01 -9.914393545477018233e-01 -6.234061068307698156e-02 9.082291459174150816e+01 9.932355897237643561e-01 -1.133469405204707847e-01 -2.520980723321162090e-02 -1.261096207618189879e+02 1.792787752046277189e-02 -6.481108955021468165e-02 9.977364952125011843e-01 1.160362577070364765e+01
-1.140677703501016271e-01 -9.915566880488454471e-01 -6.167558798228992001e-02 8.969800914499727185e+01 9.933069289518147160e-01 -1.126937491589876661e-01 -2.532713558232796078e-02 -1.262348107888720250e+02 1.816283743446793497e-02 -6.415179877521672014e-02 9.977748533863906033e-01 1.155111835745448268e+01
-1.140642246999306053e-01 -9.915098222914001669e-01 -6.243096141563071050e-02 8.859320892135791325e+01 9.933207871157164748e-01 -1.127199398390137386e-01 -2.465824500046399567e-02 -1.263599061257811940e+02 1.741167790356618755e-02 -6.482659533220407055e-02 9.977446296574175033e-01 1.149989622120652655e+01
-1.154936830305099971e-01 -9.913081796248965905e-01 -6.300239827833487016e-02 8.746769542548838672e+01 9.931631205914994709e-01 -1.141602351345452071e-01 -2.438148090211512617e-02 -1.264812375484536204e+02 1.697719284813995616e-02 -6.538756550598287531e-02 9.977155111554585343e-01 1.145154055714540320e+01
-1.169976393549108096e-01 -9.911055787597792266e-01 -6.341359583418947066e-02 8.633294690650241421e+01 9.930118726772337867e-01 -1.157508448265585077e-01 -2.300353546722407744e-02 -1.265946533798585421e+02 1.545875504146686577e-02 -6.566181289898787021e-02 9.977221823831452507e-01 1.141175427784050456e+01
-1.179181234038757520e-01 -9.910533421848266578e-01 -6.251871013698945267e-02 8.521847529768180607e+01 9.929026342611662059e-01 -1.166883648110108584e-01 -2.298226261639833151e-02 -1.267291448666846350e+02 1.548144212097209843e-02 -6.478501726492782997e-02 9.977791471502288623e-01 1.134331768452260114e+01
-1.193317368955828517e-01 -9.909062859565973547e-01 -6.216646218971518673e-02 8.407832458228874373e+01 9.927395886916183798e-01 -1.181314621094724515e-01 -2.265097579077672563e-02 -1.268615167639282078e+02 1.510117922148706410e-02 -6.441808838812410065e-02 9.978087313080299392e-01 1.126799055935253868e+01
-1.202711523863038146e-01 -9.907732003454732261e-01 -6.247651863587842802e-02 8.295208729280950877e+01 9.926279045343220364e-01 -1.190688049136321425e-01 -2.263764202031876005e-02 -1.269953577651836980e+02 1.498976462360806713e-02 -6.473859106922388862e-02 9.977896681079136965e-01 1.120190622493067245e+01
-1.211750119153953698e-01 -9.905474010786319283e-01 -6.428423370992153441e-02 8.183589458391315929e+01 9.925679752609093409e-01 -1.201822548489788200e-01 -1.910602276441356745e-02 -1.271345497757936869e+02 1.119959703574193582e-02 -6.612164423078953357e-02 9.977487144519174844e-01 1.119044559921124637e+01
-1.217795926993940903e-01 -9.905107485606302609e-01 -6.370390716298299227e-02 8.069111692386354662e+01 9.925045108124727067e-01 -1.208609619837339721e-01 -1.809485797847321109e-02 -1.272641584435583724e+02 1.022383581951520279e-02 -6.542999965021144282e-02 9.978047846783001384e-01 1.114856131497938918e+01
-1.229143416383138288e-01 -9.904073581073868926e-01 -6.312946717948750286e-02 7.955256331174183515e+01 9.923684232962315388e-01 -1.220281501101314614e-01 -1.772125913276263731e-02 -1.274046229624492810e+02 9.847693342664720628e-03 -6.482588670774469541e-02 9.978479981181419545e-01 1.108713093859660503e+01
-1.234792290411450555e-01 -9.904063349532931104e-01 -6.203363345629619996e-02 7.843072920250635605e+01 9.922808699875532712e-01 -1.225069712072617278e-01 -1.925401418842413725e-02 -1.275575377778494897e+02 1.146974507778356078e-02 -6.393225860243643976e-02 9.978883260454758375e-01 1.102542878057210629e+01
-1.247240454977016633e-01 -9.902137355288038734e-01 -6.261525728430260285e-02 7.727516144290031264e+01 9.920959680216703269e-01 -1.235878698756114336e-01 -2.171701302559773950e-02 -1.276996673253533885e+02 1.376599832312451824e-02 -6.482897800907495844e-02 9.978014336031325593e-01 1.094388000891959578e+01
-1.255990026517213032e-01 -9.900791441233026680e-01 -6.299348303564045182e-02 7.612557598753626564e+01 9.919580592562921018e-01 -1.243300443443764447e-01 -2.369068909542013102e-02 -1.278394576486320204e+02 1.562367464405692991e-02 -6.546242010034483694e-02 9.977327158839799370e-01 1.087485919484391594e+01
-1.260154829082626993e-01 -9.900053257817500452e-01 -6.332103119160803484e-02 7.499032354156308600e+01 9.919120485949586286e-01 -1.247667287767140198e-01 -2.331847427493344629e-02 -1.279901762134513490e+02 1.518505579674364267e-02 -6.574738256485282428e-02 9.977207503937766120e-01 1.083720817055303343e+01
-1.266266714680377437e-01 -9.899190551036466390e-01 -6.345037758460650434e-02 7.384230703517978611e+01 9.918380173665733990e-01 -1.253900047751470570e-01 -2.312345149050237456e-02 -1.281293255291160733e+02 1.493430210189441998e-02 -6.586054239977152946e-02 9.977170719074307526e-01 1.083044314099096717e+01
-1.270883089448038294e-01 -9.898030907572809012e-01 -6.433042248333724344e-02 7.269723120542430195e+01 9.917999051592979454e-01 -1.259281161333436483e-01 -2.179581824835261777e-02 -1.282609028814644319e+02 1.347255935441461425e-02 -6.657290060108286833e-02 9.976906028674421556e-01 1.079402426175315099e+01
-1.271284432056718483e-01 -9.897487422764136289e-01 -6.508291703942004069e-02 7.158432164063414405e+01 9.918049307962087946e-01 -1.260038224834272302e-01 -2.111909012937938923e-02 -1.284130900704394378e+02 1.270189656823678126e-02 -6.723439508036564705e-02 9.976563526293746875e-01 1.075096047224992546e+01
-1.275493722593763479e-01 -9.897023189123446141e-01 -6.496520280709452977e-02 7.045690593126566625e+01 9.917330786537910114e-01 -1.263366390004814210e-01 -2.246228728192776677e-02 -1.285476531198573298e+02 1.402349243636621945e-02 -6.729319122756741156e-02 9.976346866836062199e-01 1.067738020786840991e+01
-1.280099822473184101e-01 -9.896677169964055443e-01 -6.458524893630525343e-02 6.932017549456929828e+01 9.916569735989265721e-01 -1.267277706481837463e-01 -2.359065194435697177e-02 -1.286947569011848600e+02 1.516216203777264945e-02 -6.706625143590953797e-02 9.976333127761299879e-01 1.058743318756375373e+01
-1.289545324599339349e-01 -9.894824865766966848e-01 -6.553729713710385041e-02 6.820046329751089331e+01 9.915207494871862703e-01 -1.275866662105011873e-01 -2.466264263331313655e-02 -1.288394553474456643e+02 1.604156770419302297e-02 -6.816194952675097563e-02 9.975452955842679659e-01 1.052252731285282827e+01
-1.293335741752792423e-01 -9.893986509403484009e-01 -6.605403930469604112e-02 6.707364796450876554e+01 9.914711620315973528e-01 -1.279508544581455798e-01 -2.476920877106222538e-02 -1.289748546607875710e+02 1.605495097350101777e-02 -6.869416540616293809e-02 9.975085714861748887e-01 1.048802078216012390e+01
-1.294455207053171186e-01 -9.893654394538128338e-01 -6.633162431067946008e-02 6.594750854625958425e+01 9.914458743771205063e-01 -1.280105415412617909e-01 -2.546329583733587462e-02 -1.291119878535850773e+02 1.670135772672665456e-02 -6.906032485209373517e-02 9.974726744033679537e-01 1.046130161983988494e+01
-1.289184186616492145e-01 -9.894249718173548924e-01 -6.647004192872499329e-02 6.482946733072182610e+01 9.915068276502143618e-01 -1.274497526487763377e-01 -2.589925235936542738e-02 -1.292694438292216432e+02 1.715377663338591221e-02 -6.924439106521522447e-02 9.974522355748266511e-01 1.043078223377956348e+01
-1.274352217804120002e-01 -9.896255143780369190e-01 -6.634459692984202850e-02 6.371362985062380346e+01 9.916812970710183750e-01 -1.259063235098687450e-01 -2.675449008616899091e-02 -1.294070966652389529e+02 1.812372172926654881e-02 -6.920216031479241303e-02 9.974380139730216754e-01 1.037744958814257146e+01
-1.255744440203432344e-01 -9.898736241667608349e-01 -6.619114131017786451e-02 6.261223928795077853e+01 9.919076414128781272e-01 -1.240136553157706878e-01 -2.720007724184636197e-02 -1.295521028185947898e+02 1.871603365360442056e-02 -6.907113343636028802e-02 9.974361576612779112e-01 1.029928389515724341e+01
-1.239594937580827949e-01 -9.900568723861893350e-01 -6.649385947677258213e-02 6.151496427420715918e+01 9.920923469375537707e-01 -1.223283766777647497e-01 -2.808101506925228530e-02 -1.296875586781709444e+02 1.966771606406037334e-02 -6.944895751744481482e-02 9.973916097724923047e-01 1.021814378469042595e+01
-1.236222012716599039e-01 -9.900681838671893109e-01 -6.695179345376062185e-02 6.041546589819873248e+01 9.921469454825863066e-01 -1.220242405119102980e-01 -2.746858746033133125e-02 -1.298055567363358875e+02 1.902603275314186659e-02 -6.982174461739887317e-02 9.973780296639078724e-01 1.015417230596963094e+01
-1.230439576325894624e-01 -9.901478673654181550e-01 -6.683850119372902743e-02 5.930022023484258398e+01 9.922451994600257619e-01 -1.215510458771298374e-01 -2.597705515853772698e-02 -1.299185057234117835e+02 1.759683604070242519e-02 -6.951650162292737078e-02 9.974255898880207694e-01 1.012607283636790712e+01
-1.215920563811336841e-01 -9.903244055725117789e-01 -6.688006842444493838e-02 5.821923164718670307e+01 9.924681205108043525e-01 -1.202896718984007851e-01 -2.318242015680190005e-02 -1.300569000334382395e+02 1.491313497419797726e-02 -6.919513394759985170e-02 9.974916700620687360e-01 1.012816089237617589e+01
-1.204830001268868411e-01 -9.905015503727723214e-01 -6.626103975609423657e-02 5.713570512241565069e+01 9.926078322898148620e-01 -1.192187567707247986e-01 -2.272838117767068608e-02 -1.301946114063631512e+02 1.461293801188903382e-02 -6.850961058987917185e-02 9.975434302823530386e-01 1.006910362465322883e+01
-1.198426645827062043e-01 -9.906004983008177556e-01 -6.594231199987612979e-02 5.605867772914997005e+01 9.926760172955993999e-01 -1.185447648947437482e-01 -2.326936617523400752e-02 -1.303187496219919694e+02 1.523352985568985837e-02 -6.824801449289157051e-02 9.975520778816080458e-01 9.996595366798658233e+00
-1.189476062814802670e-01 -9.907446535671486920e-01 -6.539494160879125162e-02 5.497334469523276823e+01 9.927739209563442024e-01 -1.176224260165006363e-01 -2.376776739536473962e-02 -1.304421705285412827e+02 1.585587679295181324e-02 -6.774951163000447751e-02 9.975763604080755131e-01 9.919126530498612482e+00
-1.179961603618984167e-01 -9.909051513014616175e-01 -6.468297507131748336e-02 5.389291949583561347e+01 9.928754199324453245e-01 -1.166407320553388693e-01 -2.435857384095288514e-02 -1.305714029390585438e+02 1.659236673352154634e-02 -6.709635422153845119e-02 9.976085267359928732e-01 9.858493785744053994e+00
-1.169470548460957993e-01 -9.910321545743222549e-01 -6.464251667904764853e-02 5.283018283812047144e+01 9.929886884143551695e-01 -1.155523074003281803e-01 -2.492245845816461886e-02 -1.306943855584105734e+02 1.722936574465577797e-02 -6.710389596913712840e-02 9.975972213783477205e-01 9.828263450283978742e+00
-1.159616549606532487e-01 -9.911502781850337618e-01 -6.460666089899062825e-02 5.176379490403932948e+01 9.931006985476388271e-01 -1.145566426631623447e-01 -2.505550170993921244e-02 -1.308187070187856875e+02 1.743264532360606911e-02 -6.706639751377202474e-02 9.975962115011995923e-01 9.788583356235857735e+00
-1.155859593230357252e-01 -9.912037114281964101e-01 -6.445997563094758853e-02 5.069141358840383305e+01 9.931425462298262286e-01 -1.141781685589899897e-01 -2.512426501716188282e-02 -1.309227453398159469e+02 1.754334276901773834e-02 -6.692195660232666543e-02 9.976039709468909056e-01 9.763068791636058563e+00
-1.146628265497837695e-01 -9.913302251981166435e-01 -6.416245643883691785e-02 4.963254056990458452e+01 9.932458005987789829e-01 -1.132507958471877796e-01 -2.523958860340598173e-02 -1.310536639133368908e+02 1.775431779891346179e-02 -6.662313298419708651e-02 9.976202395455222582e-01 9.717424553166514656e+00
-1.140855704001493276e-01 -9.914230856394318225e-01 -6.375537536286997320e-02 4.856507463504112820e+01 9.932989036671534544e-01 -1.126365011180647802e-01 -2.589027982682479828e-02 -1.311723924250100595e+02 1.848703870563643548e-02 -6.628185179268936134e-02 9.976296635138853786e-01 9.657230475459977370e+00
-1.136083669177043731e-01 -9.914899652951771891e-01 -6.356719032064661601e-02 4.752596342218496517e+01 9.933458669827068821e-01 -1.121380934905573667e-01 -2.624950545587414683e-02 -1.312904658925918966e+02 1.889781772235150231e-02 -6.612636922795665784e-02 9.976322848515182251e-01 9.586307579227373310e+00
-1.140513983656987751e-01 -9.914463267867142937e-01 -6.345439017089635203e-02 4.648723119462202646e+01 9.932954506440579978e-01 -1.125842098700315930e-01 -2.624773166881929493e-02 -1.313990768721417624e+02 1.887925476935912658e-02 -6.602254758090086995e-02 9.976395125245798301e-01 9.527470175829972021e+00
-1.152268681604573519e-01 -9.913352696367138117e-01 -6.306466544933544971e-02 4.542493696940626791e+01 9.931771798693359576e-01 -1.138290266585202382e-01 -2.533854922379244826e-02 -1.315121980375940325e+02 1.794040804232836100e-02 -6.555406825116132097e-02 9.976877296504136350e-01 9.491553237511892505e+00
-1.165534834408021858e-01 -9.912103067748734286e-01 -6.258924221522341180e-02 4.437675932777181487e+01 9.930316043412292792e-01 -1.151984849714644543e-01 -2.485038912700515343e-02 -1.316270929825405460e+02 1.742177595134799389e-02 -6.504949502909698755e-02 9.977299458867416870e-01 9.469961912322446551e+00
-1.172766207917912418e-01 -9.911323957891211567e-01 -6.247213965421114651e-02 4.335503835139684270e+01 9.929621764844791532e-01 -1.159829069998616902e-01 -2.395999488871853114e-02 -1.317496477757159425e+02 1.650182677355396116e-02 -6.484241899542533827e-02 9.977590643095943790e-01 9.438547716283357758e+00
-1.185857892939010672e-01 -9.909971870373786018e-01 -6.214487799928210265e-02 4.231823465478047552e+01 9.928048241848139721e-01 -1.172896025027483358e-01 -2.411908414737228348e-02 -1.318596371334315620e+02 1.661299650584617191e-02 -6.455791530672613798e-02 9.977756681330459676e-01 9.374517470520697060e+00
-1.199236250406658932e-01 -9.908474478305088207e-01 -6.196498434497301616e-02 4.128184485871550891e+01 9.926449708663135363e-01 -1.186319369267589963e-01 -2.413349031575885359e-02 -1.319817980841582141e+02 1.656158117213151620e-02 -6.440340572339692260e-02 9.977865079065292297e-01 9.309989778538071192e+00
-1.211258017569369905e-01 -9.907350756527322222e-01 -6.142108774773306912e-02 4.024957069744252180e+01 9.924984186820235976e-01 -1.198422771187954705e-01 -2.418093316364838471e-02 -1.321015746696202200e+02 1.659605562843917415e-02 -6.388926738003267158e-02 9.978189878185423911e-01 9.257934598527004511e+00
-1.222066675864454943e-01 -9.906242071935180693e-01 -6.106726225753197901e-02 3.922069789508100968e+01 9.923787431988837504e-01 -1.209795304253100667e-01 -2.341758452692279530e-02 -1.322195649943729165e+02 1.581013739409460953e-02 -6.346363793768533546e-02 9.978589109765438891e-01 9.230463007992534941e+00
-1.227447718223642070e-01 -9.906247623213146891e-01 -5.996916929652085226e-02 3.817722652926045868e+01 9.923098435902981684e-01 -1.215325424169764190e-01 -2.347371822835091215e-02 -1.323448782573251776e+02 1.596544092951739102e-02 -6.238927319263211368e-02 9.979241871437034561e-01 9.197326705037886185e+00
-1.231747033137937652e-01 -9.906199078848851869e-01 -5.916240838320416251e-02 3.716441678690564743e+01 9.922680982239306946e-01 -1.220260910950488054e-01 -2.266394359168567157e-02 -1.324691434360119047e+02 1.523199627833255257e-02 -6.149659498057594847e-02 9.979910596268745104e-01 9.165832977325791830e+00
-1.240684707378854057e-01 -9.905688098868813407e-01 -5.814161545786414309e-02 3.611631542891559121e+01 9.921634106029270095e-01 -1.229681123300869761e-01 -2.214971807366649878e-02 -1.326006690565008910e+02 1.479125517088640887e-02 -6.043406513931344481e-02 9.980625945005688893e-01 9.120217370685029579e+00
-1.247619216628470529e-01 -9.905088895679087235e-01 -5.767670751648498045e-02 3.507091597329491606e+01 9.920723221473001230e-01 -1.236539163658925133e-01 -2.241018957171865902e-02 -1.327277898425063540e+02 1.506554122018590597e-02 -6.001540347548621479e-02 9.980837544081245793e-01 9.060014637443712715e+00
-1.255705624064815673e-01 -9.904299635291776704e-01 -5.727583435020590363e-02 3.403440555395228273e+01 9.919712698133357209e-01 -1.244738207204587610e-01 -2.234430173824688767e-02 -1.328611189937071799e+02 1.500112401917459704e-02 -5.962176866584378843e-02 9.981083162559652999e-01 9.012869529474723862e+00
-1.264464379761909285e-01 -9.903277257982505688e-01 -5.711649357584229481e-02 3.297996013394747905e+01 9.918525206197206234e-01 -1.253222830973090840e-01 -2.286706582807277593e-02 -1.329852320808798254e+02 1.548791991975686025e-02 -5.954259714308610812e-02 9.981056073692879949e-01 8.955735182842138542e+00
-1.268573608211427395e-01 -9.902064709439919454e-01 -5.829541067819910688e-02 3.191927293393847620e+01 9.918100946204702062e-01 -1.257452415699937820e-01 -2.238013475021895238e-02 -1.331194105130175842e+02 1.483058375211316476e-02 -6.065706160991814200e-02 9.980484831221487774e-01 8.916109085795637768e+00
-1.278212263939093596e-01 -9.900270360234701972e-01 -5.923007703641369748e-02 3.084257554967748760e+01 9.917030534515867135e-01 -1.267580274073214497e-01 -2.138822719638600045e-02 -1.332482400630527195e+02 1.366703544871512507e-02 -6.147251768381779835e-02 9.980152011425759140e-01 8.896669437376864664e+00
-1.287459701211861596e-01 -9.899722017004494168e-01 -5.813359646469205833e-02 2.978262904105644893e+01 9.915964717189750255e-01 -1.277641867629715211e-01 -2.031624609215184132e-02 -1.333790067802273143e+02 1.268512719821758214e-02 -6.026070395507816813e-02 9.981020664775739348e-01 8.857203911861363466e+00
-1.289450219597976233e-01 -9.900130004263766326e-01 -5.698631676596743745e-02 2.872624487358203638e+01 9.915696490885209657e-01 -1.279818500919431834e-01 -2.025529692478607660e-02 -1.335066239253918354e+02 1.275979303340059670e-02 -5.911772182524636932e-02 9.981694658964166411e-01 8.814488148007967538e+00
-1.285711255658674723e-01 -9.900991589798323611e-01 -5.633046296769446404e-02 2.766431219976205469e+01 9.916094105714391427e-01 -1.275828071869931080e-01 -2.081836152173981852e-02 -1.336537864546098149e+02 1.342544363845128708e-02 -5.853445735389901233e-02 9.981951085661536771e-01 8.757258862158543877e+00
-1.279354757229327344e-01 -9.901841283178659525e-01 -5.628415477675997175e-02 2.659489717844692436e+01 9.916761850299781189e-01 -1.268847033073097208e-01 -2.187729670238237542e-02 -1.337985765209534463e+02 1.452095368544793069e-02 -5.861453824780520072e-02 9.981750737270800311e-01 8.696811208700857776e+00
-1.274702717601852164e-01 -9.902196325554964984e-01 -5.671339452935134084e-02 2.553034349718446450e+01 9.917146535767021875e-01 -1.263276649598148449e-01 -2.331023266812645364e-02 -1.339279501315839696e+02 1.591777932457762168e-02 -5.921486610183372690e-02 9.981183416478809356e-01 8.642635993501185609e+00
-1.268592689006302621e-01 -9.902991815951843746e-01 -5.669441617925025101e-02 2.446230488844873463e+01 9.917839962475490934e-01 -1.256854502529751727e-01 -2.382587631020188779e-02 -1.340663467963755977e+02 1.646908258646240242e-02 -5.925114789280755412e-02 9.981072441336877876e-01 8.607716566006393677e+00
-1.269669582374375327e-01 -9.902872213751683361e-01 -5.666225107583420378e-02 2.337254991857295749e+01 9.917541372511995412e-01 -1.257374231031329614e-01 -2.477562666235512065e-02 -1.341965188561301829e+02 1.741042104779406269e-02 -5.934070788617039349e-02 9.980859470138364609e-01 8.563100035169050273e+00
-1.262865904512253667e-01 -9.903751015174686589e-01 -5.664675954075606978e-02 2.230428193613430210e+01 9.918450783325329922e-01 -1.250728473681861352e-01 -2.449741698109821411e-02 -1.343335972729436492e+02 1.717666031962757425e-02 -5.927850491939021249e-02 9.980936935953387268e-01 8.541632632544004622e+00
-1.258285911700562920e-01 -9.904481220283473109e-01 -5.638867984515371495e-02 2.121676553799407472e+01 9.918963499364085168e-01 -1.245986136465830896e-01 -2.483578990448518167e-02 -1.344748355605468930e+02 1.757261013592077009e-02 -5.905677817041755928e-02 9.980999450581795607e-01 8.504036670094141215e+00
-1.248227574222107172e-01 -9.905932681773771398e-01 -5.607366825150462281e-02 2.012740435572089481e+01 9.920180306620159927e-01 -1.235848634319962613e-01 -2.504013522230069330e-02 -1.346098235051270251e+02 1.787473275246904275e-02 -5.875166867552539252e-02 9.981125865136002417e-01 8.460842267982027209e+00
-1.237573701300984652e-01 -9.907888334098723382e-01 -5.496909066727174303e-02 1.905359203916428612e+01 9.921444727083551518e-01 -1.225270236173798821e-01 -2.522843153520357845e-02 -1.347418873765000740e+02 1.826084917911049293e-02 -5.765948381464210820e-02 9.981692869015189595e-01 8.399678365862138563e+00
-1.223120400128361318e-01 -9.909700055415527897e-01 -5.493826521536435137e-02 1.795668466452117684e+01 9.923156706862977794e-01 -1.210603736752999815e-01 -2.557333838199671305e-02 -1.348770572909755003e+02 1.869156436207855196e-02 -5.764402868096654697e-02 9.981622069479119119e-01 8.361873789287233905e+00
-1.213491563948918550e-01 -9.910967793084720645e-01 -5.478646079664271917e-02 1.686649507421602223e+01 9.924291896799940504e-01 -1.200890102112732727e-01 -2.574748720918719480e-02 -1.350091446186700068e+02 1.893899979826395644e-02 -5.749611874597002070e-02 9.981660736649942134e-01 8.311412301236179800e+00
-1.200708574578410737e-01 -9.912663459580263181e-01 -5.453458132562993832e-02 1.577641465940517129e+01 9.925894832077054586e-01 -1.188344757979455935e-01 -2.538671280981885658e-02 -1.351293711534856357e+02 1.868440565818329027e-02 -5.717865627006649132e-02 9.981891074602797786e-01 8.272961096056814512e+00
-1.188384899670011929e-01 -9.914310999392124124e-01 -5.423824642894881087e-02 1.466683974877200392e+01 9.927414208784031135e-01 -1.176232404332568926e-01 -2.508474800173667724e-02 -1.352563712970378447e+02 1.849012100266929359e-02 -5.682558739955671095e-02 9.982128871348044941e-01 8.233233835949560486e+00
-1.179380957650009165e-01 -9.915474953931630031e-01 -5.407559474356984919e-02 1.356746695483504261e+01 9.928436241393766570e-01 -1.167130003029883678e-01 -2.529058255681067291e-02 -1.353850690121848288e+02 1.876548888554910657e-02 -5.667133261023590829e-02 9.982165178392242710e-01 8.205154857765156962e+00
-1.166585672241506888e-01 -9.917334919967837337e-01 -5.343650011998730964e-02 1.245585441559820872e+01 9.929940701005515180e-01 -1.154500781472673765e-01 -2.518047261133960282e-02 -1.355113438535593957e+02 1.880306991820419882e-02 -5.599964560294067029e-02 9.982537173754957305e-01 8.159261354558232426e+00
-1.157718433103065436e-01 -9.918682794799981162e-01 -5.286015945796927740e-02 1.134098165039166162e+01 9.931069368777000195e-01 -1.146067635843344146e-01 -2.457441079896464931e-02 -1.356311587643918983e+02 1.831644676037405203e-02 -5.534081587863150242e-02 9.982995050965225436e-01 8.118171294078127431e+00
-1.151110038883425002e-01 -9.919770256258367835e-01 -5.225932849105464906e-02 1.023946371385705412e+01 9.931920410936870836e-01 -1.139870581663942062e-01 -2.401083252881944935e-02 -1.357612119008187790e+02 1.786130711829186576e-02 -5.466746016680331527e-02 9.983448514951820396e-01 8.080811462526142464e+00
-1.150675498309041700e-01 -9.919721435501285267e-01 -5.244735833648776768e-02 9.124176783039873229e+00 9.932120521635636745e-01 -1.139862064541250497e-01 -2.317248746337781384e-02 -1.358779388572036169e+02 1.700818664511900835e-02 -5.475774975983901949e-02 9.983548018757076870e-01 8.027072246455482230e+00
-1.154154974998744532e-01 -9.919604969066555533e-01 -5.190024579477580530e-02 7.996860348941119412e+00 9.931849238826824244e-01 -1.143894924026112037e-01 -2.233273382333719748e-02 -1.360060611940689057e+02 1.621634696864649589e-02 -5.412408525392962966e-02 9.984025307892693268e-01 7.976872949357098008e+00
-1.156247568975217188e-01 -9.919531363564961790e-01 -5.157412980264797220e-02 6.855625524937129178e+00 9.931599151680581272e-01 -1.146035112163310554e-01 -2.234766476087746145e-02 -1.361334953214442578e+02 1.625725978648567827e-02 -5.380530168486802323e-02 9.984190958784968650e-01 7.932200903658344515e+00
-1.159608526549020802e-01 -9.918893202137548659e-01 -5.204476051865481595e-02 5.737677523456393480e+00 9.931142416338276657e-01 -1.149069894785836876e-01 -2.281418052520360271e-02 -1.362564683889960691e+02 1.664883526304562072e-02 -5.433194469982349784e-02 9.983841225047197510e-01 7.910544577485211448e+00
-1.159440499700949978e-01 -9.918809476726967445e-01 -5.224139087395648223e-02 4.615875152296100126e+00 9.931239951500084873e-01 -1.149115651735226340e-01 -2.236207608111167103e-02 -1.364013375575405576e+02 1.617737722309387643e-02 -5.447492848352032679e-02 9.983840817205055229e-01 7.861784106835493446e+00
-1.165444408996889614e-01 -9.917953203121506744e-01 -5.253033316377682393e-02 3.472752778565294296e+00 9.930483502141905783e-01 -1.154863707351998503e-01 -2.275680802059667357e-02 -1.365111956897004006e+02 1.650355816947430762e-02 -5.481734015191235682e-02 9.983600010950040016e-01 7.813794076197638994e+00
-1.173285296275918821e-01 -9.917170760238883664e-01 -5.226143184085532689e-02 2.349669103333924980e+00 9.929467178455056997e-01 -1.162449808534646856e-01 -2.332209137739157251e-02 -1.366384522557953005e+02 1.705378712383384676e-02 -5.462916390543359063e-02 9.983610683493864268e-01 7.764636076113138330e+00
-1.176458980639729646e-01 -9.916412107765995021e-01 -5.298256088791442053e-02 1.217153134857553942e+00 9.929047629623377613e-01 -1.165305872036133117e-01 -2.368024350984668583e-02 -1.367787878287356023e+02 1.730821641376923195e-02 -5.539252057364174586e-02 9.983146269133157391e-01 7.730754995724919532e+00
-1.186562912415112248e-01 -9.915033105493026300e-01 -5.330918981360565495e-02 9.880275502211412209e-02 9.927668654866727005e-01 -1.174759345686291478e-01 -2.476601681728725357e-02 -1.369086455904730997e+02 1.829304076901024784e-02 -5.586224097725153714e-02 9.982708924397338812e-01 7.702993513614678989e+00
-1.194260450075135260e-01 -9.913994001623693819e-01 -5.352241709375393786e-02 -1.040028467172660731e+00 9.926748921126069547e-01 -1.182399045714617181e-01 -2.481700095007196086e-02 -1.370343061293837650e+02 1.827507436613086053e-02 -5.609415588656294083e-02 9.982582167617185531e-01 7.657223313891606153e+00
-1.201791680222796810e-01 -9.913016963886726041e-01 -5.364619567511906550e-02 -2.154329864879828804e+00 9.925664941875796954e-01 -1.189359045929219150e-01 -2.580707683642363692e-02 -1.371674502236153614e+02 1.920214023619040700e-02 -5.634888939104225336e-02 9.982264675286594002e-01 7.625288888241125385e+00
-1.207346054028566318e-01 -9.912471975979821881e-01 -5.340550825863940587e-02 -3.262160880237835237e+00 9.924918726143290293e-01 -1.194756426670335880e-01 -2.618116887769209034e-02 -1.373134433778268999e+02 1.957135285869128147e-02 -5.616550599297073787e-02 9.982296319403838325e-01 7.580973697139786083e+00
-1.219279054620916458e-01 -9.910934478131293579e-01 -5.354776906194846919e-02 -4.385427058140816570e+00 9.923382215895327763e-01 -1.206407140285359336e-01 -2.665843377261581382e-02 -1.374479604369657579e+02 1.996095794673117749e-02 -5.638790491381585890e-02 9.982093790068691241e-01 7.522583407983284509e+00
-1.228852091557031123e-01 -9.909598361187653692e-01 -5.383148307662657950e-02 -5.521020954220499988e+00 9.922039374007570744e-01 -1.215433294670478226e-01 -2.754207088255123531e-02 -1.375770294450095719e+02 2.075022836486216729e-02 -5.679632260573460462e-02 9.981701286660863426e-01 7.485935911607440651e+00
-1.237299119002353009e-01 -9.908304759862156530e-01 -5.427593166487116455e-02 -6.620869854708381297e+00 9.920816350998094002e-01 -1.223270072042577095e-01 -2.846282849856111158e-02 -1.377190557421819790e+02 2.156242562535682500e-02 -5.736785829520937158e-02 9.981202285475291314e-01 7.456022309821608296e+00
-1.246183188606604375e-01 -9.906986920894043092e-01 -5.464774557734562721e-02 -7.732198875916018288e+00 9.919691680942221979e-01 -1.231994700927245834e-01 -2.861922639290444964e-02 -1.378474599104867195e+02 2.162045685916997792e-02 -5.777535859876065799e-02 9.980954682714401338e-01 7.423320560630433107e+00
-1.259038931481697432e-01 -9.905532905881020422e-01 -5.433588312724275948e-02 -8.855982300756238601e+00 9.918107693392128610e-01 -1.245019001464160446e-01 -2.847234944100679802e-02 -1.379815935784973533e+02 2.143845873408829414e-02 -5.747569368885406538e-02 9.981166951424527145e-01 7.381729766199898179e+00
-1.267937644224461646e-01 -9.904402448202680453e-01 -5.432736643674566934e-02 -9.936337747951373700e+00 9.917077239242937381e-01 -1.254181386435788692e-01 -2.803713266502852464e-02 -1.381169146419518654e+02 2.095546736490490683e-02 -5.743180250999661840e-02 9.981294787992042172e-01 7.344009277823763782e+00
-1.274610911042475259e-01 -9.903698897820492064e-01 -5.404767957652516913e-02 -1.102728822328701419e+01 9.916198734233829803e-01 -1.260857369687728990e-01 -2.814984129326091739e-02 -1.382516972710867833e+02 2.106411370813072309e-02 -5.718276266615187481e-02 9.981414903547279893e-01 7.312757601760462300e+00
-1.284039397087901602e-01 -9.902648373429288053e-01 -5.373993105172736318e-02 -1.211059532639422898e+01 9.914955373120548643e-01 -1.270281526747916168e-01 -2.829218829128789248e-02 -1.383959283221323346e+02 2.119027506997612012e-02 -5.691573025282946341e-02 9.981540822399345148e-01 7.264427320885193495e+00
-1.291899822543463028e-01 -9.901155513022747989e-01 -5.459984940011011756e-02 -1.319797241700787716e+01 9.913901121345833900e-01 -1.277789158856550422e-01 -2.860409440736706721e-02 -1.385346906113842635e+02 2.134464913978646738e-02 -5.782511326819590736e-02 9.980985233075038154e-01 7.237728987091973210e+00
-1.298560864451911989e-01 -9.900159732623423636e-01 -5.482489852755363657e-02 -1.429778201782412772e+01 9.912859647622545012e-01 -1.283913164893166758e-01 -2.945854571269300448e-02 -1.386680202398929111e+02 2.212538990629915256e-02 -5.817252388849578071e-02 9.980613330782516224e-01 7.181510019065760808e+00
-1.305660355908819792e-01 -9.899224326000188867e-01 -5.482780120833923021e-02 -1.536698178763564293e+01 9.912095652919665767e-01 -1.291447351225276652e-01 -2.872690487752810329e-02 -1.388030041750898249e+02 2.135668569303039721e-02 -5.809659908628751757e-02 9.980825001726141288e-01 7.139206363244777975e+00
-1.312956571361436620e-01 -9.898652879859608511e-01 -5.411249446901410243e-02 -1.642259207375553487e+01 9.911302896838323218e-01 -1.299403690727014560e-01 -2.786125188308908804e-02 -1.389403415487383597e+02 2.054748861615516772e-02 -5.729059369321451434e-02 9.981460757754087032e-01 7.080812921263113680e+00
-1.323530232049909827e-01 -9.897507106862701853e-01 -5.363028943165241980e-02 -1.749069146899161353e+01 9.909940499614879883e-01 -1.310213781201170491e-01 -2.764401230707217577e-02 -1.390684637212809491e+02 2.033396639682884602e-02 -5.680606632683698337e-02 9.981781407339291867e-01 7.052313092331524480e+00
-1.333193125567588844e-01 -9.895816986671482907e-01 -5.435092052978586497e-02 -1.855121886350026728e+01 9.909070625100301344e-01 -1.320924663465288251e-01 -2.558854826352482612e-02 -1.392165730476478700e+02 1.814261191606160104e-02 -5.726815867070476906e-02 9.981939709471953082e-01 7.036829283460114048e+00
-1.341890790187993954e-01 -9.894792770561016138e-01 -5.407449813564046970e-02 -1.963121553748219128e+01 9.908012132801524707e-01 -1.330045989868446910e-01 -2.495460700806041016e-02 -1.393499671527870021e+02 1.749990956160900335e-02 -5.692571409199561477e-02 9.982250328660626781e-01 7.024372978762567499e+00
-1.351497849653000571e-01 -9.893491889302684639e-01 -5.406216779646748349e-02 -2.068746762566222941e+01 9.906771339609256044e-01 -1.339851162627905268e-01 -2.463340956938683823e-02 -1.394914848429014569e+02 1.712751794043180717e-02 -5.688735345458384440e-02 9.982336786274711438e-01 6.980839256207831411e+00
-1.358515667300796981e-01 -9.892451174414795823e-01 -5.420746659987328575e-02 -2.174394307051882791e+01 9.905864311051437721e-01 -1.346996662778310316e-01 -2.438283033234300845e-02 -1.396310232249190051e+02 1.681886819490473195e-02 -5.700962658038224995e-02 9.982319510764058323e-01 6.935540029006070029e+00
-1.369300771946195816e-01 -9.891109703917874141e-01 -5.394109945201824852e-02 -2.282202403028548687e+01 9.904375591019570768e-01 -1.357814103005534623e-01 -2.443051651010488129e-02 -1.397660121061273344e+02 1.684029333572497830e-02 -5.677056338816594688e-02 9.982452141898587872e-01 6.875388545465729528e+00
-1.376726979751319302e-01 -9.890380878098665729e-01 -5.338435251692130734e-02 -2.387087737576571556e+01 9.903231777529306612e-01 -1.364988817419692246e-01 -2.506110309881315334e-02 -1.399139585850524838e+02 1.749948106617724153e-02 -5.631799130468671810e-02 9.982595113585543967e-01 6.833058772954731630e+00
-1.384140642855826719e-01 -9.889516759720267114e-01 -5.306721586880631947e-02 -2.493306903592360158e+01 9.902282524374279582e-01 -1.372741693716053035e-01 -2.457255579002321291e-02 -1.400528579725115037e+02 1.701631225220553989e-02 -5.594984374826915408e-02 9.982885655469964092e-01 6.804163190166478969e+00
-1.389500712739093480e-01 -9.888763052505959994e-01 -5.307099591025173091e-02 -2.600979690964344471e+01 9.901623311727660859e-01 -1.378396194232993643e-01 -2.405820533111238668e-02 -1.402043297667984234e+02 1.647530332010604948e-02 -5.589179037363557756e-02 9.983008925916775356e-01 6.764457898562164395e+00
-1.396121797621505678e-01 -9.888012669805165133e-01 -5.273038668345589319e-02 -2.707925281035443277e+01 9.900726460171848098e-01 -1.385204903662129450e-01 -2.383756189786880031e-02 -1.403549733663392090e+02 1.626637238574682801e-02 -5.553492744597512965e-02 9.983242343862932522e-01 6.718616302938104745e+00
-1.401798607084727699e-01 -9.887587473012174888e-01 -5.201678851179301899e-02 -2.814916197860710412e+01 9.899822259166258798e-01 -1.390705148197413088e-01 -2.438409885427924445e-02 -1.404906219281908193e+02 1.687598947962154830e-02 -5.491385565683370301e-02 9.983484709438804616e-01 6.690901422450561853e+00
-1.403851036255558959e-01 -9.887415478299577121e-01 -5.178971205617180495e-02 -2.922534582132634995e+01 9.899546985101459473e-01 -1.392860352246696465e-01 -2.427128527865861363e-02 -1.406429670767901143e+02 1.678444451651193992e-02 -5.467679568346475727e-02 9.983630253750690464e-01 6.660407719473286470e+00
-1.389453268830962429e-01 -9.889508670233533305e-01 -5.167570755304234931e-02 -3.030640965929636366e+01 9.901591932573872157e-01 -1.378561946802245863e-01 -2.409235555457994032e-02 -1.407953077467485912e+02 1.670233951366617217e-02 -5.451469711963997239e-02 9.983732666957404467e-01 6.641097302632435806e+00
-1.374732045116648926e-01 -9.891658371989401344e-01 -5.149819957837685480e-02 -3.137320093297269352e+01 9.903800587775030140e-01 -1.364425104992217364e-01 -2.303867410550683795e-02 -1.409374723859313576e+02 1.576252572286352197e-02 -5.416999028235237879e-02 9.984073091357283936e-01 6.601589819138816928e+00
-1.365849482117633684e-01 -9.893152505221489701e-01 -5.098908712938321486e-02 -3.244523881915426955e+01 9.904900823313231850e-01 -1.355248758788214491e-01 -2.371507582359998201e-02 -1.410864619901331025e+02 1.655139647519250287e-02 -5.374330751198622136e-02 9.984176020946310404e-01 6.540159461886040582e+00
-1.360649692552018397e-01 -9.893633958102089343e-01 -5.144312560948330337e-02 -3.351928154183089248e+01 9.905611773717751811e-01 -1.349933928414699391e-01 -2.377683269469622884e-02 -1.412225846477230959e+02 1.657944587204179809e-02 -5.419275708100380895e-02 9.983928420489278643e-01 6.482712544865560034e+00
-1.352495063320249269e-01 -9.894811436460703158e-01 -5.132871911326988140e-02 -3.457599215621084454e+01 9.906729097628751424e-01 -1.341823277232869760e-01 -2.371262930843317379e-02 -1.413719879803149695e+02 1.657579255729046269e-02 -5.405709292614425260e-02 9.984002573144058479e-01 6.443942535732603893e+00
-1.346285250771435127e-01 -9.895734292966652523e-01 -5.118191346160268218e-02 -3.565885515047358467e+01 9.907515469511417594e-01 -1.335468327366580166e-01 -2.401282323939952709e-02 -1.415103191800432683e+02 1.692726940390849866e-02 -5.394137091366082992e-02 9.984006190174775641e-01 6.428779116927714199e+00
-1.339021930285486661e-01 -9.896907832189740795e-01 -5.081689004218270522e-02 -3.671762516452323410e+01 9.908458135780668918e-01 -1.328175511779938756e-01 -2.416757774167683712e-02 -1.416511271341318547e+02 1.716905404978150487e-02 -5.358779441715214031e-02 9.984155306647332084e-01 6.415028728930561641e+00
-1.338946774660960681e-01 -9.897143187967837319e-01 -5.037640831648131090e-02 -3.776812348803159125e+01 9.908445882521536019e-01 -1.328138800750522375e-01 -2.423788750757848581e-02 -1.417938172292021193e+02 1.729789807087911066e-02 -5.316051568625302509e-02 9.984361483311294805e-01 6.383875030453981303e+00
-1.336606996874203368e-01 -9.897401441904556396e-01 -5.049024001651796628e-02 -3.882825914720579163e+01 9.908686512271409619e-01 -1.325546129383832206e-01 -2.466962918372237606e-02 -1.419311160723171099e+02 1.772380812286685620e-02 -5.332655592302729813e-02 9.984198240514918776e-01 6.338559854136774696e+00
-1.342641730192142280e-01 -9.896451385463306272e-01 -5.075068073514525657e-02 -3.988081077261560381e+01 9.908064475661361170e-01 -1.332109811941897259e-01 -2.360970035080463270e-02 -1.420619018494549266e+02 1.660467719770764017e-02 -5.345403858358464821e-02 9.984322463013024507e-01 6.293049177031703856e+00
-1.346164660383835088e-01 -9.896070733218694793e-01 -5.055934634329137256e-02 -4.094248916155184759e+01 9.907641156172694030e-01 -1.335849471756012097e-01 -2.327077766688855076e-02 -1.422065429834847237e+02 1.627495857035199389e-02 -5.322501591747977323e-02 9.984499103130398678e-01 6.248528176503543641e+00
-1.347448913124951186e-01 -9.895845693595521908e-01 -5.065761888061600521e-02 -4.198201625821093330e+01 9.907512444591171086e-01 -1.337259937584118763e-01 -2.300717705491982235e-02 -1.423368043708988182e+02 1.599330697182654165e-02 -5.328919851897846727e-02 9.984510380851481237e-01 6.227594090942193183e+00
-1.348510632768502582e-01 -9.895758436914201539e-01 -5.054542823556502917e-02 -4.303516732239005904e+01 9.907333612230213582e-01 -1.338232328732968934e-01 -2.321097376400169110e-02 -1.424762432965143262e+02 1.620486633196284096e-02 -5.320706650204506949e-02 9.984520070496178956e-01 6.191473487186587299e+00
-1.351632308249266501e-01 -9.894856978413641979e-01 -5.146799782735007878e-02 -4.408498337927910882e+01 9.906922840316589873e-01 -1.341180497356324608e-01 -2.326256854358436238e-02 -1.426032246589180374e+02 1.611519137652918029e-02 -5.413319224375109234e-02 9.984036749253274445e-01 6.171712290337838525e+00
-1.356237225442766814e-01 -9.893962578061049618e-01 -5.197355984063931067e-02 -4.514333200454989026e+01 9.906395301838587519e-01 -1.346010092057277063e-01 -2.271320228200364097e-02 -1.427506318403701471e+02 1.547666373404315079e-02 -5.456751194690008522e-02 9.983901339254050988e-01 6.150475355581502157e+00
-1.355895853982864718e-01 -9.894083296230916647e-01 -5.183263068728651696e-02 -4.615344273883965798e+01 9.906371718412599892e-01 -1.345457764646726950e-01 -2.313931290830648774e-02 -1.428927165768611758e+02 1.592036739120598204e-02 -5.448478051678450756e-02 9.983876755019398530e-01 6.112258428471903038e+00
-1.354960700554315167e-01 -9.894694195127077263e-01 -5.090268017225526437e-02 -4.717026329349678804e+01 9.906454614632594913e-01 -1.344590848276003836e-01 -2.328785498001117657e-02 -1.430387134179821942e+02 1.619829255753429259e-02 -5.358192191877284016e-02 9.984320672743394187e-01 6.070985945812908291e+00
-1.362063183270463274e-01 -9.893891989588315949e-01 -5.056532241954890539e-02 -4.820687569380002913e+01 9.905440706568048315e-01 -1.351630271248154269e-01 -2.352445929460171906e-02 -1.431624161483466082e+02 1.644028389165710924e-02 -5.329136029468593827e-02 9.984436628991660845e-01 6.027894942360777719e+00
-1.364356999430718087e-01 -9.894186084528950875e-01 -4.935703625807155714e-02 -4.921243179800222123e+01 9.904909581945093855e-01 -1.353548032745626184e-01 -2.463207188660485741e-02 -1.432995830289942205e+02 1.769071835642952242e-02 -5.224839210579543952e-02 9.984774128674080984e-01 5.984635220910381470e+00
-1.369436916024691087e-01 -9.893841078114512522e-01 -4.863653503722106808e-02 -5.023819862374620016e+01 9.904012879284941340e-01 -1.358244456023458557e-01 -2.563218380075586028e-02 -1.434537146693083685e+02 1.875404489352034201e-02 -5.167985281475157705e-02 9.984875956230890859e-01 5.962770069084568192e+00
-1.375073595290263739e-01 -9.893180649871616827e-01 -4.838896946013603040e-02 -5.125936874626923156e+01 9.903170734813654397e-01 -1.363769420202305405e-01 -2.595040763678421042e-02 -1.435907216987414472e+02 1.907406738636774346e-02 -5.148879465737713629e-02 9.984914040581774897e-01 5.935906602535729881e+00
-1.380384448095453020e-01 -9.892606739796411253e-01 -4.804900281908962290e-02 -5.226724508784736400e+01 9.902425604658676717e-01 -1.369143688487599597e-01 -2.596395664663796177e-02 -1.437267063728205301e+02 1.910652235664331289e-02 -5.116419177601135015e-02 9.985074693177525829e-01 5.918959269556533620e+00
-1.383384653464312386e-01 -9.892461500932532292e-01 -4.748182316708991768e-02 -5.328250450521518644e+01 9.901886653782527858e-01 -1.371973859258210915e-01 -2.651950700061639354e-02 -1.438650749603800989e+02 1.971993818521400668e-02 -5.068463101175618712e-02 9.985200009099334251e-01 5.883333273909872929e+00
-1.385008705245793781e-01 -9.892531608673085231e-01 -4.685821782753864240e-02 -5.431284050607764158e+01 9.901499218094356181e-01 -1.373362518309335645e-01 -2.723758935367007195e-02 -1.439993793712882564e+02 2.050953935861228594e-02 -5.016909055454120414e-02 9.985301303156693953e-01 5.828674853569621561e+00
-1.389232150115164988e-01 -9.892258160209485007e-01 -4.618035565640704609e-02 -5.533595883532240123e+01 9.900895056931492411e-01 -1.377735348428277273e-01 -2.722542585906438661e-02 -1.441468239086809433e+02 2.056966327286863239e-02 -4.950492919498479527e-02 9.985620416069500571e-01 5.799445553476910042e+00
-1.400082864309879493e-01 -9.890944408895551154e-01 -4.571506023223366466e-02 -5.637353539260684698e+01 9.899276952913790284e-01 -1.388485038630977719e-01 -2.764509124741670876e-02 -1.442831799305773757e+02 2.099613835344732449e-02 -4.912514606958076624e-02 9.985719213946911976e-01 5.784612453445821423e+00
-1.400320377155372942e-01 -9.891063240096423792e-01 -4.538400838805248944e-02 -5.739910907155078945e+01 9.899310686117902547e-01 -1.388972208870304925e-01 -2.727712277675969216e-02 -1.444251278914071008e+02 2.067626200146630705e-02 -4.874671100691780473e-02 9.985971411713808754e-01 5.759993814555071978e+00
-1.403413276660285813e-01 -9.890574596439909438e-01 -4.549344207148164204e-02 -5.843315780618527810e+01 9.898785621000203427e-01 -1.391826125610775566e-01 -2.772422506525616670e-02 -1.445676430730236177e+02 2.108895549173566558e-02 -4.892383757686866175e-02 9.985798486215410330e-01 5.743845690613346378e+00
-1.406396891423193907e-01 -9.890495298109197586e-01 -4.473818747725642753e-02 -5.945466728764418463e+01 9.898355879259884693e-01 -1.395002010699069039e-01 -2.766229883195002806e-02 -1.447096601227759436e+02 2.111839750464887186e-02 -4.817386721298061447e-02 9.986156877420772071e-01 5.718122953261692842e+00
-1.411872282371924303e-01 -9.889751861547882994e-01 -4.465700116220496646e-02 -6.048343131979410003e+01 9.897646228891195941e-01 -1.400651808866386627e-01 -2.734476879317796622e-02 -1.448557872808578679e+02 2.078840686195376070e-02 -4.806065202736443248e-02 9.986280668331160015e-01 5.697057781627071549e+00
-1.417455902675588408e-01 -9.888725317572267803e-01 -4.515864895846476851e-02 -6.149811932245759749e+01 9.896791135669179562e-01 -1.405955270345566888e-01 -2.771551816717229832e-02 -1.449942573470220282e+02 2.105801056845119784e-02 -4.862112415327012049e-02 9.985952866286578189e-01 5.641707171476671334e+00
-1.421359617585182811e-01 -9.887988555367693833e-01 -4.554329439287883863e-02 -6.254175936531864721e+01 9.896201337672948517e-01 -1.409675337714626497e-01 -2.793108062344715550e-02 -1.451438213699369157e+02 2.119809466397798089e-02 -4.904057209665241279e-02 9.985718116745786466e-01 5.609693665589699840e+00
-1.424949638278385500e-01 -9.887842851171725345e-01 -4.473055766503524627e-02 -6.356106825842126540e+01 9.895614512917515482e-01 -1.413329434743537671e-01 -2.816262072743606903e-02 -1.452818479994024017e+02 2.152485542495519849e-02 -4.827666718195480766e-02 9.986020448630863466e-01 5.557938688981391095e+00
-1.426123406356067935e-01 -9.887566192912641272e-01 -4.496741160155746930e-02 -6.459465738968394533e+01 9.895294716016370673e-01 -1.414099068672816095e-01 -2.889053602084531297e-02 -1.454269311799846776e+02 2.220687123884454439e-02 -4.861672600553255258e-02 9.985706128373117441e-01 5.536855754069593516e+00
-1.430818487106946257e-01 -9.886750950386775649e-01 -4.526743884727933015e-02 -6.562431491073567713e+01 9.894844015220161104e-01 -1.419210257515608475e-01 -2.791131659816345825e-02 -1.455751253911459742e+02 2.117082223599194707e-02 -4.878502741504936457e-02 9.985849074495192212e-01 5.511864967342799737e+00
-1.439774337443671115e-01 -9.885509019080356286e-01 -4.513992588823393520e-02 -6.665880722313934825e+01 9.893813063583647427e-01 -1.428822668623899173e-01 -2.663246974803161124e-02 -1.457169831930933412e+02 1.987785705254397489e-02 -4.849507349281675928e-02 9.986256048419371867e-01 5.524755611382198950e+00
-1.440092010330769057e-01 -9.885899769519095326e-01 -4.417247432551019842e-02 -6.766742211441969346e+01 9.893943242746336963e-01 -1.429830692506246503e-01 -2.558736017669675095e-02 -1.458664810715437739e+02 1.897949185188498727e-02 -4.738881068241843769e-02 9.986961897950498157e-01 5.498163338962924307e+00
-1.444816252857639149e-01 -9.885211241903003598e-01 -4.417065750392663165e-02 -6.870024867857468109e+01 9.893336976284080597e-01 -1.434756716676810484e-01 -2.517074445481364692e-02 -1.460064100199855659e+02 1.854439785180018313e-02 -4.733622998352183392e-02 9.987068572104935704e-01 5.452670074143268764e+00
-1.444434027958709787e-01 -9.885115119997990307e-01 -4.450948250227984571e-02 -6.971501661943247541e+01 9.893387283673488186e-01 -1.434274557488239843e-01 -2.524768286191750657e-02 -1.461579801133102023e+02 1.857374332832668895e-02 -4.768181604438068155e-02 9.986898720210810598e-01 5.404832969561621070e+00
-1.454750802147455335e-01 -9.883774601938064563e-01 -4.412479141428189700e-02 -7.073768738535983402e+01 9.891732409778555279e-01 -1.444316448638247596e-01 -2.599614000761579780e-02 -1.462918683719745161e+02 1.932098263233200663e-02 -4.742885348361873532e-02 9.986877407314813659e-01 5.369308424796336965e+00
-1.460055517575937767e-01 -9.883073089533074285e-01 -4.394362212463499839e-02 -7.176102389842229456e+01 9.890943004492429580e-01 -1.449641838106912051e-01 -2.603555705037360543e-02 -1.464410559671665339e+02 1.936088001057190144e-02 -4.726572205702782303e-02 9.986947020204142156e-01 5.339196246818278091e+00
-1.466567619573777570e-01 -9.881975450818856199e-01 -4.424258204842694553e-02 -7.277977602223029407e+01 9.889968907702770817e-01 -1.456039243261191274e-01 -2.616576518197887002e-02 -1.465832366255824297e+02 1.941505134944931932e-02 -4.759316248126924109e-02 9.986780996227612173e-01 5.319424068740711498e+00
-1.471146615877769737e-01 -9.881150331456953761e-01 -4.456408438861212545e-02 -7.378110174800748666e+01 9.889399253480279928e-01 -1.460802516997032896e-01 -2.565899678452621471e-02 -1.467302375089329587e+02 1.884410779397214381e-02 -4.784601691711472260e-02 9.986769539078271807e-01 5.319717270447286595e+00
-1.476587457565052830e-01 -9.880379932498458695e-01 -4.447267359214513577e-02 -7.477621500705804181e+01 9.888612173197443012e-01 -1.466319501701185413e-01 -2.554533362909020000e-02 -1.468802632314391019e+02 1.871864531768870771e-02 -4.774929406939520948e-02 9.986839426131497444e-01 5.306889702381570650e+00
-1.478973161613652554e-01 -9.879906265399478471e-01 -4.473148490120747861e-02 -7.578885703546413311e+01 9.888302177364842738e-01 -1.468754750990948210e-01 -2.534551845263563474e-02 -1.470296628447882767e+02 1.847117655924646745e-02 -4.798037811040040124e-02 9.986774749401831075e-01 5.273147952144212169e+00
-1.482146838205999906e-01 -9.879398271912310792e-01 -4.480296139007240719e-02 -7.680019514173115169e+01 9.887774917196313629e-01 -1.471770786687802701e-01 -2.565110880953123257e-02 -1.471741654693515784e+02 1.874778303145074876e-02 -4.810203076673975203e-02 9.986664684806040304e-01 5.221632499417335538e+00
-1.486138066385307432e-01 -9.879164292139110959e-01 -4.398937787285392420e-02 -7.779842350083585245e+01 9.887136868623147556e-01 -1.475869100471165485e-01 -2.575557015235829458e-02 -1.473160958544538630e+02 1.895209454213668890e-02 -4.732053330193661256e-02 9.986999475520593750e-01 5.182274153179381670e+00
-1.487609192369410138e-01 -9.879299854653135204e-01 -4.318023536626478670e-02 -7.876962419358584100e+01 9.886907045222669277e-01 -1.477527506541835844e-01 -2.568687340620715714e-02 -1.474574683324646571e+02 1.899683392158291184e-02 -4.651310022593992816e-02 9.987370283554762862e-01 5.143099255968783368e+00
-1.488055088745539045e-01 -9.879473399528904132e-01 -4.262597809544281524e-02 -7.975818297443872495e+01 9.886654593042278893e-01 -1.477678447742940548e-01 -2.655698833678784426e-02 -1.476074579408809200e+02 1.993815706992964343e-02 -4.609465837565423357e-02 9.987380799598494230e-01 5.135593932079027368e+00
-1.490584047403173962e-01 -9.879232558868997760e-01 -4.229931978293444833e-02 -8.074851501872723247e+01 9.886238195431440445e-01 -1.480210510516752898e-01 -2.669666416394698635e-02 -1.477447473473189916e+02 2.011306560912475005e-02 -4.579747726004745889e-02 9.987482443881533500e-01 5.139883288216506863e+00
-1.486322285030268198e-01 -9.880007216925736913e-01 -4.198850539347648292e-02 -8.173444312323863414e+01 9.886796901184287112e-01 -1.475853006655640787e-01 -2.703792474993866116e-02 -1.479004036281053516e+02 2.051660297301502109e-02 -4.553188951063881496e-02 9.987521794920092288e-01 5.136850624095232298e+00
-1.476053858676480424e-01 -9.881708162863653833e-01 -4.160634450177775473e-02 -8.269563156037779095e+01 9.888160285949583184e-01 -1.465326128041750664e-01 -2.776787673690553349e-02 -1.480464698084920201e+02 2.134271905257099228e-02 -4.523970849507780168e-02 9.987481449888773177e-01 5.106472464384040677e+00
-1.463692623878756205e-01 -9.883795770315459972e-01 -4.101037350441431861e-02 -8.368437589462602944e+01 9.889588692030089057e-01 -1.452327398533730385e-01 -2.945855222831646539e-02 -1.482034702782758586e+02 2.316018248492887274e-02 -4.486939916719200755e-02 9.987243578513743669e-01 5.049879888999075028e+00
-1.449302756779300427e-01 -9.886009752544120399e-01 -4.078390513358046837e-02 -8.465932208846892593e+01 9.891337952914671661e-01 -1.437334959396545653e-01 -3.090335187748443832e-02 -1.483385114923246988e+02 2.468907054179064059e-02 -4.481957017856148112e-02 9.986899698729287955e-01 5.018342871309060094e+00
-1.432365627338143543e-01 -9.888329350077906810e-01 -4.114260249522549290e-02 -8.558777857768482988e+01 9.893672321875801590e-01 -1.420071705617134139e-01 -3.140769623106716424e-02 -1.484709117031415246e+02 2.521441987610700125e-02 -4.520387320722092650e-02 9.986595229993938672e-01 5.005752094864323709e+00
-1.417539768726565619e-01 -9.890370036391026298e-01 -4.137167477117913855e-02 -8.653181559388414712e+01 9.895751890686405039e-01 -1.405096596958861355e-01 -3.159083271949057747e-02 -1.485872446140838292e+02 2.543138259220181080e-02 -4.541850905448252540e-02 9.986442829229620344e-01 4.996278364082015422e+00
-1.400341427724074439e-01 -9.892625932301702951e-01 -4.183252913124028277e-02 -8.746261332641905994e+01 9.898222966261750466e-01 -1.387819134612722216e-01 -3.148653041719106510e-02 -1.487161678073190387e+02 2.534284829457313787e-02 -4.581595935421429316e-02 9.986283782813160093e-01 4.977088349224164432e+00
-1.387465701670806961e-01 -9.894479883449865953e-01 -4.173808365187121894e-02 -8.837800986987966212e+01 9.899800803264765525e-01 -1.374576591601111009e-01 -3.232386881247117927e-02 -1.488418075187660747e+02 2.624556769541173951e-02 -4.580469733861371184e-02 9.986055777323014082e-01 4.968611844373898023e+00
-1.372823573173238554e-01 -9.896563873636208264e-01 -4.163879584936999029e-02 -8.926088179963188907e+01 9.901781235267081982e-01 -1.359885204562247818e-01 -3.247161827279144986e-02 -1.489611497220042509e+02 2.647334619056670307e-02 -4.568760504243796206e-02 9.986049292322567439e-01 4.974592224088318027e+00
-1.347737409269442743e-01 -9.900141352927683824e-01 -4.132856974380901688e-02 -9.011781692447462433e+01 9.905101597737039354e-01 -1.334727796028374325e-01 -3.278170968945814945e-02 -1.490790297544143925e+02 2.693811689091156827e-02 -4.535448186898827228e-02 9.986076851460573556e-01 4.935583123170259157e+00
-1.326828230461425395e-01 -9.902962616402268825e-01 -4.133500513967903328e-02 -9.097989703504032377e+01 9.907912464646613238e-01 -1.313830196668781536e-01 -3.272931518097529913e-02 -1.491887335675785096e+02 2.698100067656760553e-02 -4.529697919954453478e-02 9.986091373895429335e-01 4.894308655080091164e+00
-1.310282186032010188e-01 -9.905065204538060497e-01 -4.157449781014811024e-02 -9.180103672680189675e+01 9.909889674807278448e-01 -1.296858154507110061e-01 -3.350306855148466739e-02 -1.493023084705006340e+02 2.779338520499356063e-02 -4.558971604845040576e-02 9.985735353640554646e-01 4.882142106780461788e+00
-1.292961195522790430e-01 -9.907513365414701845e-01 -4.116190726889564638e-02 -9.259504524566355599e+01 9.911961884408033718e-01 -1.279379448260020702e-01 -3.408809607652257129e-02 -1.494013305445042761e+02 2.850665692686780300e-02 -4.520698413950279687e-02 9.985708282820325854e-01 4.859621614226573350e+00
-1.281053525159607798e-01 -9.909185746426757424e-01 -4.085825601869673418e-02 -9.336571909919204870e+01 9.913489218097631950e-01 -1.267566046557917492e-01 -3.405992370448389372e-02 -1.494755728074798071e+02 2.857155724459839452e-02 -4.486804658399191903e-02 9.985842600964404125e-01 4.846418175061050881e+00
-1.267651928708946052e-01 -9.910981349473351187e-01 -4.068258571328139256e-02 -9.410343469555490969e+01 9.915229211544593912e-01 -1.254273525140012779e-01 -3.391572005214866375e-02 -1.495721363931761800e+02 2.851109786963965456e-02 -4.463704902031535166e-02 9.985963404464417437e-01 4.859801921662936230e+00
-1.255949221332235410e-01 -9.912448461596453653e-01 -4.073782635697485721e-02 -9.480184549572449271e+01 9.916543354414645295e-01 -1.242299165264020289e-01 -3.447617786227041847e-02 -1.496550388335984678e+02 2.911347685346476685e-02 -4.472787499741869011e-02 9.985748958709697032e-01 4.857900703442924240e+00
-1.253936882080486370e-01 -9.912815041194296128e-01 -4.046483100550951617e-02 -9.547995058049728812e+01 9.916708152332618376e-01 -1.240248433386730298e-01 -3.473949408693487867e-02 -1.497376161799042507e+02 2.941797362466064616e-02 -4.448390524155223374e-02 9.985768698514297936e-01 4.848249283712694258e+00
-1.255460846313769530e-01 -9.912747669470802769e-01 -4.015615827917689423e-02 -9.613461307197123062e+01 9.916565368761993682e-01 -1.241953404983717757e-01 -3.453737496098895771e-02 -1.498054236163839903e+02 2.924882056482936560e-02 -4.415714905317901645e-02 9.985963412125350436e-01 4.840442721274427207e+00
-1.260856433067851778e-01 -9.912123322966704952e-01 -4.000653515251505893e-02 -9.678063399012270906e+01 9.915894268298893754e-01 -1.247412831067298278e-01 -3.449667937727765588e-02 -1.498869946482113846e+02 2.920306749446261591e-02 -4.401959327256417531e-02 9.986037533761986662e-01 4.816795641356195645e+00
-1.271995987049230337e-01 -9.910794377438466585e-01 -3.977197720314125384e-02 -9.735202317480487011e+01 9.914517164648150027e-01 -1.258685120821017023e-01 -3.436002888836995478e-02 -1.499557863982284971e+02 2.904747851842536324e-02 -4.380257695134410351e-02 9.986178339305498142e-01 4.805243393779249139e+00
-1.284759363944500965e-01 -9.909233779026414002e-01 -3.955746318443829207e-02 -9.791925788001246644e+01 9.912822312033764405e-01 -1.271429399226584600e-01 -3.455735707890523339e-02 -1.500275797154169481e+02 2.921424084286471448e-02 -4.365239917624514493e-02 9.986195452614238244e-01 4.793541720154187225e+00
-1.294515340257025304e-01 -9.908079636217046460e-01 -3.926677427805540244e-02 -9.847970220433089139e+01 9.911649798843524817e-01 -1.281415954431732729e-01 -3.423031066364703306e-02 -1.501079178292571044e+02 2.888395729888946009e-02 -4.335101776301764770e-02 9.986422814349823485e-01 4.794081671409212042e+00
-1.314635147579314989e-01 -9.905585052295445836e-01 -3.887405310616399989e-02 -9.900257776851704250e+01 9.909172212510258815e-01 -1.301897443499515639e-01 -3.367032958316935887e-02 -1.501621048101295344e+02 2.829142830675241901e-02 -4.294738855278626422e-02 9.986766828663118378e-01 4.782981884065873324e+00
-1.337915909888063304e-01 -9.902667631330742681e-01 -3.836076139270773455e-02 -9.949542854767364020e+01 9.906040673109718364e-01 -1.325295038909901635e-01 -3.375666490291864830e-02 -1.502254410069587607e+02 2.834417061132489882e-02 -4.251668416459944422e-02 9.986936164610265010e-01 4.763677302123461743e+00
-1.360642216554066586e-01 -9.899620665892973070e-01 -3.823132615481081298e-02 -9.996885826093037508e+01 9.903005713652007769e-01 -1.348123110197039232e-01 -3.362170654923693491e-02 -1.502945563761004735e+02 2.813016066546340441e-02 -4.243521546750692042e-02 9.987031323417191464e-01 4.761763712330514764e+00
-1.382839629447298879e-01 -9.896587532070002524e-01 -3.811951984307190150e-02 -1.004194874409801628e+02 9.900002852796405683e-01 -1.370434840690153422e-01 -3.344426139797104097e-02 -1.503573142380077172e+02 2.787437422671249637e-02 -4.236314052323498364e-02 9.987133640772400955e-01 4.761391516569900340e+00
-1.404840319468745324e-01 -9.893608946187948394e-01 -3.780551503481961728e-02 -1.008498703247255577e+02 9.896882599265226510e-01 -1.392475541244642123e-01 -3.357479462285264948e-02 -1.504169831054890381e+02 2.795326334369351018e-02 -4.213239691084318117e-02 9.987209200767676043e-01 4.751275708660462449e+00
-1.429163997756006665e-01 -9.890275512306071493e-01 -3.740862977936734723e-02 -1.012499903864362238e+02 9.893341955473361482e-01 -1.416812452844711245e-01 -3.382712307227686566e-02 -1.504754740615777280e+02 2.815585544582384706e-02 -4.184408729355447443e-02 9.987273502626646815e-01 4.746179027022519925e+00
-1.457356268901226493e-01 -9.886333248940658569e-01 -3.694964091635676018e-02 -1.016206017242689654e+02 9.889152851874597472e-01 -1.445009572449498236e-01 -3.414721186127361169e-02 -1.505325932346196680e+02 2.841981311600229668e-02 -4.151653001152569994e-02 9.987335440237569140e-01 4.732136622558338779e+00
-1.484363254735296955e-01 -9.882474314356982648e-01 -3.651946796793749395e-02 -1.019841520506837185e+02 9.885118128806981153e-01 -1.472100869376349319e-01 -3.425764293014996881e-02 -1.505797148894897362e+02 2.847899357828576061e-02 -4.118500412236018177e-02 9.987455844008569228e-01 4.725608241310952806e+00
-1.501823657073195761e-01 -9.879950261305658898e-01 -3.620891287812411097e-02 -1.023218814242436565e+02 9.882428983632745023e-01 -1.489569608790712874e-01 -3.446444022794709766e-02 -1.506364968715564885e+02 2.865712590452548780e-02 -4.095915217547226733e-02 9.987497769651608737e-01 4.714929942987566847e+00
-1.522315310549711143e-01 -9.876863010500895879e-01 -3.607397497714012052e-02 -1.026512509892546348e+02 9.879354737958843113e-01 -1.510166502427010560e-01 -3.431429680432485779e-02 -1.506815784670423284e+02 2.844399002181181163e-02 -4.086247750033886877e-02 9.987598296708640744e-01 4.713000532189348668e+00
-1.545988338891930436e-01 -9.873204093142831095e-01 -3.602235294339376642e-02 -1.029639014995066475e+02 9.875768824900277298e-01 -1.533954263938648310e-01 -3.408437079839488071e-02 -1.507244440959535154e+02 2.812653073842886348e-02 -4.084424699907099332e-02 9.987695658938047227e-01 4.717529845233182861e+00
-1.561493116869994147e-01 -9.870794953469247401e-01 -3.593692147829462280e-02 -1.032646549325638148e+02 9.873454680719967458e-01 -1.549649448879706348e-01 -3.368668184250516590e-02 -1.507747957796294145e+02 2.768246985668515806e-02 -4.074230874077950509e-02 9.987861358374497955e-01 4.719504415639012684e+00
-1.577883481444193325e-01 -9.868316171828452887e-01 -3.558365521059055070e-02 -1.035413026320160554e+02 9.870696441163655521e-01 -1.565916641415177057e-01 -3.424278588815513752e-02 -1.508183424731265916e+02 2.821975998918968900e-02 -4.052665850623208416e-02 9.987798731935239038e-01 4.710344735816412332e+00
-1.599892250704881835e-01 -9.864844656023642466e-01 -3.538144975213060317e-02 -1.038217130032719382e+02 9.867031732016787737e-01 -1.587791335168908802e-01 -3.472801107698473416e-02 -1.508707944968713548e+02 2.864080751449755990e-02 -4.046709632334914014e-02 9.987703030527460557e-01 4.704501868353370142e+00
-1.613310558204588130e-01 -9.862678863672005303e-01 -3.532628976599555548e-02 -1.040743781077422341e+02 9.864743490009200144e-01 -1.601064523521211758e-01 -3.513235942018705371e-02 -1.509178890530012040e+02 2.899395093924409320e-02 -4.051641933825093911e-02 9.987581141462329448e-01 4.703761735769627528e+00
-1.632196004878294637e-01 -9.859764847876224536e-01 -3.478122284274908632e-02 -1.043258150836582843e+02 9.861447491679831145e-01 -1.619858148882282745e-01 -3.576491945206244916e-02 -1.509702234496386666e+02 2.962930483506522397e-02 -4.013685614046355599e-02 9.987547932671715367e-01 4.690200553648801396e+00
-1.645901198976089663e-01 -9.857492132146130626e-01 -3.476465272173127202e-02 -1.045483236690069475e+02 9.859261124728824210e-01 -1.633673998197491262e-01 -3.550765298135159093e-02 -1.509927529525571117e+02 2.932223006867904283e-02 -4.011958777088964895e-02 9.987645495815784535e-01 4.698108629611922993e+00
-1.658195979481571491e-01 -9.855472851748114937e-01 -3.464692801491039281e-02 -1.047662150678893909e+02 9.857300624173372938e-01 -1.646130140006947240e-01 -3.519658603216462706e-02 -1.510361037663810748e+02 2.898456456502204043e-02 -3.998880225970787711e-02 9.987796507292336923e-01 4.690048717710816106e+00
-1.669966131425486555e-01 -9.853554298800413225e-01 -3.445007989594348063e-02 -1.049756012679715127e+02 9.855423130007880950e-01 -1.658105083904291011e-01 -3.483137367896819298e-02 -1.510654577573408801e+02 2.860909792311476171e-02 -3.976873285920030227e-02 9.987992628165076603e-01 4.699247579394246088e+00
-1.681416481044419875e-01 -9.851712629411546462e-01 -3.414628600086320326e-02 -1.051822886533196879e+02 9.853388833095209076e-01 -1.669526512577259592e-01 -3.512972069861688973e-02 -1.511059301695268005e+02 2.890797832897774172e-02 -3.955243245297224153e-02 9.987992460329475630e-01 4.691362843977877617e+00
-1.697028107300757593e-01 -9.849080308567258468e-01 -3.401656632052062201e-02 -1.053615245929853188e+02 9.850637228902600073e-01 -1.685060104234739065e-01 -3.542860845058434099e-02 -1.511375536397703172e+02 2.916192510608254726e-02 -3.952081989395497125e-02 9.987931151740168101e-01 4.690536561541561511e+00
-1.708543548799410505e-01 -9.847156795420973774e-01 -3.382040630307142637e-02 -1.055687877749000734e+02 9.848725594954040874e-01 -1.696736686219075807e-01 -3.516941468598912962e-02 -1.511653410966802653e+02 2.889344166988599971e-02 -3.931763777656024222e-02 9.988089368783902300e-01 4.680705719962457323e+00
-1.716363604630879447e-01 -9.845847172123469715e-01 -3.367334849503882815e-02 -1.057588227359596260e+02 9.847383031152221466e-01 -1.704621488450246414e-01 -3.511595348114982668e-02 -1.511987311924859796e+02 2.883459978460813783e-02 -3.918661050690770004e-02 9.988157865253438628e-01 4.670283801833237547e+00
-1.723175368679441544e-01 -9.844708495147426186e-01 -3.352331939837584901e-02 -1.059248203696399031e+02 9.846197870096758953e-01 -1.711483197587639893e-01 -3.510167621029160190e-02 -1.512362781336242108e+02 2.881911721036879356e-02 -3.905635799037973643e-02 9.988213350663582846e-01 4.671799881373164709e+00
-1.737711282834666360e-01 -9.842156536580330961e-01 -3.351331182651827445e-02 -1.060996018262822815e+02 9.843630472832038958e-01 -1.725985139450192385e-01 -3.520147904983057102e-02 -1.512666023887014148e+02 2.886149889412546049e-02 -3.910626648583965387e-02 9.988181585269276797e-01 4.668967440628529530e+00
-1.745895534694514861e-01 -9.840717610735912890e-01 -3.348517398579362037e-02 -1.062580511845860940e+02 9.842124868953875394e-01 -1.734090323805830280e-01 -3.542722297932880682e-02 -1.512952735558083361e+02 2.905629808724295715e-02 -3.914174940330636399e-02 9.988111207806579239e-01 4.669252594863054107e+00
-1.751848356984517796e-01 -9.839682229420531057e-01 -3.341870107536239892e-02 -1.064170652532056778e+02 9.841021854273291902e-01 -1.739997859809518932e-01 -3.559442534635667149e-02 -1.513206788304262034e+02 2.920893661982367287e-02 -3.912302031848908374e-02 9.988074025069588746e-01 4.668852567548315236e+00
-1.758361054394701473e-01 -9.838523845493329922e-01 -3.340882279385416764e-02 -1.065761580864288476e+02 9.839911284973144046e-01 -1.746573243704239164e-01 -3.544401334987877517e-02 -1.513495303006428969e+02 2.903658145273641661e-02 -3.910632251127862946e-02 9.988130818512452880e-01 4.675383852791177297e+00
-1.765458371384258651e-01 -9.837236240923790120e-01 -3.345741758785929915e-02 -1.067186453593344595e+02 9.838618044532256857e-01 -1.753612717239787511e-01 -3.555803871688651557e-02 -1.513806040697073456e+02 2.911214741538550518e-02 -3.919509895260962079e-02 9.988074024009634400e-01 4.667844844581035879e+00
-1.774872894061916284e-01 -9.835627334634794439e-01 -3.320559352114629825e-02 -1.068526039170824902e+02 9.836889197727302081e-01 -1.763058124607916888e-01 -3.567029028336684421e-02 -1.514090500720738817e+02 2.922962907055558918e-02 -3.899499755595555589e-02 9.988118035696258445e-01 4.657047448447572791e+00
-1.782236662253220416e-01 -9.834338478851901710e-01 -3.307856754657562820e-02 -1.069670802447456452e+02 9.835554722623053303e-01 -1.770453385071100172e-01 -3.568726797859530370e-02 -1.514283356099048206e+02 2.923966108008611842e-02 -3.889492186174355742e-02 9.988154120122949564e-01 4.656011605961600353e+00
-1.789042781170475660e-01 -9.833116853637968724e-01 -3.303617257533545543e-02 -1.070996372078265466e+02 9.834399433342544405e-01 -1.777372467675657486e-01 -3.543090411214071950e-02 -1.514496805008793672e+02 2.896786367919388858e-02 -3.882783200868542700e-02 9.988259419615456158e-01 4.656058135823901267e+00
-1.792003651659395125e-01 -9.832568625240898363e-01 -3.306314297941270741e-02 -1.072209706208294051e+02 9.833824300612614699e-01 -1.780271117496154964e-01 -3.557167031358370035e-02 -1.514709704841965845e+02 2.908995309728619472e-02 -3.888817019831440625e-02 9.988200462783196620e-01 4.654559353353788786e+00
-1.800239850647800122e-01 -9.831103110453626170e-01 -3.294664046130901802e-02 -1.073212522783321248e+02 9.832245049372491108e-01 -1.788438236855278696e-01 -3.583935853837028063e-02 -1.514862459837889332e+02 2.934173976263065170e-02 -3.884588840315894576e-02 9.988143267203726250e-01 4.656665723883326002e+00
-1.807050195037234186e-01 -9.829865708748312114e-01 -3.291044524006509625e-02 -1.074279747839864427e+02 9.831068537929076312e-01 -1.795348731507455664e-01 -3.561100038128870576e-02 -1.515140033313342656e+02 2.909656253871564791e-02 -3.878957079533205260e-02 9.988236877677383330e-01 4.653494041924131075e+00
-1.809740592810997750e-01 -9.829383579856331155e-01 -3.287208949592879126e-02 -1.075240478245048763e+02 9.830488263293298834e-01 -1.797935922294404687e-01 -3.590639561081717529e-02 -1.515347607352149453e+02 2.938358248831848471e-02 -3.881299516580814096e-02 9.988143753903480082e-01 4.657052600101964757e+00
-1.812755898547269151e-01 -9.828849569082678261e-01 -3.280734683349266489e-02 -1.076186329048838530e+02 9.829896520868193210e-01 -1.800922904048709583e-01 -3.602930511349612674e-02 -1.515469332077509819e+02 2.950431177056278900e-02 -3.878051598625151253e-02 9.988120780040585789e-01 4.656391852008060717e+00
-1.819952363121188910e-01 -9.827529661612425249e-01 -3.277714845705424068e-02 -1.077070035211902308e+02 9.828578309483296804e-01 -1.808135298109130318e-01 -3.601321397574552136e-02 -1.515577478156866675e+02 2.946554094600712520e-02 -3.876951042504642869e-02 9.988136497656414647e-01 4.650316798475684799e+00
-1.827984773683883901e-01 -9.826101203718425880e-01 -3.258938499929182886e-02 -1.077774243218985220e+02 9.827050109501805908e-01 -1.816175921256064640e-01 -3.613740007115092551e-02 -1.515642310776968031e+02 2.959016940141330487e-02 -3.863161365164740485e-02 9.988153084036435203e-01 4.646733825266450957e+00
-1.829420984941025896e-01 -9.825859502479370455e-01 -3.251213579470652038e-02 -1.078333074684301067e+02 9.826803099438927713e-01 -1.817664882021783335e-01 -3.606039677018156586e-02 -1.515796771980752169e+02 2.952282247939034751e-02 -3.854600033734709164e-02 9.988206089237664509e-01 4.646806414726554202e+00
-1.835135607346245479e-01 -9.824845689173155039e-01 -3.235498208709666063e-02 -1.078868578087219561e+02 9.825819436717811994e-01 -1.823535956972910377e-01 -3.577555179803585533e-02 -1.515832163430016521e+02 2.924888026376883804e-02 -3.835672008430864727e-02 9.988359550134795484e-01 4.641771623545293934e+00
-1.837546846834843262e-01 -9.824383429633314346e-01 -3.239009312023464343e-02 -1.079418292759229416e+02 9.825353582821825249e-01 -1.825911016801351483e-01 -3.584353934167529981e-02 -1.515871537907720210e+02 2.929992461043065197e-02 -3.841083001835259719e-02 9.988323796088732776e-01 4.648929465336116174e+00
-1.839105063160519915e-01 -9.824133901355740495e-01 -3.226230848687112324e-02 -1.079750211627958407e+02 9.825027854167780461e-01 -1.827469028935835293e-01 -3.594226107350587118e-02 -1.515978311363488729e+02 2.941432159418770273e-02 -3.830796738449841754e-02 9.988329676777903954e-01 4.646503075593587440e+00
-1.840622003961245312e-01 -9.823834095124833743e-01 -3.231010832488265955e-02 -1.080168496589195115e+02 9.824772673085221397e-01 -1.829004038840806867e-01 -3.585891076175233561e-02 -1.516105314950669651e+02 2.931766715337471088e-02 -3.834421695208943548e-02 9.988344184192968767e-01 4.645975730342231103e+00
-1.841947619676975734e-01 -9.823595717361545132e-01 -3.227942815513951819e-02 -1.080400419572279560e+02 9.824546432531079398e-01 -1.830368007615679193e-01 -3.578272652243161961e-02 -1.516172104126333124e+02 2.924318064219824306e-02 -3.830406486692642526e-02 9.988381425439248895e-01 4.641849472846813818e+00
-1.844397005972555625e-01 -9.823147609512645761e-01 -3.224449194599116747e-02 -1.080653144074213543e+02 9.824082528112716428e-01 -1.832820919868383136e-01 -3.580083190699755169e-02 -1.516197657819408846e+02 2.925784769766468299e-02 -3.828034971350759152e-02 9.988386221877445514e-01 4.643736165885147038e+00
-1.845497205040347311e-01 -9.822962566098084602e-01 -3.217864062138663800e-02 -1.080822038702363272e+02 9.823882826256334910e-01 -1.833952588750167312e-01 -3.576927706880018987e-02 -1.516263342118764399e+02 2.923461683931616317e-02 -3.821312958294990902e-02 9.988418763276473156e-01 4.641371064290461312e+00
-1.845535722787254862e-01 -9.822929478298343398e-01 -3.225745809787485679e-02 -1.080972397689293842e+02 9.823799875852274877e-01 -1.833863536305055941e-01 -3.604171602679511616e-02 -1.516258827363589603e+02 2.948794586284826658e-02 -3.834070872952170111e-02 9.988295405638080160e-01 4.649762506475129342e+00
-1.844873160759850084e-01 -9.823062232625363599e-01 -3.223218805435829754e-02 -1.080901290302502815e+02 9.823941794521400261e-01 -1.833233913202272358e-01 -3.597513548837601161e-02 -1.516269515062373614e+02 2.942968544914840306e-02 -3.830167012732881016e-02 9.988327566113465172e-01 4.648948904692131734e+00
-1.845316896264781459e-01 -9.822992286600272793e-01 -3.219131711366576137e-02 -1.080790819528628646e+02 9.823849964443164273e-01 -1.833680949214744338e-01 -3.599806280856657215e-02 -1.516195561966218008e+02 2.945800883796421271e-02 -3.826705030159126275e-02 9.988332486338837857e-01 4.650578590396993839e+00
-1.846863339307849294e-01 -9.822750741678493158e-01 -3.204117238417911878e-02 -1.080809123972515522e+02 9.823658020476234709e-01 -1.835408489368179907e-01 -3.563969330509818983e-02 -1.516167673499677448e+02 2.912711840426155871e-02 -3.805831630666641624e-02 9.988509275829731138e-01 4.646502603304584866e+00
-1.846342498622213224e-01 -9.822897759095498005e-01 -3.189027941836946461e-02 -1.080841827338424821e+02 9.823738987713125370e-01 -1.834921083047005297e-01 -3.566748102610002580e-02 -1.516199492980234993e+02 2.918418733948329249e-02 -3.791361672885913692e-02 9.988547646559389204e-01 4.643290745430742383e+00
-1.845667200509022443e-01 -9.823033452091777251e-01 -3.186320511986260456e-02 -1.080853587503097089e+02 9.823874061295848614e-01 -1.834267181411477488e-01 -3.563177444295662077e-02 -1.516231017216987880e+02 2.915664808646056469e-02 -3.787845116720681138e-02 9.988569030694716133e-01 4.639474645663189456e+00
-1.845885118058332441e-01 -9.822982780216249488e-01 -3.189317019454327579e-02 -1.080904880853662036e+02 9.823807466243414943e-01 -1.834440613368983897e-01 -3.572597125377551669e-02 -1.516215150405387533e+02 2.924294737383783052e-02 -3.792584021448502235e-02 9.988525820524850607e-01 4.640716746619380828e+00
-1.844834176043228524e-01 -9.823162178123726607e-01 -3.194865962484024630e-02 -1.080835436242039975e+02 9.824013667169421149e-01 -1.833382385918094215e-01 -3.570217000039173361e-02 -1.516259923382685884e+02 2.921340962149169759e-02 -3.797286521778024670e-02 9.988516597600662905e-01 4.642580051783795625e+00
-1.845951000691710142e-01 -9.822940408516261934e-01 -3.198540820181440536e-02 -1.080794858979306809e+02 9.823831734023263929e-01 -1.834520580959952962e-01 -3.561801505303861110e-02 -1.516246913883064735e+02 2.911957496989996466e-02 -3.799683786484813613e-02 9.988534880881403399e-01 4.643424496984509098e+00
-1.845046894728223918e-01 -9.823140135164951658e-01 -3.189354811952603563e-02 -1.080878931807278605e+02 9.823998367369963791e-01 -1.833646864795661635e-01 -3.560832109737256668e-02 -1.516250942592402282e+02 2.913040236008629727e-02 -3.790211869230518393e-02 9.988567710422620038e-01 4.640401725085126827e+00
-1.845670652905839759e-01 -9.823018832171095394e-01 -3.190624763492977412e-02 -1.080872575481996734e+02 9.823866476646974100e-01 -1.834245995916881089e-01 -3.566357742496743116e-02 -1.516267148136969070e+02 2.918000856989446182e-02 -3.792659347672810294e-02 9.988543940971136292e-01 4.641049342667637134e+00
-1.845630511964921894e-01 -9.823040405636216388e-01 -3.186301971602435029e-02 -1.080886493726707016e+02 9.823873964827318783e-01 -1.834221534714157720e-01 -3.565553039555156845e-02 -1.516274177660699252e+02 2.918018788357397419e-02 -3.788252246473537699e-02 9.988560612654798776e-01 4.639487969805873746e+00
-1.845461275928801381e-01 -9.823054884944800724e-01 -3.191636044559899299e-02 -1.080885729099074410e+02 9.823871366793789361e-01 -1.833988536982835704e-01 -3.578231614983846953e-02 -1.516236443804646967e+02 2.929574162508689905e-02 -3.795770983313584424e-02 9.988498244415221494e-01 4.640599852367197187e+00
-1.844850041369601179e-01 -9.823166125742833765e-01 -3.192735361991363291e-02 -1.080844698519131128e+02 9.823974901676185700e-01 -1.833359563859318087e-01 -3.582036304142304645e-02 -1.516263478331010219e+02 2.933350577325304076e-02 -3.797367188778152242e-02 9.988481094152451556e-01 4.642472116005071037e+00
-1.845831814972762608e-01 -9.823009133465966380e-01 -3.184281311043697660e-02 -1.080939942188597485e+02 9.823809893332714482e-01 -1.834395872945975281e-01 -3.574226643305088852e-02 -1.516229387473032091e+02 2.926842846698572698e-02 -3.787919549872136721e-02 9.988536057117892719e-01 4.640716835457176614e+00
-1.846256205917378157e-01 -9.822932698984228050e-01 -3.183256404030394143e-02 -1.080870020876437678e+02 9.823762042096542135e-01 -1.834864735180872231e-01 -3.563295438955654121e-02 -1.516262228358392292e+02 2.916116636466481102e-02 -3.785030974986346858e-02 9.988578379469681412e-01 4.637648833290311856e+00
-1.845536302584001032e-01 -9.823064082923211870e-01 -3.184458802191757892e-02 -1.080847482980394005e+02 9.823889786835835469e-01 -1.834131712249609247e-01 -3.565814328073264178e-02 -1.516269261446198300e+02 2.918650577701713961e-02 -3.786461209418446466e-02 9.988565557834042652e-01 4.640635114468297573e+00
-1.846323641907312574e-01 -9.822907433865444293e-01 -3.187139078312662549e-02 -1.080865214092092117e+02 9.823727503272110528e-01 -1.834889611664913822e-01 -3.571527046786365095e-02 -1.516238851494742903e+02 2.923473119240209417e-02 -3.790378064456650237e-02 9.988536599046712317e-01 4.641903655590533972e+00
-1.846742275548174383e-01 -9.822797107728198363e-01 -3.196872661050151332e-02 -1.080859432017238362e+02 9.823665635959015763e-01 -1.835294141930736700e-01 -3.567756794859488351e-02 -1.516202752665222704e+02 2.917814945829953419e-02 -3.799373540483650530e-02 9.988518967615651611e-01 4.644806985787098164e+00
-1.845481334846537091e-01 -9.823051698662144116e-01 -3.191456848271813362e-02 -1.080859853826823525e+02 9.823894651095099739e-01 -1.834044316535083929e-01 -3.568968046514767178e-02 -1.516264638076243330e+02 2.920488433774790643e-02 -3.793899977544500091e-02 9.988531959336455213e-01 4.643322602941856836e+00
-1.845780681326749662e-01 -9.822996184612853288e-01 -3.191232262345345544e-02 -1.080882276370334836e+02 9.823804359883236970e-01 -1.834299897403892654e-01 -3.580667327792763643e-02 -1.516239890069393823e+02 2.931920448786415681e-02 -3.795916799212599446e-02 9.988490805990384303e-01 4.645260270691061955e+00
-1.845591225882239339e-01 -9.823030656812883343e-01 -3.191578641687617401e-02 -1.080864332976768907e+02 9.823877131272369390e-01 -1.834157670360541115e-01 -3.567965105229579936e-02 -1.516250265137696545e+02 2.919437216489854242e-02 -3.793868152319802844e-02 9.988535153255350130e-01 4.641957402372842267e+00
-1.846338962686810969e-01 -9.822901225768821964e-01 -3.188164733102101522e-02 -1.080851293877282728e+02 9.823766320714849565e-01 -1.834955369443294071e-01 -3.557443859568647226e-02 -1.516236322508592309e+02 2.909427965308518729e-02 -3.788803253543182592e-02 9.988583582681090922e-01 4.638895062156586313e+00
-1.845385604112497191e-01 -9.823072494794088394e-01 -3.190591389605292039e-02 -1.080899120390330950e+02 9.823905902729327400e-01 -1.833943125044332767e-01 -3.571070265655942183e-02 -1.516239252571740508e+02 2.922751895974962447e-02 -3.793407124505645406e-02 9.988527210626361175e-01 4.643022708259766596e+00
-1.845309405822301851e-01 -9.823087041675335751e-01 -3.190519839366402072e-02 -1.080865816624769593e+02 9.823937027194484806e-01 -1.833889130597099459e-01 -3.565276179975992304e-02 -1.516254523134323620e+02 2.917095858914746376e-02 -3.792250365521408068e-02 9.988548137199472210e-01 4.643291168811585656e+00
-1.846393832050465811e-01 -9.822862386872870388e-01 -3.196941437127608088e-02 -1.080847644153133302e+02 9.823705772363189315e-01 -1.834912957807131040e-01 -3.576301655477053670e-02 -1.516228064034685019e+02 2.926340974736072950e-02 -3.800907336804224684e-02 9.988488189869680900e-01 4.645517995408097178e+00
-1.845867471892834732e-01 -9.822989421624699347e-01 -3.188292628621208075e-02 -1.080886802177993502e+02 9.823834752597992992e-01 -1.834457833846852015e-01 -3.564199903005549341e-02 -1.516237406082660755e+02 2.916230955460893948e-02 -3.790030059078257352e-02 9.988559089861607232e-01 4.640774378873113726e+00
-1.845886815526105451e-01 -9.822971516740305331e-01 -3.192686103825531641e-02 -1.080857211980267039e+02 9.823812129661498860e-01 -1.834436523248486051e-01 -3.571524650449024729e-02 -1.516255754144628440e+02 2.922620491657118916e-02 -3.795697873655329291e-02 9.988518892765670953e-01 4.641821374641379450e+00
-1.845922258932282123e-01 -9.822980825004544725e-01 -3.187769213280731984e-02 -1.080820565662531578e+02 9.823810638566091713e-01 -1.834496497530433423e-01 -3.568853291244837578e-02 -1.516244701959853103e+02 2.920882599045355327e-02 -3.790386683989328820e-02 9.988544144983507733e-01 4.641440620959479624e+00
-1.846050347141476866e-01 -9.822955835974328531e-01 -3.188052074806353720e-02 -1.080851054420807174e+02 9.823769418747151372e-01 -1.834601138602576231e-01 -3.574815652959412171e-02 -1.516266572951115847e+02 2.926645231440599265e-02 -3.791797815496855684e-02 9.988521921193185271e-01 4.643867260211495207e+00
-1.846056413240499960e-01 -9.822945698336114084e-01 -3.190823195880542612e-02 -1.080870402870262836e+02 9.823767326686998480e-01 -1.834595876170850293e-01 -3.575660529943307242e-02 -1.516273806391382379e+02 2.926964814456409561e-02 -3.794677570979901327e-02 9.988510048604464231e-01 4.643748766217520973e+00
-1.845723604130389273e-01 -9.823013038369472483e-01 -3.189345155033136703e-02 -1.080842884992133150e+02 9.823849681589025273e-01 -1.834294625546741830e-01 -3.568482313723991134e-02 -1.516240424876958741e+02 2.920304961801079707e-02 -3.791807942311196250e-02 9.988540439653186276e-01 4.642011779421117090e+00
-1.845656184565005464e-01 -9.823021948442195450e-01 -3.190502292740881457e-02 -1.080851337715301241e+02 9.823849055042536138e-01 -1.834205842728624525e-01 -3.573215222177869577e-02 -1.516249924276390004e+02 2.924773360737656716e-02 -3.793793970724795850e-02 9.988519824326330676e-01 4.643710625931770863e+00
-1.845546070798753657e-01 -9.823032756578981006e-01 -3.193542918697446498e-02 -1.080852420315586642e+02 9.823880437907409613e-01 -1.834098714980443301e-01 -3.570084668564791480e-02 -1.516258914037412922e+02 2.921178567965447906e-02 -3.796173953909819793e-02 9.988521301516914974e-01 4.643389742904234119e+00
-1.845933745334487064e-01 -9.822980102850940032e-01 -3.187326573007064762e-02 -1.080855121948041102e+02 9.823833178869214589e-01 -1.834541662386781624e-01 -3.560316877970000349e-02 -1.516258741181586913e+02 2.912563846232973930e-02 -3.788387360892704614e-02 9.988576021158093177e-01 4.640244876424733711e+00
-1.846154059565519034e-01 -9.822937259364535878e-01 -3.187770175807363993e-02 -1.080854576642748270e+02 9.823745388890071650e-01 -1.834699850618044525e-01 -3.576352784655781325e-02 -1.516250946018365084e+02 2.928168755566895598e-02 -3.791834077725961261e-02 9.988517318434161352e-01 4.642909230567776824e+00
-1.846276973256937293e-01 -9.822910562996965966e-01 -3.188877692603434011e-02 -1.080897078635703394e+02 9.823726982187667156e-01 -1.834824639290810744e-01 -3.575006608236439704e-02 -1.516249542725206538e+02 2.926593881275607253e-02 -3.792711621175302167e-02 9.988518602281662995e-01 4.642900437220372822e+00
-1.846543754564089479e-01 -9.822857346674771506e-01 -3.189823025777729915e-02 -1.080899153929020144e+02 9.823692768784515472e-01 -1.835108269955174620e-01 -3.569846244209111397e-02 -1.516249121823765336e+02 2.921241979213065262e-02 -3.792771867903343974e-02 9.988534040016544546e-01 4.642355104536497024e+00
-1.846524824517987717e-01 -9.822874448377922896e-01 -3.185649758572780404e-02 -1.080861681842784350e+02 9.823704555384580317e-01 -1.835115206997990356e-01 -3.566244320864414563e-02 -1.516227574450706470e+02 2.918473589996554984e-02 -3.788004071392363226e-02 9.988560225107323554e-01 4.640284913278139634e+00
-1.845881635433890278e-01 -9.822982090150821355e-01 -3.189731094373639275e-02 -1.080892421311053511e+02 9.823817002832589962e-01 -1.834447155493892367e-01 -3.569637636479663922e-02 -1.516247765269334593e+02 2.921309343860390914e-02 -3.792446311770299172e-02 9.988535079124373217e-01 4.641949953984131128e+00
-1.846056615962765601e-01 -9.822941118231421909e-01 -3.192221145511901781e-02 -1.080840773876347214e+02 9.823831618374064822e-01 -1.834674687000938942e-01 -3.553886980645339089e-02 -1.516264211645437570e+02 2.905293522074858803e-02 -3.792051959512636461e-02 9.988583288678603012e-01 4.641143440945628917e+00
-1.847035647870129971e-01 -9.822761005116924515e-01 -3.191011624099041738e-02 -1.080838150891667908e+02 9.823625020574133782e-01 -1.835627304162803508e-01 -3.561795268707670242e-02 -1.516239187409636884e+02 2.912915560857456260e-02 -3.792606446316047070e-02 9.988558984797895057e-01 4.641562552150453769e+00
-1.846523503492527585e-01 -9.822854607840908470e-01 -3.191838095335040176e-02 -1.080835698460995786e+02 9.823692973939813777e-01 -1.835076046250405657e-01 -3.571445901081383295e-02 -1.516258058354287357e+02 2.922452819383293543e-02 -3.795039626889509105e-02 9.988521884517657101e-01 4.643447699140556217e+00
-1.847128046487576114e-01 -9.822760468253826094e-01 -3.185824276210433986e-02 -1.080881072139572296e+02 9.823587136574285505e-01 -1.835711739452632330e-01 -3.567887046531308115e-02 -1.516213681553929860e+02 2.919824481218995585e-02 -3.788656660951458810e-02 9.988553802079809252e-01 4.641590359601962312e+00
-1.846544559554543774e-01 -9.822862551189832647e-01 -3.188173301624122602e-02 -1.080892486275178470e+02 9.823727387145877454e-01 -1.835160269611149086e-01 -3.557625723439103438e-02 -1.516227135471366978e+02 2.909525951414401040e-02 -3.788905980267996687e-02 9.988582907605429995e-01 4.641158305092850433e+00
-1.846454633520246968e-01 -9.822885451127961742e-01 -3.186325475689123776e-02 -1.080887554149304322e+02 9.823707123405257535e-01 -1.835028875064861342e-01 -3.569977328149401968e-02 -1.516234198937927431e+02 2.922047910429110759e-02 -3.789332945213858689e-02 9.988544734764656097e-01 4.642576882926323201e+00
-1.845755263872712604e-01 -9.823003013714431964e-01 -3.190600232611642134e-02 -1.080911873216336403e+02 9.823840901680122029e-01 -1.834318003908717021e-01 -3.569697452348944561e-02 -1.516208117958609876e+02 2.921257338251754057e-02 -3.793273692914642808e-02 9.988532089478590059e-01 4.642398405474258638e+00
-1.845570002584249192e-01 -9.823046285135155209e-01 -3.187993815137585285e-02 -1.080934695301527739e+02 9.823876985124682104e-01 -1.834144131549173551e-01 -3.568701246129540872e-02 -1.516252050709998116e+02 2.920827737110032532e-02 -3.790474703729167227e-02 9.988543971395690280e-01 4.639902290790549166e+00
-1.847051215434063476e-01 -9.822767710983176803e-01 -3.188044912323107632e-02 -1.080896735525562491e+02 9.823589193295284572e-01 -1.835610874081636812e-01 -3.572507247373726130e-02 -1.516197435230882036e+02 2.923989892863508924e-02 -3.791664740184592236e-02 9.988530202990063556e-01 4.642294233393090330e+00
-1.847064880032314171e-01 -9.822765602483591874e-01 -3.187902878325828832e-02 -1.080895016550310430e+02 9.823603681858104064e-01 -1.835647173425152268e-01 -3.566653283964812265e-02 -1.516223654375141336e+02 2.918253428596198976e-02 -3.790453447299097639e-02 9.988551576475112048e-01 4.641037657199929889e+00
-1.845441138069416898e-01 -9.823050458424391618e-01 -3.194161817587982954e-02 -1.080886208802558173e+02 9.823906354116300754e-01 -1.833999746321732793e-01 -3.568036939903559968e-02 -1.516241738352822779e+02 2.919091493502789722e-02 -3.796374872692762081e-02 9.988526639439145871e-01 4.642413140802477578e+00
-1.846942238486508625e-01 -9.822785003288061478e-01 -3.189030367896451140e-02 -1.080925983868943945e+02 9.823548470696141788e-01 -1.835419307145496060e-01 -3.593485923738647808e-02 -1.516240732975173557e+02 2.944483173291628786e-02 -3.796455532951233808e-02 9.988451804072804308e-01 4.645426468819228383e+00
-1.846043114086750592e-01 -9.822951232546569544e-01 -3.189888774623976520e-02 -1.080849073883110094e+02 9.823772036009909003e-01 -1.834588862058339487e-01 -3.574726447173446481e-02 -1.516215838166708920e+02 2.926222914314915644e-02 -3.793583928468127059e-02 9.988516376536310526e-01 4.644754382718383035e+00
-1.846811079483832163e-01 -9.822790485701644592e-01 -3.194932091688832548e-02 -1.080884098226447492e+02 9.823643575706013653e-01 -1.835358025814668448e-01 -3.570543580012372487e-02 -1.516221200128235864e+02 2.920885725011468023e-02 -3.797999356068268439e-02 9.988515218726319311e-01 4.644066201900240110e+00
-1.846358732976576267e-01 -9.822883173716852045e-01 -3.192578654810412225e-02 -1.080858866265926963e+02 9.823758067571279895e-01 -1.834953210308094551e-01 -3.559833504649350527e-02 -1.516254397863229144e+02 2.910959618224813125e-02 -3.793584999580158074e-02 9.988560970906682490e-01 4.641271210349702692e+00
-1.846502730639343337e-01 -9.822869364716849683e-01 -3.188496659064370131e-02 -1.080905600688811461e+02 9.823689620742556139e-01 -1.835058037519445850e-01 -3.573293078523621241e-02 -1.516193592537508437e+02 2.924891469036446784e-02 -3.792089696229149903e-02 9.988525950124027553e-01 4.642165429685631395e+00
-1.846398041020553826e-01 -9.822893260924090431e-01 -3.187197179460279917e-02 -1.080913972522938309e+02 9.823715225077940261e-01 -1.834965905872139036e-01 -3.570984470125027760e-02 -1.516232321839626422e+02 2.922900112685425725e-02 -3.790357618734307293e-02 9.988538353559727190e-01 4.640299975127327059e+00
-1.846070040881058194e-01 -9.822961336563877932e-01 -3.185215605458762561e-02 -1.080871937865017998e+02 9.823784616087571919e-01 -1.834655615328637523e-01 -3.567836737635757260e-02 -1.516231942525967895e+02 2.920294863238092134e-02 -3.787734857593204330e-02 9.988555922935166143e-01 4.638506053310316624e+00
-1.845562688127428963e-01 -9.823033459727017469e-01 -3.192366101739469580e-02 -1.080912839888581942e+02 9.823853252474803455e-01 -1.834088361079193596e-01 -3.578088282785872598e-02 -1.516269490154606956e+02 2.929259941215869162e-02 -3.796492234119913656e-02 9.988496424844459654e-01 4.642962885718272759e+00
-1.846642807047866874e-01 -9.822848427628001478e-01 -3.186834024930033232e-02 -1.080927699278152119e+02 9.823662379641040499e-01 -1.835202784778169338e-01 -3.573348423647548094e-02 -1.516224878815196462e+02 2.925197326741589901e-02 -3.790507968446977377e-02 9.988531058139011876e-01 4.642089519258299823e+00
-1.845587344183228229e-01 -9.823047851367275873e-01 -3.186506939259139276e-02 -1.080900372863500962e+02 9.823864435188941480e-01 -1.834154802067973211e-01 -3.571606376420734252e-02 -1.516232423695745126e+02 2.923951333736428404e-02 -3.789552371979684753e-02 9.988538332217564708e-01 4.641545162923639722e+00
-1.845580358416618605e-01 -9.823033124633688828e-01 -3.191447523869705982e-02 -1.080899668927805095e+02 9.823843589726879433e-01 -1.834101135881960332e-01 -3.580085864035591897e-02 -1.516225096167377160e+02 2.931386450281734182e-02 -3.795961745142619609e-02 9.988492202484076099e-01 4.644289138016848284e+00
-1.845902268767993792e-01 -9.822957150493840661e-01 -3.196210783397725186e-02 -1.080887829422091926e+02 9.823824395252302999e-01 -1.834458872350144265e-01 -3.567000096741466258e-02 -1.516231065508789868e+02 2.917517187659363770e-02 -3.798334703758177860e-02 9.988523788297216655e-01 4.643212369885979740e+00
-1.845843620056462075e-01 -9.822981244466429951e-01 -3.192190488639965601e-02 -1.080882241356202655e+02 9.823795201972748137e-01 -1.834362709580763529e-01 -3.579962002546471789e-02 -1.516242056824210351e+02 2.931026441267692295e-02 -3.796747562852928470e-02 9.988490272280671212e-01 4.644035008703805367e+00
-1.845996110696821457e-01 -9.822948890672738020e-01 -3.193328209304489851e-02 -1.080866412793063205e+02 9.823724627798464670e-01 -1.834456629424219276e-01 -3.594486221248004848e-02 -1.516263211567148517e+02 2.945043233606053912e-02 -3.800578455876523626e-02 9.988434473806653280e-01 4.646822185704812647e+00
-1.846245221141777915e-01 -9.822910094277443882e-01 -3.190859808162626460e-02 -1.080918032760174725e+02 9.823708729716114085e-01 -1.834754350593481576e-01 -3.583619213556546446e-02 -1.516252422593942981e+02 2.934712543173094088e-02 -3.796231720016809974e-02 9.988481409612214312e-01 4.643778843692549785e+00
-1.845448442250259280e-01 -9.823071908301480581e-01 -3.187135568725699142e-02 -1.080881808672795898e+02 9.823866316774566565e-01 -1.833982461591019408e-01 -3.579929059613171094e-02 -1.516271099982856470e+02 2.932074984344243407e-02 -3.791656826702811955e-02 9.988506532407485095e-01 4.641102312325123158e+00
-1.845280583761705895e-01 -9.823097226565870033e-01 -3.189050714961732397e-02 -1.080862770167672409e+02 9.823907500242760049e-01 -1.833820353731709929e-01 -3.576930764123770895e-02 -1.516282545908779866e+02 2.928839255850286538e-02 -3.792938012586461599e-02 9.988511161252244808e-01 4.642487985837726150e+00
-1.846888036449276793e-01 -9.822796852001177692e-01 -3.188519799785376196e-02 -1.080844408054980050e+02 9.823590748554266172e-01 -1.835408480024036670e-01 -3.582464464231691764e-02 -1.516229815019553939e+02 2.933758438241051980e-02 -3.793912436674792138e-02 9.988493024400073583e-01 4.643872967287380860e+00
-1.846245296065205377e-01 -9.822920693710316398e-01 -3.187590811801275376e-02 -1.080841744310613421e+02 9.823748100038326436e-01 -1.834817350222619492e-01 -3.569573620412776899e-02 -1.516236447001614636e+02 2.921499165677192769e-02 -3.790439768677792559e-02 9.988542140365116451e-01 4.641911918237601853e+00
-1.846344244935391732e-01 -9.822883379620138689e-01 -3.193353090036257780e-02 -1.080856123855235751e+02 9.823710805191655515e-01 -1.834870942010695671e-01 -3.577074812266589632e-02 -1.516232961629179101e+02 2.927779792858371463e-02 -3.797508874871309559e-02 9.988496899849248489e-01 4.644767201080051144e+00
-1.846612525165434171e-01 -9.822835873608007917e-01 -3.192453320908596875e-02 -1.080861082414826200e+02 9.823635009949579500e-01 -1.835109263524368206e-01 -3.585654503992835584e-02 -1.516232518299422622e+02 2.936279502961645568e-02 -3.798281072889650445e-02 9.988469013603543667e-01 4.644756640429595684e+00
-1.846554585926425407e-01 -9.822843741924530692e-01 -3.193383517966886381e-02 -1.080851396525879267e+02 9.823660119178251326e-01 -1.835066420077451355e-01 -3.580964908665268398e-02 -1.516238941704852721e+02 2.931518788288415070e-02 -3.798316148482988597e-02 9.988482863793722855e-01 4.645016155393723700e+00
-1.846221261391105539e-01 -9.822893933036450642e-01 -3.197214949031889492e-02 -1.080847300338207475e+02 9.823746240851659595e-01 -1.834750075829030269e-01 -3.573541025345623734e-02 -1.516250658078690208e+02 2.923642408714641899e-02 -3.800617575619320843e-02 9.988497194828588333e-01 4.646945204190389589e+00
-1.845698234426587092e-01 -9.823002739823564200e-01 -3.193981854258300807e-02 -1.080863473532748174e+02 9.823839312503807042e-01 -1.834232783212819129e-01 -3.574510583171840172e-02 -1.516260086642998886e+02 2.925392102595786997e-02 -3.797463237558591775e-02 9.988504069181460832e-01 4.644145907350043068e+00
-1.846371238863284692e-01 -9.822884269961483783e-01 -3.191517934177039162e-02 -1.080890531799148704e+02 9.823698406863382582e-01 -1.834895087711891914e-01 -3.579240535094411341e-02 -1.516210386091523787e+02 2.930236497082156985e-02 -3.796111642642283762e-02 9.988495006990674163e-01 4.642924990157528242e+00
-1.846132219833385157e-01 -9.822926630383199686e-01 -3.192307018467599455e-02 -1.080903993532068199e+02 9.823738669681798541e-01 -1.834647496439101300e-01 -3.580881366482269179e-02 -1.516253045549777312e+02 2.931797685576511409e-02 -3.797117036888068842e-02 9.988486604355547582e-01 4.642760122379862686e+00
-1.846726592625524965e-01 -9.822823229799060307e-01 -3.189744319058615551e-02 -1.080870467805954291e+02 9.823618337315178639e-01 -1.835239225324829526e-01 -3.583570127597288102e-02 -1.516215240611730906e+02 2.934683200188321905e-02 -3.795270503522349403e-02 9.988485148569640204e-01 4.643887654566089651e+00
-1.845684399170013368e-01 -9.823025822556642472e-01 -3.187676082129792948e-02 -1.080886286310696391e+02 9.823834688713520835e-01 -1.834232552573764607e-01 -3.575792945734838912e-02 -1.516245995601385914e+02 2.927816720516594057e-02 -3.791498812661403539e-02 9.988519623049578744e-01 4.642540215409590054e+00
-1.846161602027747151e-01 -9.822922376664293687e-01 -3.191916684786740011e-02 -1.080883894404115324e+02 9.823757116230140696e-01 -1.834709335901025806e-01 -3.572642916319172801e-02 -1.516259082328408283e+02 2.923755470554629393e-02 -3.795229041645235835e-02 9.988517352675447825e-01 4.642127600174569046e+00
-1.846282017591391877e-01 -9.822903234527479155e-01 -3.190842469133552822e-02 -1.080863214824428837e+02 9.823705581691691835e-01 -1.834796032706060842e-01 -3.582347869841893268e-02 -1.516228586898523361e+02 2.933451137451630053e-02 -3.795992142717210388e-02 9.988486025457818940e-01 4.643847797545770817e+00
-1.845938305642824684e-01 -9.822967601331186183e-01 -3.190913269870361557e-02 -1.080839759779701410e+02 9.823797607669623178e-01 -1.834488096109430089e-01 -3.572869837783199803e-02 -1.516230960976013762e+02 2.924249225102298205e-02 -3.794218344147357730e-02 9.988519747002768678e-01 4.641227743068357725e+00
-1.846740912531397161e-01 -9.822823845150067124e-01 -3.188725593932335844e-02 -1.080886062130255567e+02 9.823637175989793358e-01 -1.835285107662500970e-01 -3.576048211414057515e-02 -1.516233767176022980e+02 2.927467104751796736e-02 -3.792891782578688281e-02 9.988515359289509288e-01 4.639983063250507023e+00
-1.846812817092939873e-01 -9.822807980368645220e-01 -3.189448219164464637e-02 -1.080905510460624583e+02 9.823608814964873703e-01 -1.835335058768257088e-01 -3.581271737813000039e-02 -1.516226805319689674e+02 2.932443847129969153e-02 -3.794583018754380671e-02 9.988494337384994370e-01 4.644284081115400475e+00
-1.846671674347442060e-01 -9.822824550597354376e-01 -3.192515862837049662e-02 -1.080887574717281723e+02 9.823598789081754434e-01 -1.835135668458518499e-01 -3.594216319349097938e-02 -1.516216768354287296e+02 2.944665656984808699e-02 -3.799933243270964961e-02 9.988438041813774149e-01 4.645867716153287752e+00
-1.846777151978216125e-01 -9.822779159992591769e-01 -3.200370680819054903e-02 -1.080922412159603141e+02 9.823631988758954048e-01 -1.835281001136019885e-01 -3.577683556450753782e-02 -1.516249859256733146e+02 2.926921597225268235e-02 -3.804644804504176553e-02 9.988472259497572781e-01 4.646546813776871510e+00
-1.845788838901061268e-01 -9.822964534883603660e-01 -3.200489159601310751e-02 -1.080928499798381210e+02 9.823783475696582501e-01 -1.834249199600270774e-01 -3.588984485847825784e-02 -1.516253865582455944e+02 2.938397264140261284e-02 -3.806542002720437329e-02 9.988431338052846664e-01 4.647707628524927692e+00
-1.846036524947698432e-01 -9.822920472882895604e-01 -3.199727050502124137e-02 -1.080851236306453842e+02 9.823725503792836156e-01 -1.834484521532628865e-01 -3.592822934510519345e-02 -1.516230533174460788e+02 2.942216421157118483e-02 -3.806572259596972124e-02 9.988419980238886220e-01 4.648001879664745317e+00
-1.846652176907004339e-01 -9.822826845612545599e-01 -3.192937497636758049e-02 -1.080851747561148812e+02 9.823625089602004978e-01 -1.835143900925084726e-01 -3.586599529352286347e-02 -1.516244403953722326e+02 2.937104636655986020e-02 -3.798942273988752810e-02 9.988464073095640883e-01 4.648433359367038165e+00
-1.845421493917993594e-01 -9.823063620931516970e-01 -3.191247544726991819e-02 -1.080881010045622332e+02 9.823880430430965705e-01 -1.833952286902531537e-01 -3.577601123105849518e-02 -1.516278737914989279e+02 2.929040770986065037e-02 -3.795261631254905760e-02 9.988501744161746299e-01 4.644122847338243432e+00
-1.846406209384157115e-01 -9.822879114537104162e-01 -3.191081495957213965e-02 -1.080876047838397653e+02 9.823713029667802132e-01 -1.834959083457030626e-01 -3.571938868088429808e-02 -1.516220573288288165e+02 2.923121972869080487e-02 -3.794351897614579860e-02 9.988522539199077288e-01 4.642975822208710746e+00
-1.845662186510501623e-01 -9.823006870321495665e-01 -3.194794498898886198e-02 -1.080915456518351760e+02 9.823829383590543252e-01 -1.834172161724099137e-01 -3.580345280268168451e-02 -1.516212634347128301e+02 2.930995315388773212e-02 -3.799322397125860784e-02 9.988480573032050280e-01 4.642609860186592385e+00
-1.846117777747571242e-01 -9.822914060219178900e-01 -3.197006666129914576e-02 -1.080896436130658458e+02 9.823761379874673683e-01 -1.834641896417417151e-01 -3.574933051020866975e-02 -1.516229787405978868e+02 2.925089775840740772e-02 -3.800637807767590776e-02 9.988492880338574187e-01 4.644611502131504643e+00
-1.846514887277035388e-01 -9.822855365647092940e-01 -3.192103329192706729e-02 -1.080882878926885553e+02 9.823691964791999576e-01 -1.835063064423325674e-01 -3.572390382788835639e-02 -1.516213728270057004e+02 2.923336312253911606e-02 -3.795471185076106091e-02 9.988517659437117224e-01 4.644964285103178270e+00
-1.846492799945298469e-01 -9.822854524885544780e-01 -3.193639345414067687e-02 -1.080865539775080180e+02 9.823686118100625198e-01 -1.835022441660583148e-01 -3.576082935826646603e-02 -1.516207731248423158e+02 2.926694257814572292e-02 -3.797652189677529211e-02 9.988499536250433630e-01 4.645270968887992957e+00
-1.845961525039205853e-01 -9.822983860104796960e-01 -3.184558559606719130e-02 -1.080882172389963074e+02 9.823776207140526573e-01 -1.834512342679999186e-01 -3.577506066723867145e-02 -1.516252937093820208e+02 2.929967236926977331e-02 -3.788832916287677294e-02 9.988523432981968320e-01 4.640946580495556084e+00
-1.845611498424597485e-01 -9.823011864163224693e-01 -3.196187000027905095e-02 -1.080873038805907100e+02 9.823855727078876221e-01 -1.834138299352452428e-01 -3.574847582598032758e-02 -1.516254918563122942e+02 2.925352122779210570e-02 -3.799665976859747940e-02 9.988495809390944835e-01 4.643190030785020461e+00
-1.845183414198332539e-01 -9.823091986821523847e-01 -3.196278874099844208e-02 -1.080810686225652830e+02 9.823943093472922161e-01 -1.833719516771934455e-01 -3.572321794230968323e-02 -1.516250448268696687e+02 2.923016663877540597e-02 -3.799165069492078245e-02 9.988504551912386065e-01 4.644863711216613567e+00
-1.845781199934635186e-01 -9.822994862923892789e-01 -3.191609075978459747e-02 -1.080872166062978863e+02 9.823810419811209727e-01 -1.834307016776710597e-01 -3.578639459521303773e-02 -1.516229750159256184e+02 2.929856610425898497e-02 -3.795914793228987588e-02 9.988496869461835903e-01 4.643937633763392192e+00
-1.846042403039847013e-01 -9.822946423345207956e-01 -3.191410507415627651e-02 -1.080890838784645211e+02 9.823783119198442604e-01 -1.834596822531795457e-01 -3.571270442124931110e-02 -1.516252735395779894e+02 2.922544663997025949e-02 -3.794444133806766650e-02 9.988523878132524736e-01 4.643315114313281811e+00
-1.845696102019260820e-01 -9.823026674264536684e-01 -3.186735879835745494e-02 -1.080865284464903056e+02 9.823833214469868125e-01 -1.834248599398038415e-01 -3.575374803919062483e-02 -1.516220994015635881e+02 2.927573624515009826e-02 -3.790501712092453346e-02 9.988524119930666245e-01 4.644089202205935685e+00
-1.845629159403285868e-01 -9.823029632557637170e-01 -3.189699732810159089e-02 -1.080813287987540150e+02 9.823880390684384123e-01 -1.834215871889646188e-01 -3.564073579977667522e-02 -1.516212493065872593e+02 2.915940251225385485e-02 -3.791318678279057691e-02 9.988555048219445176e-01 4.642383699782083539e+00
-1.845246728181217932e-01 -9.823093963496373204e-01 -3.192013415660897857e-02 -1.080843641833274518e+02 9.823872367445111164e-01 -1.833722089700451363e-01 -3.591587474821863329e-02 -1.516228641410725118e+02 2.942723573237425796e-02 -3.798529742751687727e-02 9.988449103722231159e-01 4.645355834838514220e+00
-1.845398941626092970e-01 -9.823083618857857413e-01 -3.186392367109624341e-02 -1.080856748938816025e+02 9.823868063625298408e-01 -1.833925978925512457e-01 -3.582342422285414441e-02 -1.516226374150108427e+02 2.934604142439913368e-02 -3.791354912805540434e-02 9.988500251014823528e-01 4.642580118321566474e+00
-1.845488488556219497e-01 -9.823060073641111112e-01 -3.188464022761176853e-02 -1.080856752909342475e+02 9.823888034690272386e-01 -1.834055490962283042e-01 -3.570214810630306657e-02 -1.516190516822959466e+02 2.922261461194389925e-02 -3.791190389693507856e-02 9.988537061743082424e-01 4.642785489019101597e+00
-1.846584532713757554e-01 -9.822854184924267873e-01 -3.188435749049706169e-02 -1.080854745242428834e+02 9.823653599923880542e-01 -1.835113207916549971e-01 -3.580355608495694453e-02 -1.516170893236023005e+02 2.931817051675458460e-02 -3.793351761254122601e-02 9.988500854077599911e-01 4.644143046369337391e+00
-1.846208352612528358e-01 -9.822903227579717900e-01 -3.195104072603956874e-02 -1.080850740099197083e+02 9.823755685792343595e-01 -1.834753986455461838e-01 -3.570742710535133868e-02 -1.516231181695682722e+02 2.921283016182212727e-02 -3.798025681716164781e-02 9.988513956770741498e-01 4.644164211200068060e+00
-1.845918155034647068e-01 -9.822969379997638084e-01 -3.191531365071026416e-02 -1.080855402645012759e+02 9.823777948692823392e-01 -1.834435335278281620e-01 -3.580974943490705664e-02 -1.516285646871498045e+02 2.932114931071275188e-02 -3.796308210765991786e-02 9.988488747553285751e-01 4.643553481521636606e+00
-1.845475315758935420e-01 -9.823059724194107556e-01 -3.189334003206742429e-02 -1.080860544225405704e+02 9.823893510037140508e-01 -1.834043069140023352e-01 -3.569346214500335179e-02 -1.516245971377124988e+02 2.921252511760900894e-02 -3.791881794770143865e-02 9.988537388535431161e-01 4.642627970186111952e+00
-1.845289999477268683e-01 -9.823086437084339595e-01 -3.191828118787323754e-02 -1.080861352483121323e+02 9.823934492452509604e-01 -1.833856968590543701e-01 -3.567628158226653079e-02 -1.516254338564734212e+02 2.919176353545503699e-02 -3.793961891236376227e-02 9.988535559622715443e-01 4.643386892813395228e+00
-1.846231872632551063e-01 -9.822902337591004063e-01 -3.194018450555442812e-02 -1.080832726642477866e+02 9.823748361655399997e-01 -1.834777645801430879e-01 -3.571541926678122730e-02 -1.516235886067842671e+02 2.922259388701436630e-02 -3.797112806021777504e-02 9.988514571448294799e-01 4.643087753365510828e+00
-1.846942168924929906e-01 -9.822779161972645667e-01 -3.190833116333274821e-02 -1.080840984070876658e+02 9.823614151280801732e-01 -1.835497622836381737e-01 -3.571463051994527155e-02 -1.516217623465403221e+02 2.922492624498973512e-02 -3.794179907147298553e-02 9.988525034103858946e-01 4.642825944892839729e+00
-1.845590196722572962e-01 -9.823040333497273791e-01 -3.188658530593717344e-02 -1.080853317366584321e+02 9.823872319037091350e-01 -1.834160750229669734e-01 -3.569131569075651572e-02 -1.516216641520641986e+02 2.921121103588852561e-02 -3.791212850826019415e-02 9.988540312086595652e-01 4.641858831684727349e+00
-1.845553239901909226e-01 -9.823032195891241436e-01 -3.193301068983359775e-02 -1.080866508667813122e+02 9.823828321618683912e-01 -1.834040944625627834e-01 -3.587351680549137611e-02 -1.516273313179468687e+02 2.938202614698645285e-02 -3.799108999763896322e-02 9.988460209763510012e-01 4.645039253385005118e+00
-1.846164004173858064e-01 -9.822920792995846195e-01 -3.192265092730305065e-02 -1.080883414216890088e+02 9.823740944038119594e-01 -1.834690074729914411e-01 -3.578074819181360083e-02 -1.516220423245644895e+02 2.929032845869236970e-02 -3.796569823109183922e-02 9.988496795897806591e-01 4.642449947605870264e+00
-1.846342230260373807e-01 -9.822900121408035812e-01 -3.188315755993576667e-02 -1.080937005728741269e+02 9.823704489414299967e-01 -1.834878603037957134e-01 -3.578416085013590153e-02 -1.516235379445775209e+02 2.930025143552706171e-02 -3.792805254102803170e-02 9.988508187393450033e-01 4.642469091333123465e+00
-1.846969791727997023e-01 -9.822776588209628512e-01 -3.190026435079222622e-02 -1.080929423343708464e+02 9.823585364301520295e-01 -1.835497550973312908e-01 -3.579376072053928881e-02 -1.516217630845522990e+02 2.930412577184103237e-02 -3.794849647769683865e-02 9.988499285817816764e-01 4.645088202104619590e+00
-1.846219284301959807e-01 -9.822906369453705544e-01 -3.193506086065939220e-02 -1.080881491959019485e+02 9.823739676183265157e-01 -1.834752588145556196e-01 -3.575216285428450130e-02 -1.516200481891324898e+02 2.925972126564167775e-02 -3.797280569552711343e-02 9.988503064719290725e-01 4.644174946282489280e+00
-1.846222645994053391e-01 -9.822908920069957084e-01 -3.192527046538667229e-02 -1.080933268672981029e+02 9.823742606966523461e-01 -1.834764131427626399e-01 -3.573818323547323789e-02 -1.516222026607875364e+02 2.924775777548074135e-02 -3.796062829257646626e-02 9.988511197194203106e-01 4.646615106228258796e+00
-1.844829730782684418e-01 -9.823179844981116959e-01 -3.189686466990643288e-02 -1.080880886576982078e+02 9.823982426350886810e-01 -1.833355199327042495e-01 -3.580195523284123577e-02 -1.516255596773395382e+02 2.932107623693582660e-02 -3.794027494065495970e-02 9.988497434678227371e-01 4.643540477755548679e+00
-1.845016896284452645e-01 -9.823142461381907387e-01 -3.190373580330897046e-02 -1.080885439924698375e+02 9.823942821992591723e-01 -1.833533832038636291e-01 -3.581914529828619104e-02 -1.516280414450026512e+02 2.933599881462138625e-02 -3.795074046254708761e-02 9.988489077292385110e-01 4.644430393535762036e+00
-1.846137757102577215e-01 -9.822915623788777140e-01 -3.195372118026590380e-02 -1.080906256186560199e+02 9.823777565155333846e-01 -1.834693718627666836e-01 -3.567818789946251151e-02 -1.516240446946239615e+02 2.918385378098883182e-02 -3.797730990401230328e-02 9.988523547606745767e-01 4.643831354054111848e+00
-1.846467063829020372e-01 -9.822874034028102885e-01 -3.189123607060823790e-02 -1.080889120426762844e+02 9.823732811859654523e-01 -1.835067538293264633e-01 -3.560909590179776874e-02 -1.516198831857817027e+02 2.912610914397654321e-02 -3.790420049529946711e-02 9.988568172420636548e-01 4.642079576657484274e+00
-1.845870843029082664e-01 -9.823006382897452315e-01 -3.182867141603536870e-02 -1.080872462966722907e+02 9.823819451876487641e-01 -1.834461862852510006e-01 -3.568207542630305595e-02 -1.516214773664004269e+02 2.921167708096226306e-02 -3.785436240324108192e-02 9.988562084550316467e-01 4.640283305530333635e+00
-1.846501427061726375e-01 -9.822887234023920389e-01 -3.183062479891243801e-02 -1.080881639693912462e+02 9.823678221437446290e-01 -1.835061434880318476e-01 -3.576251275715857519e-02 -1.516222879003642277e+02 2.928799780022812299e-02 -3.787293464532292403e-02 9.988532695076914880e-01 4.642316191353320853e+00
-1.846203552153689031e-01 -9.822908369325716871e-01 -3.193800429674336500e-02 -1.080853627316855068e+02 9.823741567934475283e-01 -1.834734424871860003e-01 -3.575628568887202069e-02 -1.516237630465852533e+02 2.926329620042818561e-02 -3.797640820574053194e-02 9.988500647821358935e-01 4.645310764584085206e+00
-1.846391752748672843e-01 -9.822884256909369949e-01 -3.190334947051515213e-02 -1.080848854605616509e+02 9.823693873819399069e-01 -1.834919005789554802e-01 -3.579258522033958861e-02 -1.516227009639317771e+02 2.930463595831663340e-02 -3.794958729082079790e-02 9.988498721708918282e-01 4.644736476113149770e+00
-1.845933609898984251e-01 -9.822969764698461503e-01 -3.190518918062979631e-02 -1.080881891993706319e+02 9.823760566744070832e-01 -1.834435732376482608e-01 -3.585719886781668642e-02 -1.516228408539225825e+02 2.936961612441644012e-02 -3.796189478941150441e-02 9.988474959635740280e-01 4.644254345687278018e+00
-1.846060020310669181e-01 -9.822955642347147576e-01 -3.187551566499755712e-02 -1.080841294129736383e+02 9.823791012884376395e-01 -1.834642983249521464e-01 -3.566724816768063883e-02 -1.516233089134035765e+02 2.918776054834665637e-02 -3.789822851977122514e-02 9.988552442217217830e-01 4.641970633102300070e+00
-1.846116252322032025e-01 -9.822919565194987435e-01 -3.195402926423092371e-02 -1.080839457214765105e+02 9.823749748735814968e-01 -1.834630740137923599e-01 -3.578699785591679672e-02 -1.516201227812499042e+02 2.929089570590512684e-02 -3.799753453192072916e-02 9.988484523681464555e-01 4.645232201273945094e+00
-1.846535638077044794e-01 -9.822859490198182497e-01 -3.189632786621294375e-02 -1.080874152544547400e+02 9.823688662530779547e-01 -1.835093546526447295e-01 -3.571732593030917113e-02 -1.516215314224195083e+02 2.923135285538600026e-02 -3.792929096628099017e-02 9.988527904035905403e-01 4.642754124238964053e+00
-1.845927682829318073e-01 -9.822978642111235281e-01 -3.188127763923325614e-02 -1.080848201716440542e+02 9.823804513712171005e-01 -1.834493986573637603e-01 -3.570667859009216821e-02 -1.516218704962813320e+02 2.922599290577478776e-02 -3.791073856465503739e-02 9.988536515627071122e-01 4.642175731932726812e+00
-1.845995149772081678e-01 -9.822966097211380809e-01 -3.188086574321909172e-02 -1.080906921338256694e+02 9.823787865848956358e-01 -1.834556359293251226e-01 -3.572043272070560271e-02 -1.516190792127096927e+02 2.923933546042142839e-02 -3.791306075911780871e-02 9.988531729366976197e-01 4.640745807117446553e+00
-1.846328857849803828e-01 -9.822902387531002866e-01 -3.188391972590166185e-02 -1.080893535791886677e+02 9.823727466970784139e-01 -1.834891489116297070e-01 -3.571440575627127245e-02 -1.516219655258441605e+02 2.923155886278039003e-02 -3.791594759547925464e-02 9.988532909713961905e-01 4.642088462389300396e+00
-1.846096468987850070e-01 -9.822941220460884582e-01 -3.189884113271672372e-02 -1.080868176902103386e+02 9.823758055248706933e-01 -1.834637033292889630e-01 -3.576096027883017558e-02 -1.516229561523919926e+02 2.927550155449766892e-02 -3.793846800289878141e-02 9.988511488977351860e-01 4.644825712071322776e+00
-1.846656226151679459e-01 -9.822834471157220193e-01 -3.190356322742403383e-02 -1.080875790227546105e+02 9.823665442089197786e-01 -1.835210616325251287e-01 -3.572104080643401236e-02 -1.516192022723087973e+02 2.923321130454813871e-02 -3.793744139665729265e-02 9.988524264860644264e-01 4.643307489881006944e+00
-1.846682775166950119e-01 -9.822818318484276556e-01 -3.193791006804435478e-02 -1.080930031797957724e+02 9.823660543613812468e-01 -1.835224756317415107e-01 -3.572724697550818534e-02 -1.516222727902816132e+02 2.923290128381195174e-02 -3.797240785747400121e-02 9.988511068843226592e-01 4.646737535547843301e+00
-1.845787709843760283e-01 -9.822985820604938079e-01 -3.194014689761304898e-02 -1.080916254650195754e+02 9.823833609299980063e-01 -1.834336440285690983e-01 -3.570756791328420082e-02 -1.516220209518804154e+02 2.921659579381089694e-02 -3.796832785815008188e-02 9.988517390533376838e-01 4.643975437527202210e+00
-1.846941708976919116e-01 -9.822780918361665448e-01 -3.190319004604104391e-02 -1.080915362834635260e+02 9.823621010503237327e-01 -1.835507827334132980e-01 -3.569051103507466655e-02 -1.516172322889441944e+02 2.920215157154711430e-02 -3.793231414837470311e-02 9.988535297464495866e-01 4.642957392430037800e+00
-1.846908939947529138e-01 -9.822780594303531787e-01 -3.192315205549903223e-02 -1.080894157890118379e+02 9.823626303262599224e-01 -1.835466722758984925e-01 -3.569708160222419963e-02 -1.516209331348218825e+02 2.920507171521539644e-02 -3.795303753566361266e-02 9.988526571661736631e-01 4.643727227371570621e+00
-1.846607292714106396e-01 -9.822861369496039829e-01 -3.184902230171425541e-02 -1.080836585028422547e+02 9.823703921508041281e-01 -1.835219581325169269e-01 -3.561044100656773209e-02 -1.516246525566778303e+02 2.913464759399637602e-02 -3.786338653410407235e-02 9.988581161855484281e-01 4.642271036845015075e+00
-1.845874501301150161e-01 -9.822978920904607003e-01 -3.191119629691889503e-02 -1.080807907102574887e+02 9.823794571064555781e-01 -1.834404148752462049e-01 -3.578011243168178340e-02 -1.516213585295202790e+02 2.929292593252847202e-02 -3.795346341291767206e-02 9.988500683812739922e-01 4.646078781496785659e+00
-1.845958709596371428e-01 -9.822969810330220986e-01 -3.189052332690628377e-02 -1.080840438564918031e+02 9.823794304621059625e-01 -1.834515928363076309e-01 -3.572348934203109505e-02 -1.516210355498957654e+02 2.924070843193811095e-02 -3.792300277183423274e-02 9.988527553304169526e-01 4.642800375524869239e+00
-1.846177090433065437e-01 -9.822924572046096703e-01 -3.190344850531282722e-02 -1.080804271245983728e+02 9.823735511620874661e-01 -1.834706285643477042e-01 -3.578735015885735338e-02 -1.516213611046776464e+02 2.930029837374572080e-02 -3.794808260153981205e-02 9.988500565861104796e-01 4.643869763716895527e+00
-1.845790815197043688e-01 -9.823018457753626143e-01 -3.183781480658984947e-02 -1.080825960808189876e+02 9.823793846746894376e-01 -1.834326052045411881e-01 -3.582211487411161160e-02 -1.516240458503662865e+02 2.934803624642442002e-02 -3.788882598064129831e-02 9.988509046070325192e-01 4.642647001906880178e+00
-1.846007476938544833e-01 -9.822961744119034222e-01 -3.188713983112942407e-02 -1.080854017024393983e+02 9.823781864041467582e-01 -1.834561608972902214e-01 -3.573423996851774614e-02 -1.516233577130576862e+02 2.925171496117784375e-02 -3.792179801338032424e-02 9.988524788011803324e-01 4.642289289714859102e+00
-1.846633346843529200e-01 -9.822839369404365861e-01 -3.190172490713696907e-02 -1.080825079215847637e+02 9.823663809686722370e-01 -1.835180740489648077e-01 -3.574087351858945549e-02 -1.516189231890176075e+02 2.925314283573257623e-02 -3.793921093215671392e-02 9.988517757445684042e-01 4.644660201502312624e+00
-1.846813000930309645e-01 -9.822800341411781488e-01 -3.191789346986425441e-02 -1.080870169533739613e+02 9.823626525873800919e-01 -1.835349703383537534e-01 -3.575658630778061342e-02 -1.516166502992892333e+02 2.926493118792445822e-02 -3.795851934026686636e-02 9.988506968571733147e-01 4.643102520465158811e+00
-1.846710194391922855e-01 -9.822844452705737917e-01 -3.184153197901355009e-02 -1.080879624294498171e+02 9.823646117460079763e-01 -1.835275175357562460e-01 -3.574101140535536347e-02 -1.516223322529955340e+02 2.926404224307499469e-02 -3.788032321197651320e-02 9.988536914608423523e-01 4.641634956910074550e+00
-1.846510322182068897e-01 -9.822862871652126016e-01 -3.190056971172613998e-02 -1.080856472416466687e+02 9.823709292954730943e-01 -1.835087336886491727e-01 -3.566373417265208956e-02 -1.516218314633356670e+02 2.917796387515619178e-02 -3.792353764049935516e-02 9.988545698533544126e-01 4.642891393902456976e+00
-1.846489740013115277e-01 -9.822873853943218103e-01 -3.187865893431047343e-02 -1.080859781814867091e+02 9.823716391037605744e-01 -1.835078933785099231e-01 -3.564850280688364875e-02 -1.516207564280002202e+02 2.916708907062855183e-02 -3.789914989770225978e-02 9.988558130942510882e-01 4.643117466793949433e+00
-1.846454063824922720e-01 -9.822885472503181115e-01 -3.186351899435932444e-02 -1.080856388787828877e+02 9.823702789464997531e-01 -1.835022452208230348e-01 -3.571499743095881557e-02 -1.516230563876764563e+02 2.923540566540409891e-02 -3.789638425729491972e-02 9.988539208091454791e-01 4.642013388694425480e+00
-1.846683295769353528e-01 -9.822824894361553705e-01 -3.191737768635482392e-02 -1.080859405139486427e+02 9.823672929555528066e-01 -1.835248960793165462e-01 -3.568072659370969540e-02 -1.516193301659399708e+02 2.919091952034742754e-02 -3.794368809413605631e-02 9.988534260597855541e-01 4.643357779369516436e+00
-1.846561413103602334e-01 -9.822867017166148074e-01 -3.185820313612602872e-02 -1.080899795649446986e+02 9.823670539011899461e-01 -1.835115945718692743e-01 -3.575564385082209001e-02 -1.516218590734372356e+02 2.927594380827297504e-02 -3.789894838098208790e-02 9.988526361910201601e-01 4.641068104115357862e+00
-1.846121151590829346e-01 -9.822935548641859027e-01 -3.190202201696194784e-02 -1.080832000921786715e+02 9.823739088092481309e-01 -1.834641965734318259e-01 -3.581049938921255366e-02 -1.516258966984269989e+02 2.932354390808150288e-02 -3.795076610486716046e-02 9.988492724754443053e-01 4.643812254529996686e+00
-1.846951559989515879e-01 -9.822782131038565456e-01 -3.189375192757041427e-02 -1.080870016545686099e+02 9.823610505782354174e-01 -1.835509861948658727e-01 -3.571836745594328399e-02 -1.516177263774916071e+02 2.923124453985095211e-02 -3.792818909975301245e-02 9.988528354138385135e-01 4.644166279125352403e+00
-1.848125141806686855e-01 -9.822569217480995318e-01 -3.186964512146658185e-02 -1.080861513653114656e+02 9.823379872643015487e-01 -1.836677709458227614e-01 -3.575232430645673004e-02 -1.516149100108061134e+02 2.926454133830575996e-02 -3.791423998632794529e-02 9.988523900089130159e-01 4.643068040567346344e+00
-1.846468357996222664e-01 -9.822865619434848483e-01 -3.191639475935974940e-02 -1.080847920370598558e+02 9.823690454178335418e-01 -1.835004979740497699e-01 -3.575787812678551253e-02 -1.516193119969498184e+02 2.926780883567540667e-02 -3.795625730395046221e-02 9.988506985017503448e-01 4.645246225694219078e+00
-1.846365031961942904e-01 -9.822871961788571804e-01 -3.195662545641290292e-02 -1.080859941153953656e+02 9.823684513490457126e-01 -1.834854268490269114e-01 -3.585141459005746628e-02 -1.516211832017733059e+02 2.935281045418891913e-02 -3.801266048450305940e-02 9.988460592910853864e-01 4.646305466203983769e+00
-1.846386062138669626e-01 -9.822865515767880140e-01 -3.196428767831926282e-02 -1.080859469367738228e+02 9.823703149020690528e-01 -1.834901762975249540e-01 -3.577596401933143960e-02 -1.516218870923690645e+02 2.927711554456472257e-02 -3.800639148465764089e-02 9.988485194020688684e-01 4.645949198235618027e+00
-1.846340733259752565e-01 -9.822894364555249114e-01 -3.190175535838100929e-02 -1.080952311072471730e+02 9.823704633472708503e-01 -1.834870154948575749e-01 -3.578809701085877704e-02 -1.516257838401404285e+02 2.930071176485571707e-02 -3.794704432070403199e-02 9.988500839051851488e-01 4.644544790987136018e+00
-1.846344106611563785e-01 -9.822868054771860535e-01 -3.198071583364146819e-02 -1.080856239104571017e+02 9.823761406001365604e-01 -1.834919464431872260e-01 -3.560651583728845909e-02 -1.516234100004585912e+02 2.910760689902157708e-02 -3.799128026159728083e-02 9.988540483197216879e-01 4.644948181498585349e+00
-1.845892281971766025e-01 -9.822959405962394808e-01 -3.196094369257423268e-02 -1.080862463966164029e+02 9.823831878720752364e-01 -1.834456623848057522e-01 -3.565054191031115371e-02 -1.516244614217920343e+02 2.915628611242698787e-02 -3.797859976814640937e-02 9.988531107924634167e-01 4.644410805873576464e+00
-1.845920988269866836e-01 -9.822962428628696507e-01 -3.193506392882326794e-02 -1.080822260505507444e+02 9.823803606001404454e-01 -1.834464934343740250e-01 -3.572409766208345383e-02 -1.516192257104567034e+02 2.923327141778560984e-02 -3.796676578433016980e-02 9.988513105252913027e-01 4.646368653005596094e+00
-1.846322508554179009e-01 -9.822892480489286982e-01 -3.191810006143977474e-02 -1.080858524186916299e+02 9.823739105882625111e-01 -1.834886288505461760e-01 -3.568505118492674988e-02 -1.516199081769618147e+02 2.919643367924110861e-02 -3.794412009806788499e-02 9.988532484856806892e-01 4.644362352327217280e+00
-1.846919786389038531e-01 -9.822796001282918521e-01 -3.186942419074713373e-02 -1.080858054600868314e+02 9.823641322596234904e-01 -1.835519231467315215e-01 -3.562868449624755768e-02 -1.516192109178194585e+02 2.914763586028051856e-02 -3.788771147667036737e-02 9.988568148853053108e-01 4.641247088726587755e+00
-1.846477179337377983e-01 -9.822881828632108459e-01 -3.186135698858860027e-02 -1.080835791283099070e+02 9.823730576988336516e-01 -1.835088036580310167e-01 -3.560469754740953202e-02 -1.516206267969869543e+02 2.912723415134178817e-02 -3.787406483716399680e-02 9.988579275569690052e-01 4.641592583933086935e+00
-1.845845189869019798e-01 -9.822979184641369432e-01 -3.192733517533308252e-02 -1.080797417004983885e+02 9.823868086893452478e-01 -1.834457448898496601e-01 -3.555020105389138096e-02 -1.516212176298280667e+02 2.906395471263219579e-02 -3.792700967427073411e-02 9.988577618828567983e-01 4.639785586146749630e+00
-1.845861794231755670e-01 -9.822996320731978148e-01 -3.186495245274666155e-02 -1.080801872887145265e+02 9.823868933740484977e-01 -1.834501771923500169e-01 -3.552498015455821112e-02 -1.516201542070085964e+02 2.905054376154799986e-02 -3.786113200837958048e-02 9.988606512372997237e-01 4.638913640393232285e+00
-1.846230176629799491e-01 -9.822908865062204287e-01 -3.192108450286353788e-02 -1.080845019643372922e+02 9.823737036107812459e-01 -1.834767782568851313e-01 -3.575161946696960719e-02 -1.516184837693030829e+02 2.926171223719143191e-02 -3.795900587868123593e-02 9.988507726731006287e-01 4.643725630389068826e+00
-1.845981039522430756e-01 -9.822975488810342659e-01 -3.186009227149825401e-02 -1.080859504413433001e+02 9.823783084034919399e-01 -1.834540193143985309e-01 -3.574187985662744677e-02 -1.516206646667792199e+02 2.926429899263160300e-02 -3.789654680447592655e-02 9.988530685465034642e-01 4.639818833480717331e+00
-1.845629887322097762e-01 -9.823028170692310601e-01 -3.190107785149660924e-02 -1.080883297705528605e+02 9.823817177155754754e-01 -1.834133350670019702e-01 -3.585678761120891095e-02 -1.516238417447830216e+02 2.937114040056855099e-02 -3.795687154459232576e-02 9.988476420426277702e-01 4.644225860430162278e+00
-1.846672201964258964e-01 -9.822817970780743924e-01 -3.194509217381634458e-02 -1.080836598525175845e+02 9.823661698592525138e-01 -1.835210504031394851e-01 -3.573139201025565120e-02 -1.516211666605888695e+02 2.923569908497117981e-02 -3.798019468087544120e-02 9.988507289435273329e-01 4.645327901435659435e+00
-1.845674418276659345e-01 -9.822990309198275094e-01 -3.199176880323140182e-02 -1.080855123078760585e+02 9.823846074839533982e-01 -1.834193068085094858e-01 -3.574690012413868356e-02 -1.516221861766157133e+02 2.924623729286247864e-02 -3.802593514766121341e-02 9.988486801614924193e-01 4.646986908670624139e+00
-1.845925869822038212e-01 -9.822963301306436579e-01 -3.192955751473745829e-02 -1.080877631620154204e+02 9.823821046171595794e-01 -1.834495671385638627e-01 -3.566029787639864168e-02 -1.516220293352278361e+02 2.917151623034750299e-02 -3.794965254838285340e-02 9.988537663303270753e-01 4.643279845138181372e+00
-1.845418228647390801e-01 -9.823060202668328911e-01 -3.192488310543643848e-02 -1.080932719739757744e+02 9.823903585821370799e-01 -1.833973757706197638e-01 -3.570134346646316320e-02 -1.516240626150781736e+02 2.921470483539989615e-02 -3.795108836366376664e-02 9.988524495206455578e-01 4.644960302625177562e+00
-1.846026874012367536e-01 -9.822967174777151866e-01 -3.185916880188543326e-02 -1.080882926213658237e+02 9.823809931463668432e-01 -1.834632298698157804e-01 -3.562060626228957805e-02 -1.516221506877470517e+02 2.914501859665162564e-02 -3.787350153129394326e-02 9.988574301534528521e-01 4.641088115446689422e+00
-1.846805155984208024e-01 -9.822803862026864286e-01 -3.191159726185018031e-02 -1.080831185901211455e+02 9.823670946973054319e-01 -1.835399974045808236e-01 -3.560843451630263390e-02 -1.516206823326233462e+02 2.912041233013081681e-02 -3.792508713539761989e-02 9.988561905256910789e-01 4.644578817479754207e+00
-1.847066623561663956e-01 -9.822744472634820090e-01 -3.194306081867993169e-02 -1.080871456022254478e+02 9.823577866089044930e-01 -1.835592539534853795e-01 -3.576561724469223824e-02 -1.516174757840650216e+02 2.926820749719963310e-02 -3.798566231172728624e-02 9.988495689985755766e-01 4.645815513794127050e+00
-1.846848326016936603e-01 -9.822801078291917287e-01 -3.189517784800779965e-02 -1.080863621792653788e+02 9.823647485888323816e-01 -1.835429074471501831e-01 -3.565812468214431263e-02 -1.516205579931730654e+02 2.917213288199618434e-02 -3.791821315566641648e-02 9.988549423085398837e-01 4.644202690116287613e+00
-1.845937545937246238e-01 -9.822950999267294758e-01 -3.196063868148961429e-02 -1.080832033163013222e+02 9.823807773846540137e-01 -1.834481630655855344e-01 -3.570405709419840340e-02 -1.516214466392871714e+02 2.920879987461311167e-02 -3.798826302687858397e-02 9.988512090807546429e-01 4.645384525026920564e+00
-1.845961706130463398e-01 -9.822978713658453431e-01 -3.186135127593915650e-02 -1.080798429407838910e+02 9.823762375606707176e-01 -1.834488943957288676e-01 -3.582500552862266652e-02 -1.516211749222984224e+02 2.934589700691069697e-02 -3.791299322283092632e-02 9.988500504448830641e-01 4.643490567310698758e+00
-1.846453002119234910e-01 -9.822863015155934852e-01 -3.193328928352176521e-02 -1.080833756096772760e+02 9.823719652100705302e-01 -1.835017677303192318e-01 -3.567104160452583272e-02 -1.516226857612969638e+02 2.917936049594864467e-02 -3.795685833501465101e-02 9.988532634107890607e-01 4.643066518691818523e+00
-1.847272368464869530e-01 -9.822718158155292478e-01 -3.190498113970475363e-02 -1.080862028555106065e+02 9.823525158613382047e-01 -1.835793692871257043e-01 -3.580711874809919260e-02 -1.516227612573702004e+02 2.931522723707303407e-02 -3.795648859686791277e-02 9.988492991565016688e-01 4.643575255325472995e+00
-1.846333793669492351e-01 -9.822880027257649971e-01 -3.194988144840905930e-02 -1.080912421391825973e+02 9.823682505140984844e-01 -1.834815337328865592e-01 -3.587683320607661791e-02 -1.516236748850718641e+02 2.937916958338440687e-02 -3.801061009842877231e-02 9.988453623632318479e-01 4.647516184365397152e+00
-1.847252856178662750e-01 -9.822707540787741776e-01 -3.194893636592886083e-02 -1.080898863510246031e+02 9.823554718158505894e-01 -1.835791787259308805e-01 -3.572691047054516594e-02 -1.516189039232104960e+02 2.922833978958300910e-02 -3.798487619868202297e-02 9.988507662976063850e-01 4.644998338998838072e+00
-1.846755305428708915e-01 -9.822833032464659553e-01 -3.185059782674928147e-02 -1.080781931850733031e+02 9.823698771455069423e-01 -1.835396317304838210e-01 -3.553347803635965863e-02 -1.516177576842864596e+02 2.905809518587379806e-02 -3.785123178247279396e-02 9.988608067977831073e-01 4.638687024700386630e+00
-1.844980210437967560e-01 -9.823182658546358859e-01 -3.180101884001985957e-02 -1.080779709807236486e+02 9.824030161019328133e-01 -1.833638840769542533e-01 -3.552463891496125681e-02 -1.516253419978057480e+02 2.906534336194642465e-02 -3.779564240165571298e-02 9.988627008907171589e-01 4.636188077162484156e+00
-1.845110912518452828e-01 -9.823127459116686166e-01 -3.189555493374184730e-02 -1.080811070330066599e+02 9.823940476309801495e-01 -1.833650517568494731e-01 -3.576580732246614769e-02 -1.516287142309423075e+02 2.928467831944038188e-02 -3.793319145136637982e-02 9.988510802927735854e-01 4.641332527855268175e+00
-1.846870094113726157e-01 -9.822770578416925025e-01 -3.197640055652350294e-02 -1.080914950427756480e+02 9.823623081385696176e-01 -1.835394887771770733e-01 -3.574285394416455014e-02 -1.516215243084676274e+02 2.924045320006073145e-02 -3.801365145944512330e-02 9.988493170640779795e-01 4.646470660430247257e+00
-1.846142009224318592e-01 -9.822936725814175318e-01 -3.188632346764186387e-02 -1.080805722237797397e+02 9.823784679863900582e-01 -1.834732723971290724e-01 -3.563851782274694846e-02 -1.516202354284545493e+02 2.915720244614277215e-02 -3.790381408776676009e-02 9.988559247574770872e-01 4.641694491307978510e+00
-1.845243100537843350e-01 -9.823102748995540257e-01 -3.189518499612500890e-02 -1.080747918850421598e+02 9.823985802502503972e-01 -1.833873842204623017e-01 -3.552600218246541181e-02 -1.516242719052551422e+02 2.904838242427265280e-02 -3.788919549870097686e-02 9.988596499724045064e-01 4.639006316108251760e+00
-1.844739595665934040e-01 -9.823189406192430750e-01 -3.191954170271362606e-02 -1.080782525301633683e+02 9.824002593703596853e-01 -1.833261123420844019e-01 -3.579478904236983727e-02 -1.516206253050141868e+02 2.931021376369050135e-02 -3.796097251422574093e-02 9.988492758844554897e-01 4.643325452978285028e+00
-1.845487735105646454e-01 -9.823052165167486249e-01 -3.190943120348552903e-02 -1.080864400673796979e+02 9.823825745761244344e-01 -1.833964927155145030e-01 -3.591940462804769224e-02 -1.516252805315766068e+02 2.943174077304084105e-02 -3.797615124827573990e-02 9.988451254180683581e-01 4.646742480730818414e+00
-1.846730877940643278e-01 -9.822805953042259564e-01 -3.194812566304140733e-02 -1.080941755481729700e+02 9.823675118294425967e-01 -1.835299797906928543e-01 -3.564853741822091027e-02 -1.516246901352103009e+02 2.915342769960651767e-02 -3.796812619558143087e-02 9.988535923980852438e-01 4.644614832435912888e+00
-1.846805268561217961e-01 -9.822807057872070535e-01 -3.190169334584439659e-02 -1.080747323580091575e+02 9.823697810879429282e-01 -1.835438728036071776e-01 -3.551422196079963289e-02 -1.516168691530786532e+02 2.902957466744844617e-02 -3.789804473109754934e-02 9.988598610416712376e-01 4.640341780365418778e+00
-1.846421274643281762e-01 -9.822886110318663766e-01 -3.188054896852089010e-02 -1.080781459853964037e+02 9.823753776519380532e-01 -1.835041775331009983e-01 -3.556450774456065139e-02 -1.516206506376916252e+02 2.908439699666435715e-02 -3.788537270487905145e-02 9.988587469639302885e-01 4.639127728173819243e+00
-1.846435031930258042e-01 -9.822866731428683273e-01 -3.193224850403109105e-02 -1.080825237350826740e+02 9.823720133689821665e-01 -1.834996343766013283e-01 -3.568068851670733871e-02 -1.516242507553444057e+02 2.918910889321091676e-02 -3.795755457836769847e-02 9.988529521268135758e-01 4.642996592446388959e+00
-1.845425027051750266e-01 -9.823047712191648184e-01 -3.195936694265585215e-02 -1.080873367324266923e+02 9.823836455292704883e-01 -1.833882662882129200e-01 -3.593211355354344189e-02 -1.516263968744317197e+02 2.943531368835205705e-02 -3.802736156859134325e-02 9.988430717986684915e-01 4.647636204116408543e+00
-1.845530149576468659e-01 -9.823023368044815351e-01 -3.197348555439860629e-02 -1.080928012389425987e+02 9.823888315738665833e-01 -1.834075342196954672e-01 -3.569117524520914325e-02 -1.516267083143282548e+02 2.919534670072590488e-02 -3.799730911401463102e-02 9.988512583118261956e-01 4.645179111386366522e+00
-1.846083111977894209e-01 -9.822921504634669621e-01 -3.196721092866750685e-02 -1.080776526849749644e+02 9.823822527486143485e-01 -1.834679491148689667e-01 -3.556151194960097822e-02 -1.516193161979342676e+02 2.906683541870076770e-02 -3.796897135085034597e-02 9.988560838745992321e-01 4.643265496328892183e+00
-1.846110554512709889e-01 -9.822943415553995195e-01 -3.188392625465961971e-02 -1.080793259021578194e+02 9.823800783082150545e-01 -1.834715438457581449e-01 -3.560301029407442197e-02 -1.516249139355632281e+02 2.912284238040124817e-02 -3.789484327845739353e-02 9.988572675335487538e-01 4.640186911154977167e+00
-1.846114110640466599e-01 -9.822961096946168924e-01 -3.182734333498524887e-02 -1.080858536060269159e+02 9.823743481959407164e-01 -1.834666120989631999e-01 -3.578606225235701765e-02 -1.516232248446731603e+02 2.931325487799941662e-02 -3.787288111234798915e-02 9.988525306393869485e-01 4.640611854101071465e+00
-1.846066857667094663e-01 -9.822940623987915787e-01 -3.191780923419895721e-02 -1.080920492518462339e+02 9.823739929075757660e-01 -1.834569876896938734e-01 -3.584510742974854336e-02 -1.516268279929099947e+02 2.935489105852837066e-02 -3.797247218581983885e-02 9.988475267662422219e-01 4.644418076354011049e+00
-1.846220357508159271e-01 -9.822895985111219641e-01 -3.196636626336858689e-02 -1.080940257297061464e+02 9.823734707660396470e-01 -1.834736074703213760e-01 -3.577428261911030916e-02 -1.516259166199184278e+02 2.927572117489146697e-02 -3.800763105858899482e-02 9.988485131044667620e-01 4.645746554705899811e+00
-1.845899169582654320e-01 -9.822964919474554968e-01 -3.194001354200948911e-02 -1.080853273941353478e+02 9.823837961522303708e-01 -1.834480704851162436e-01 -3.562137690799712514e-02 -1.516230736744116143e+02 2.913141971951355158e-02 -3.795269875793916975e-02 9.988548208033610765e-01 4.641949934646104836e+00
-1.846087652844601301e-01 -9.822945225466181984e-01 -3.189160947740225099e-02 -1.080876238982784088e+02 9.823766892735803502e-01 -1.834640169320544967e-01 -3.573506489478772696e-02 -1.516209482334475638e+02 2.925139572784533210e-02 -3.792657994160315849e-02 9.988523065908724297e-01 4.641721472645791380e+00
-1.846055065391609684e-01 -9.822947276025346675e-01 -3.190415458341110122e-02 -1.080831663920906891e+02 9.823765690781498527e-01 -1.834593565659929926e-01 -3.576228480725326953e-02 -1.516252847515315523e+02 2.927598814153053661e-02 -3.794380862083104877e-02 9.988509317739473481e-01 4.641731362200495425e+00
-1.846289904773621426e-01 -9.822883043919460322e-01 -3.196596518339639426e-02 -1.080863575099277085e+02 9.823734666508944224e-01 -1.834822596295664354e-01 -3.572999330440725096e-02 -1.516268519663630343e+02 2.923196701583216650e-02 -3.799930862561051725e-02 9.988501112020565786e-01 4.643088892810451895e+00
-1.846012679301201054e-01 -9.822935538961576896e-01 -3.196475954310888656e-02 -1.080908999940968442e+02 9.823802876324134736e-01 -1.834567159400404268e-01 -3.567357352091538036e-02 -1.516230979667319332e+02 2.917777150244401166e-02 -3.798693657761957609e-02 9.988521663888000335e-01 4.643762171753297530e+00
-1.846692305207355833e-01 -9.822849194873137790e-01 -3.183727762671979822e-02 -1.080829687785063697e+02 9.823711612756023115e-01 -1.835339523093058034e-01 -3.552731123726985546e-02 -1.516231915107554471e+02 2.905472066470183787e-02 -3.783682462267178720e-02 9.988614508076529841e-01 4.638273785455748310e+00
-1.845809658112473883e-01 -9.822992500177257780e-01 -3.190690324680005990e-02 -1.080766894799651539e+02 9.823832528665795705e-01 -1.834374392938968867e-01 -3.569104022827047917e-02 -1.516225524444155610e+02 2.920636142119144643e-02 -3.793269407663291126e-02 9.988533922316243929e-01 4.643322199686313212e+00
-1.845596356020215989e-01 -9.823038326262826248e-01 -3.188920372423761918e-02 -1.080838985582498140e+02 9.823861997361126308e-01 -1.834154059698318573e-01 -3.572314965062701325e-02 -1.516258665045903058e+02 2.924201556815744438e-02 -3.792056514134067163e-02 9.988528096095404818e-01 4.640568388411737466e+00
-1.846111810520816299e-01 -9.822938653657270480e-01 -3.189786662794492911e-02 -1.080858501296359435e+02 9.823739521033675315e-01 -1.834632441463921460e-01 -3.581419098753784586e-02 -1.516244008670650487e+02 2.932797400718322248e-02 -3.794733339959455859e-02 9.988492728277345023e-01 4.644359241008392480e+00
-1.845868826243297622e-01 -9.822972741857630696e-01 -3.193349167021290735e-02 -1.080871929804632856e+02 9.823771551541459202e-01 -1.834359171374293496e-01 -3.586627016009821117e-02 -1.516255435053961378e+02 2.937359008154868251e-02 -3.799117570133692806e-02 9.988462658360151014e-01 4.646777655438453003e+00
-1.846566426728950550e-01 -9.822835861846117567e-01 -3.195122265381229731e-02 -1.080857665951384092e+02 9.823749002739594616e-01 -1.835190540864546360e-01 -3.550087462220240936e-02 -1.516233463869166940e+02 2.900826827825392709e-02 -3.794355148785719806e-02 9.988587524129651785e-01 4.641992240598202812e+00
-1.845935003104746119e-01 -9.822986666269986067e-01 -3.185230267889618827e-02 -1.080787482287749697e+02 9.823854365266200261e-01 -1.834578394635582033e-01 -3.552569830089459535e-02 -1.516212404269420233e+02 2.905329144055219040e-02 -3.784905127192145224e-02 9.988610291598555291e-01 4.639656676397198254e+00
-1.845306903917058872e-01 -9.823122609438201813e-01 -3.179695430383815136e-02 -1.080775086401536242e+02 9.823955014905714211e-01 -1.833948634864739358e-01 -3.557249917936775030e-02 -1.516247089088828943e+02 2.911190400246886981e-02 -3.780140270171898631e-02 9.988611269836931150e-01 4.636961697860333409e+00
-1.845622801015716075e-01 -9.823037849867189975e-01 -3.187536297008250474e-02 -1.080782277933584936e+02 9.823824096165748587e-01 -1.834142878438540514e-01 -3.583294979015388959e-02 -1.516253060026666901e+02 2.935244520718519046e-02 -3.792720679798854133e-02 9.988493184384028556e-01 4.643253430767297019e+00
-1.845052051443718533e-01 -9.823103738052487710e-01 -3.200248098548008624e-02 -1.080855478641115752e+02 9.823953301772805347e-01 -1.833555097312375981e-01 -3.577949548373161870e-02 -1.516288689472255840e+02 2.927873836943067215e-02 -3.804059102841086948e-02 9.988471699482877053e-01 4.646388901737606325e+00
-1.846067555423134277e-01 -9.822921182526248574e-01 -3.197718291082285447e-02 -1.080936190337823604e+02 9.823786781664748391e-01 -1.834609917534755219e-01 -3.569589876612195428e-02 -1.516285587524329799e+02 2.919723432160334017e-02 -3.800340673680236564e-02 9.988509711585440431e-01 4.645078608874436021e+00
-1.846962056886629622e-01 -9.822770852541525821e-01 -3.192239635142151560e-02 -1.080870753953087302e+02 9.823633288614860293e-01 -1.835542113299195588e-01 -3.563904616051179197e-02 -1.516195874956252396e+02 2.914792809773944851e-02 -3.794178814522783383e-02 9.988547537054381920e-01 4.642150573443837303e+00
-1.846983451372274931e-01 -9.822782215631500335e-01 -3.187501758909470906e-02 -1.080841421179815853e+02 9.823623691390268586e-01 -1.835573420163270075e-01 -3.564937434878744787e-02 -1.516220544289175223e+02 2.916671052978801401e-02 -3.789719824256978370e-02 9.988558981966492167e-01 4.641247076546217265e+00
-1.846640983331013786e-01 -9.822860639265770244e-01 -3.183173577509143537e-02 -1.080841848798794302e+02 9.823674039188919904e-01 -1.835228936399388999e-01 -3.568797034968655690e-02 -1.516208254121592915e+02 2.921394366529524861e-02 -3.786074650157202071e-02 9.988559002027592726e-01 4.640066129424662122e+00
-1.845989563191705596e-01 -9.822955595329930789e-01 -3.191643851743206778e-02 -1.080896639433928215e+02 9.823787426702695891e-01 -1.834535911305019695e-01 -3.573214030677481640e-02 -1.516253972176450020e+02 2.924433749383599165e-02 -3.795014654894867528e-02 9.988516181603050992e-01 4.642391090141749999e+00
-1.847134115349009509e-01 -9.822750323954455576e-01 -3.188598958264222266e-02 -1.080898255630770848e+02 9.823563200396087103e-01 -1.835678153803494972e-01 -3.576195792631346043e-02 -1.516233292181543959e+02 2.927483693166790107e-02 -3.792911663896268021e-02 9.988515235176909091e-01 4.642766588390863980e+00
-1.845790101942115236e-01 -9.822985382346848260e-01 -3.194011236246004776e-02 -1.080881098733610060e+02 9.823815548679265541e-01 -1.834315974868363508e-01 -3.576771866784762138e-02 -1.516266223302410765e+02 2.927575192886108096e-02 -3.797934735390611632e-02 9.988495880379443248e-01 4.642306556259349293e+00
-1.845882863104462146e-01 -9.822973230161260449e-01 -3.192387433137883201e-02 -1.080917973468350084e+02 9.823806052596446570e-01 -1.834424809014334468e-01 -3.573797154878381732e-02 -1.516251840945822948e+02 2.924911907506309167e-02 -3.795820591229424890e-02 9.988511719156426549e-01 4.643129988066775127e+00
-1.846531319086115452e-01 -9.822840841630215980e-01 -3.195620247079496851e-02 -1.080951086716243879e+02 9.823658298999611294e-01 -1.835027004212819168e-01 -3.583483198031513911e-02 -1.516253568321945977e+02 2.933593566431949226e-02 -3.800969531725776479e-02 9.988466678828078482e-01 4.645679781681798737e+00
-1.847199619346495680e-01 -9.822741534269975316e-01 -3.187511838623863919e-02 -1.080855757237877555e+02 9.823566816126648726e-01 -1.835768176460765844e-01 -3.570577143673455550e-02 -1.516182826030904494e+02 2.922132361503867320e-02 -3.790830426455713692e-02 9.988538805621025585e-01 4.642048367594746594e+00
-1.847360890991827098e-01 -9.822700175865127781e-01 -3.190908859449020918e-02 -1.080870329881692271e+02 9.823534536485273305e-01 -1.835914336026542859e-01 -3.571942906225028525e-02 -1.516169740321792005e+02 2.922788889314022545e-02 -3.794467101339009385e-02 9.988523076273768675e-01 4.643773122607510295e+00
-1.845783612630067516e-01 -9.823027891243125698e-01 -3.181287525609015343e-02 -1.080862358091078761e+02 9.823819446060917393e-01 -1.834359272024097542e-01 -3.573479429556618986e-02 -1.516237854291303506e+02 2.926676383574275050e-02 -3.784826402873509715e-02 9.988548270117104666e-01 4.637313524896727657e+00
-1.846789699996542744e-01 -9.822823110836281790e-01 -3.186125189118517442e-02 -1.080863388728791818e+02 9.823602900693259032e-01 -1.835310830334917487e-01 -3.584134561457900936e-02 -1.516215743228662518e+02 2.935878973624363522e-02 -3.791837144129858728e-02 9.988494674236266802e-01 4.643194888665572506e+00
-1.846485467757070786e-01 -9.822861077155476961e-01 -3.192047560201612122e-02 -1.080863819001780541e+02 9.823664053780684080e-01 -1.834990543677768038e-01 -3.583772636069743750e-02 -1.516240728895915595e+02 2.934552364828471593e-02 -3.797498696735914642e-02 9.988477064130631966e-01 4.643530486389492395e+00
-1.846544909486664832e-01 -9.822840635522535058e-01 -3.194898220228096358e-02 -1.080881531285472477e+02 9.823675547380467110e-01 -1.835068887422754980e-01 -3.576603391657121045e-02 -1.516223808733351746e+02 2.926954681029437025e-02 -3.799000230854131244e-02 9.988493646962574024e-01 4.642346345650003592e+00
-1.846269850871740115e-01 -9.822897657871247912e-01 -3.193262293478896924e-02 -1.080904687141967173e+02 9.823732444960608934e-01 -1.834806919634122124e-01 -3.574414882060315130e-02 -1.516216376626286717e+02 2.925209182096859262e-02 -3.796908882897321452e-02 9.988506712304873192e-01 4.643338997323197326e+00
-1.847079229601049644e-01 -9.822761450816914763e-01 -3.188350669572355411e-02 -1.080863842122514882e+02 9.823595081330487311e-01 -1.835652211619240859e-01 -3.568762194891638567e-02 -1.516199915270636609e+02 2.920239675709616900e-02 -3.791285248073753694e-02 9.988542614618085569e-01 4.642550483340866840e+00
-1.845999798157245131e-01 -9.822967854028689105e-01 -3.187276014442333438e-02 -1.080872176224063850e+02 9.823798970412912501e-01 -1.834579485691736345e-01 -3.567799035725276874e-02 -1.516247251555372770e+02 2.919906404623073132e-02 -3.789731512891484494e-02 9.988549485109656789e-01 4.641973358867292454e+00
-1.846321207207832771e-01 -9.822913134200601526e-01 -3.185522841919794651e-02 -1.080870293878571715e+02 9.823662406625677246e-01 -1.834808372201759408e-01 -3.593538060849282845e-02 -1.516244559713952071e+02 2.945418823597179339e-02 -3.792832651826942569e-02 9.988462808875465671e-01 4.644254122440040433e+00
-1.846023890949521906e-01 -9.822945166288749030e-01 -3.192867897800884258e-02 -1.080830288789370712e+02 9.823772050164888414e-01 -1.834554156083136878e-01 -3.576503247547948433e-02 -1.516255388402248627e+02 2.927430621598209326e-02 -3.796831685531711770e-02 9.988500497625992791e-01 4.642362445597732368e+00
-1.845839225572107889e-01 -9.822984470275657465e-01 -3.191451864945747674e-02 -1.080899620053118042e+02 9.823777827780340033e-01 -1.834337463264896773e-01 -3.586018143767881472e-02 -1.516264461184380821e+02 2.937120081828203944e-02 -3.797132702266227400e-02 9.988470908435536089e-01 4.645874923361847486e+00
-1.847246661570889348e-01 -9.822712987948369889e-01 -3.193576798913019127e-02 -1.080918711400374264e+02 9.823547354338233450e-01 -1.835779315558285774e-01 -3.575355669616746973e-02 -1.516200929911573780e+02 2.925699034238789242e-02 -3.797681673846605571e-02 9.988502339722999945e-01 4.644218936323087910e+00
-1.847896422162518260e-01 -9.822616486194762908e-01 -3.185658143834563250e-02 -1.080856865401019746e+02 9.823469211212286778e-01 -1.836514180176562760e-01 -3.559049344623482075e-02 -1.516178143962321769e+02 2.910867041333215985e-02 -3.787096924363610867e-02 9.988585860847948306e-01 4.640268784587696871e+00
-1.846492399817856178e-01 -9.822893453353497284e-01 -3.181666567696293801e-02 -1.080828506018757764e+02 9.823718495126877448e-01 -1.835107462796194966e-01 -3.562801264340988150e-02 -1.516232680362928136e+02 2.915831715258603365e-02 -3.783448216307200296e-02 9.988585207627160845e-01 4.638744266762486745e+00
-1.845579871247930992e-01 -9.823035076032271551e-01 -3.190875019240430044e-02 -1.080822923286771982e+02 9.823835539002234718e-01 -1.834092198021646247e-01 -3.582751900324745997e-02 -1.516260026899792592e+02 2.934113860796021614e-02 -3.795888620544320136e-02 9.988484472347297638e-01 4.642059799951312904e+00
-1.845865830834514387e-01 -9.822992853673702118e-01 -3.187330093244312990e-02 -1.080844738986040454e+02 9.823758192190947813e-01 -1.834360188487464960e-01 -3.590232307992106270e-02 -1.516242263718898755e+02 2.942011487381949661e-02 -3.793864725680631128e-02 9.988468931148231089e-01 4.645045413633789977e+00
-1.845963036971591809e-01 -9.822962743399054064e-01 -3.190978030773676533e-02 -1.080896704666618007e+02 9.823777421976881419e-01 -1.834492410794315020e-01 -3.578194491575238667e-02 -1.516256937842935315e+02 2.929464619891359450e-02 -3.795267270328191167e-02 9.988500479745485716e-01 4.645537795555529037e+00
-1.846684619816874040e-01 -9.822823703149580199e-01 -3.192027753240544996e-02 -1.080896293748387222e+02 9.823675736693352478e-01 -1.835253202906446113e-01 -3.567081461418399047e-02 -1.516236314056101833e+02 2.918063317238511062e-02 -3.794472006279618614e-02 9.988536874172386781e-01 4.643142323924135617e+00
-1.847190855177716085e-01 -9.822756339873859321e-01 -3.183454601776242177e-02 -1.080857585824188902e+02 9.823581725960464084e-01 -1.835791367968526711e-01 -3.565278764246423981e-02 -1.516227467273699290e+02 2.917670610665869246e-02 -3.785867678090915067e-02 9.988570670587280098e-01 4.641145496302225837e+00
-1.846537918275186207e-01 -9.822876363189936288e-01 -3.184300077825937686e-02 -1.080847554746925141e+02 9.823724520171970287e-01 -1.835162311677496216e-01 -3.558311981410923475e-02 -1.516261480797797958e+02 2.910915116315903467e-02 -3.785224475285234313e-02 9.988592818238866133e-01 4.639555994994106314e+00
-1.846619260043727007e-01 -9.822841236708425017e-01 -3.190412933400154499e-02 -1.080835687428866692e+02 9.823658332133039517e-01 -1.835155263938326176e-01 -3.576899925250512369e-02 -1.516237614109405172e+02 2.928041699646380044e-02 -3.794669888935800484e-02 9.988506921576986164e-01 4.642785773556843409e+00
-1.846043766202607461e-01 -9.822930457819650796e-01 -3.196242076305880198e-02 -1.080811097488498831e+02 9.823759646645470189e-01 -1.834550468402298407e-01 -3.580097538125848883e-02 -1.516236967173273626e+02 2.930338175100746442e-02 -3.800813067277857699e-02 9.988476829931156598e-01 4.643060274846082969e+00
-1.846173439861906740e-01 -9.822892376034323414e-01 -3.200453074100891027e-02 -1.080859959946439659e+02 9.823733353748432817e-01 -1.834662110944844660e-01 -3.581590891125974174e-02 -1.516235622219654147e+02 2.930983186560544296e-02 -3.805263558679974900e-02 9.988457992507693284e-01 4.647699863341197890e+00
-1.846427667493262259e-01 -9.822861871141553847e-01 -3.195145210923692330e-02 -1.080916260380304124e+02 9.823723896172192882e-01 -1.834985108482691807e-01 -3.567610733000867174e-02 -1.516206589711941319e+02 2.918110355878483428e-02 -3.797555952454992334e-02 9.988525016607251450e-01 4.645458159814600307e+00
-1.847473627402436147e-01 -9.822679470131864266e-01 -3.190755758476680748e-02 -1.080842309775733980e+02 9.823532364663726257e-01 -1.836052197685011933e-01 -3.565448187541001707e-02 -1.516151465084606116e+02 2.916386059095064584e-02 -3.793156395748462778e-02 9.988546769631561073e-01 4.642568803729397509e+00
-1.846613838823512044e-01 -9.822853244933902328e-01 -3.187027749440851654e-02 -1.080842696069078244e+02 9.823692289640164610e-01 -1.835204893895636680e-01 -3.565007656176345102e-02 -1.516220174802275267e+02 2.916969810093096929e-02 -3.789157240245833586e-02 9.988560243866829724e-01 4.641759653582427703e+00
-1.846453458467385289e-01 -9.822868671628347537e-01 -3.191562088636572259e-02 -1.080834901834518575e+02 9.823680797810366849e-01 -1.834974238299662552e-01 -3.580015747290778150e-02 -1.516202633998068450e+02 2.930959031541675516e-02 -3.796321966311139162e-02 9.988492087739534453e-01 4.644232713503027021e+00
-1.845127351937327909e-01 -9.823124477393346821e-01 -3.189522797669208654e-02 -1.080839112989363286e+02 9.823889802186661635e-01 -1.833605556337267739e-01 -3.592767989476859658e-02 -1.516309562472936818e+02 2.944388045515477018e-02 -3.796263497241302021e-02 9.988452814373675048e-01 4.643720861427291347e+00
-1.847018328048359859e-01 -9.822765212119114464e-01 -3.190719095062645450e-02 -1.080840274918700032e+02 9.823569088527736026e-01 -1.835534236885558723e-01 -3.581960749970537067e-02 -1.516240798613995082e+02 2.932808530671469210e-02 -3.796019662797802535e-02 9.988487807892680870e-01 4.644339489060298476e+00
-1.846585462030205793e-01 -9.822832612281764408e-01 -3.195021166010326291e-02 -1.080863894717773661e+02 9.823673083309760745e-01 -1.835115632614170433e-01 -3.574881357337901522e-02 -1.516266981825839082e+02 2.925222789361813305e-02 -3.798816737208357552e-02 9.988499418345933023e-01 4.645164330339950354e+00
-1.847091163699423610e-01 -9.822745653975630820e-01 -3.192523301188751605e-02 -1.080881054354212836e+02 9.823558470326232417e-01 -1.835604374799746363e-01 -3.581278532839195922e-02 -1.516197180726721285e+02 2.931777840581024225e-02 -3.797688724986034853e-02 9.988484489171314262e-01 4.644562117917348409e+00
-1.846831188082180830e-01 -9.822809683436584116e-01 -3.187859559507630336e-02 -1.080836823617532616e+02 9.823614383472887290e-01 -1.835370870627970330e-01 -3.577907378272417172e-02 -1.516205193741018036e+02 2.929419866656029353e-02 -3.792409395553353324e-02 9.988511465789764454e-01 4.644144368292841385e+00
-1.846401597956044416e-01 -9.822896787100747762e-01 -3.185904095092000066e-02 -1.080819026105037750e+02 9.823710544126560418e-01 -1.834968958104163939e-01 -3.572115171867163569e-02 -1.516249579724029388e+02 2.924248352689703609e-02 -3.789295881294981599e-02 9.988538435775172752e-01 4.642253296115995020e+00
-1.846678419879583810e-01 -9.822836233386502691e-01 -3.188528588867458463e-02 -1.080778789087435996e+02 9.823646777195533808e-01 -1.835220639534862475e-01 -3.576719182728973351e-02 -1.516247498416948929e+02 2.928187330872219357e-02 -3.792802872473858417e-02 9.988513585777352155e-01 4.644633641070085694e+00
-1.846998937179824551e-01 -9.822773318986298685e-01 -3.189345542074509959e-02 -1.080885208909222257e+02 9.823556374032150762e-01 -1.835498731048947896e-01 -3.587263226054576010e-02 -1.516203421872964725e+02 2.938283380971522252e-02 -3.795638709474414424e-02 9.988473165384310626e-01 4.644765176672544627e+00
-1.846690032655264879e-01 -9.822826392877463952e-01 -3.190886689959047950e-02 -1.080900118846801519e+02 9.823635805695534184e-01 -1.835212263225367568e-01 -3.580160694212834727e-02 -1.516252563705241414e+02 2.931134257388089484e-02 -3.795755580870600887e-02 9.988493726050717836e-01 4.643060950110964313e+00
-1.846884965076034391e-01 -9.822766829917671805e-01 -3.197932626638957943e-02 -1.080884718087288832e+02 9.823600168102043506e-01 -1.835382543420291945e-01 -3.581210082828999164e-02 -1.516216908969005033e+02 2.930796189461206888e-02 -3.802929454738504522e-02 9.988467430621237320e-01 4.647632098797390476e+00
-1.848081113953528032e-01 -9.822562843058672000e-01 -3.191479130614302551e-02 -1.080882028534991974e+02 9.823395089428285099e-01 -1.836626306311652801e-01 -3.573691760075695806e-02 -1.516144994743785617e+02 2.924125736773360712e-02 -3.795563266857660684e-02 9.988514998818803781e-01 4.643964651796302689e+00
-1.847363063947236039e-01 -9.822721344057725457e-01 -3.184259834817169954e-02 -1.080882835886955462e+02 9.823535519270960581e-01 -1.835942483616905818e-01 -3.570225461682105528e-02 -1.516189816236843910e+02 2.922321193594736716e-02 -3.787619223778983246e-02 9.988550435101745117e-01 4.642446029503107141e+00
-1.845983869340761530e-01 -9.822974339334447080e-01 -3.186199662775163199e-02 -1.080791763624235244e+02 9.823816688802378128e-01 -1.834586608647004180e-01 -3.562550212712310704e-02 -1.516251243282814869e+02 2.914948008826059520e-02 -3.787705164741057839e-02 9.988571653490220248e-01 4.640073408341257810e+00
-1.846519557153274427e-01 -9.822890130772358175e-01 -3.181116216447861522e-02 -1.080835189642936598e+02 9.823676390065131381e-01 -1.835088662607589072e-01 -3.575357096095382187e-02 -1.516251318248995403e+02 2.928270962998162294e-02 -3.785222307131904523e-02 9.988542096448737029e-01 4.640910292175004059e+00
-1.846918692982644217e-01 -9.822771135860466352e-01 -3.194660451718429189e-02 -1.080881206485697987e+02 9.823542063517398670e-01 -1.835361212940018749e-01 -3.598201555494996706e-02 -1.516242850989008275e+02 2.948095449872704596e-02 -3.802846704007442624e-02 9.988416836598410509e-01 4.646151617660348343e+00
-1.847754167149546767e-01 -9.822610800934543640e-01 -3.195646900794366779e-02 -1.080888657827477317e+02 9.823441399118120199e-01 -1.836264927609401187e-01 -3.579527814166598432e-02 -1.516230363366092320e+02 2.929225424472606948e-02 -3.800633749728092592e-02 9.988480776130598260e-01 4.644935763164564690e+00
-1.846850739504561911e-01 -9.822784198343932349e-01 -3.194572565402331588e-02 -1.080851864878753901e+02 9.823657733087298727e-01 -1.835427067979604754e-01 -3.563091653071885634e-02 -1.516225700183152298e+02 2.913607542988119053e-02 -3.796288594042149245e-02 9.988542978831391750e-01 4.643119042701592925e+00
-1.846477439172142798e-01 -9.822867819715888071e-01 -3.190436694534973944e-02 -1.080849960571122210e+02 9.823711396963237252e-01 -1.835047823211339857e-01 -3.567826729284209047e-02 -1.516187029134812576e+02 2.919168645400805479e-02 -3.792984087989156178e-02 9.988539295676805985e-01 4.641870417228743939e+00
-1.847299099159962488e-01 -9.822720571151857261e-01 -3.188206695196464657e-02 -1.080851274955395382e+02 9.823537363597567573e-01 -1.835851054545856176e-01 -3.574417036740937942e-02 -1.516179716334119405e+02 2.925742713318428903e-02 -3.792248496512793526e-02 9.988522854214311186e-01 4.642224518977871028e+00
-1.846378540789315181e-01 -9.822896851804500118e-01 -3.187220151196481360e-02 -1.080825596695034392e+02 9.823697558520291251e-01 -1.834918715908142595e-01 -3.578261934689046242e-02 -1.516234645432631964e+02 2.930060798603891653e-02 -3.791711286730867214e-02 9.988512236181403825e-01 4.640293201459789074e+00
-1.846625465521645193e-01 -9.822840682386866362e-01 -3.190224420515570813e-02 -1.080873200301680157e+02 9.823648231430233135e-01 -1.835150574244164279e-01 -3.579913336507046379e-02 -1.516243393114430944e+02 2.931037618398380992e-02 -3.795040161801777751e-02 9.988496728061657670e-01 4.642461539509207924e+00
-1.846660335242271689e-01 -9.822817775593392087e-01 -3.195255134247609874e-02 -1.080837517691380469e+02 9.823652237598209380e-01 -1.835180757602299373e-01 -3.577265738772131276e-02 -1.516257103155063248e+02 2.927495874883095581e-02 -3.799506999766034954e-02 9.988490133379154257e-01 4.641964473605949770e+00
-1.846563811526986676e-01 -9.822835184259981478e-01 -3.195481698009273314e-02 -1.080894765264547033e+02 9.823687388117217090e-01 -1.835105636642433424e-01 -3.571461926297224421e-02 -1.516230203059517407e+02 2.921783539307275593e-02 -3.798634560303999763e-02 9.988510177412193158e-01 4.643875484164577294e+00
-1.847090415377612427e-01 -9.822752041033805392e-01 -3.190600849157562008e-02 -1.080821052855835092e+02 9.823603135636250760e-01 -1.835668407810826519e-01 -3.565710729755940112e-02 -1.516195141087142417e+02 2.916820716771336558e-02 -3.792938661928918487e-02 9.988546327275584780e-01 4.642839768493604247e+00
-1.847174892412435376e-01 -9.822765464561038495e-01 -3.181564789032462204e-02 -1.080827093012828470e+02 9.823579988115214157e-01 -1.835776141374265702e-01 -3.566541403984009595e-02 -1.516201157718159038e+02 2.919265899903892778e-02 -3.784238192661995570e-02 9.988572184204735915e-01 4.638679850026865559e+00
-1.847100731105906224e-01 -9.822774978648916022e-01 -3.182932735337880986e-02 -1.080830314009974558e+02 9.823563327357573982e-01 -1.835657488710127350e-01 -3.577221513100255212e-02 -1.516232730098436150e+02 2.929546766028221644e-02 -3.787522976448638723e-02 9.988529634259752932e-01 4.641024361797884801e+00
-1.846492089546072357e-01 -9.822864923460999931e-01 -3.190480507437053886e-02 -1.080820187270996229e+02 9.823662198282779867e-01 -1.835002083000487616e-01 -3.583690408138900246e-02 -1.516259261148223629e+02 2.934756842973179625e-02 -3.795945874527804215e-02 9.988482365800260832e-01 4.644197970903317874e+00
-1.847431558556993370e-01 -9.822683614675723485e-01 -3.191915450458299164e-02 -1.080889318998670063e+02 9.823501506430033503e-01 -1.835955633676300547e-01 -3.578897376834188487e-02 -1.516234221943779801e+02 2.929416146854776914e-02 -3.796755419477471777e-02 9.988494966371668227e-01 4.643321792836540673e+00
-1.847383914569185048e-01 -9.822691560694197799e-01 -3.192227680758691344e-02 -1.080875237798674107e+02 9.823560127480878146e-01 -1.835971446603705814e-01 -3.561955488545228560e-02 -1.516203654857152117e+02 2.912715124397066355e-02 -3.793933983649171865e-02 9.988554527824243801e-01 4.641893742323059513e+00
-1.847222767922029885e-01 -9.822738038170542030e-01 -3.187247702140490885e-02 -1.080812271615028237e+02 9.823586194640481217e-01 -1.835823072849303017e-01 -3.562413811772797284e-02 -1.516180808391704034e+02 2.914143478612933255e-02 -3.789077442751354746e-02 9.988568796338588296e-01 4.640973932319828243e+00
-1.847067407857030386e-01 -9.822775120794319248e-01 -3.184822085085058097e-02 -1.080813686667646607e+02 9.823635765057879832e-01 -1.835703205903345125e-01 -3.554913435118636778e-02 -1.516236158964444201e+02 2.907272713523839647e-02 -3.785269688414849565e-02 9.988603255087854516e-01 4.637574153433363655e+00
-1.847023168221488820e-01 -9.822778341470473906e-01 -3.186394049575105858e-02 -1.080828340987892489e+02 9.823565348873047887e-01 -1.835551182420243066e-01 -3.582117992702995440e-02 -1.516230742787114991e+02 2.933756166996024858e-02 -3.791800509708675299e-02 9.988501050531649605e-01 4.642604063415718407e+00
-1.845994908698940229e-01 -9.822964524968308409e-01 -3.188584925507698814e-02 -1.080857076643352315e+02 9.823711939518079417e-01 -1.834456149785588241e-01 -3.597976707592582396e-02 -1.516267463183255586e+02 2.949347833463298110e-02 -3.796558648671063269e-02 9.988437059812934615e-01 4.645490343899612462e+00
-1.847121728929661533e-01 -9.822742120696259516e-01 -3.191841926153078657e-02 -1.080901125549700055e+02 9.823540930469514265e-01 -1.835622116852826391e-01 -3.585178259318840682e-02 -1.516225762024072310e+02 2.935726586487095308e-02 -3.797745047002746427e-02 9.988472677024931023e-01 4.646305984244404108e+00
-1.846652548879490485e-01 -9.822835742166443618e-01 -3.190177834138339941e-02 -1.080928510736653294e+02 9.823673967166745014e-01 -1.835217763089751486e-01 -3.569391388601385329e-02 -1.516250360020790708e+02 2.920687428110892853e-02 -3.793069264556646336e-02 9.988534532403414712e-01 4.643382623134732157e+00
-1.847672581735730901e-01 -9.822637768269802949e-01 -3.192073057774013484e-02 -1.080894437215753356e+02 9.823504845070641922e-01 -1.836258976974112223e-01 -3.562380220521662449e-02 -1.516231072546518419e+02 2.913049769153865792e-02 -3.793945740803803673e-02 9.988553507269343212e-01 4.643324371247418370e+00
-1.846410070150263927e-01 -9.822901074265599775e-01 -3.184090734251104199e-02 -1.080857169660888530e+02 9.823708802495598746e-01 -1.834983819104638592e-01 -3.571830726597446243e-02 -1.516229370139710397e+02 2.924298490547715124e-02 -3.787464439646890529e-02 9.988545235146403245e-01 4.640782756321427449e+00
-1.846193699300662239e-01 -9.822930346704032978e-01 -3.187604562418869247e-02 -1.080837139026997846e+02 9.823728998864837969e-01 -1.834728465503918660e-01 -3.579385627893479777e-02 -1.516198156548281588e+02 2.931166687935106777e-02 -3.792240257033239331e-02 9.988506983368673486e-01 4.641844876979090095e+00
-1.847259751509096048e-01 -9.822727666850412653e-01 -3.188300383371075325e-02 -1.080884376103348501e+02 9.823518104411717022e-01 -1.835776912040616438e-01 -3.583506404541011992e-02 -1.516206953638708228e+02 2.934679927177777370e-02 -3.793999368873225697e-02 9.988489987237314516e-01 4.642131073502701710e+00
-1.847335117267641103e-01 -9.822700742646569561e-01 -3.192226259529847010e-02 -1.080861492587652890e+02 9.823520562132753708e-01 -1.835859387512510654e-01 -3.578604122241053898e-02 -1.516221062304834390e+02 2.929107882355345971e-02 -3.796978136528621206e-02 9.988495023798253936e-01 4.642991910577821457e+00
-1.847805743569213011e-01 -9.822608776141088516e-01 -3.193286158626308657e-02 -1.080885696624306433e+02 9.823447812277095181e-01 -1.836345945623318876e-01 -3.573606685985206144e-02 -1.516181525641794678e+02 2.923816230562627586e-02 -3.797241088855313196e-02 9.988509527833974166e-01 4.643942925829393609e+00
-1.847434019966955887e-01 -9.822699439802737853e-01 -3.186899075397367498e-02 -1.080848178585930697e+02 9.823531509741816325e-01 -1.836015859007997797e-01 -3.567554380535530034e-02 -1.516167313026447232e+02 2.919181717166466350e-02 -3.789742481621657944e-02 9.988551561675572676e-01 4.641825601863100559e+00
-1.847044124642083229e-01 -9.822761364432485154e-01 -3.190410303356992078e-02 -1.080822117882244271e+02 9.823593823305644124e-01 -1.835599468377548948e-01 -3.571820073902087084e-02 -1.516203467926464157e+02 2.922882076588145805e-02 -3.793860423164791690e-02 9.988525108070712699e-01 4.643863854784722633e+00
-1.845449911571455104e-01 -9.823066477367649041e-01 -3.188723962603511736e-02 -1.080819521923992568e+02 9.823871919426735433e-01 -1.833985747359430096e-01 -3.578222871500751773e-02 -1.516236433911313952e+02 2.930104683791093234e-02 -3.792904687681781378e-02 9.988507576496193918e-01 4.643083073298396535e+00
-1.846409511810522819e-01 -9.822898539190664247e-01 -3.184905076474805335e-02 -1.080820973646155068e+02 9.823662203449102792e-01 -1.834919935674368396e-01 -3.587892726800780141e-02 -1.516198778916707113e+02 2.939946040681007400e-02 -3.791215087945946915e-02 9.988485073040263007e-01 4.642604355607576672e+00
-1.846832315124098400e-01 -9.822802874425559105e-01 -3.189891690799598334e-02 -1.080870523577879538e+02 9.823617262072766865e-01 -1.835368597460707019e-01 -3.577233564656502607e-02 -1.516233502095635970e+02 2.928383310280506177e-02 -3.794282562383562152e-02 9.988507391509936495e-01 4.642561915018124097e+00
-1.846760409579590867e-01 -9.822804249402316001e-01 -3.193629088251040415e-02 -1.080932855072513092e+02 9.823641646140707229e-01 -1.835297282009640263e-01 -3.574194942332104691e-02 -1.516244231684944737e+02 2.924735848231800606e-02 -3.797374942928783553e-02 9.988506326654092993e-01 4.643357061629572513e+00
-1.847213883629055253e-01 -9.822739526299868462e-01 -3.187303979765154088e-02 -1.080910117731885123e+02 9.823562102036575983e-01 -1.835780540778324532e-01 -3.571238350073251827e-02 -1.516155009332394457e+02 2.922815347550428156e-02 -3.790751964529515822e-02 9.988537105095790514e-01 4.640777211100249211e+00
-1.846334511429554848e-01 -9.822903213434592828e-01 -3.187810085317765996e-02 -1.080874690284460655e+02 9.823742031013442677e-01 -1.834919531932392989e-01 -3.565989616262286999e-02 -1.516228360158772830e+02 2.917899587101657408e-02 -3.790023361792917156e-02 9.988554242189735533e-01 4.641185054111049091e+00
-1.846779867883210358e-01 -9.822818288057281189e-01 -3.188181290150497726e-02 -1.080859492388850924e+02 9.823648683208640042e-01 -1.835350406033851023e-01 -3.569529884515725005e-02 -1.516214534080915826e+02 2.921141360400081322e-02 -3.791170886134849483e-02 9.988540412124627954e-01 4.641618216587736434e+00
-1.846093969973274795e-01 -9.822952273408730450e-01 -3.186623422410709422e-02 -1.080864342367639495e+02 9.823759402633550630e-01 -1.834647544064442748e-01 -3.575186543765240116e-02 -1.516258917958878669e+02 2.927255595215503062e-02 -3.790475212853412074e-02 9.988525152564328158e-01 4.641501072389776716e+00
-1.846960952683145418e-01 -9.822779642287016166e-01 -3.189597754192508711e-02 -1.080932275295674998e+02 9.823596113868828805e-01 -1.835502058819680204e-01 -3.576193278472770964e-02 -1.516215994810230256e+02 2.927364528803902063e-02 -3.793840944747740862e-02 9.988512055257007249e-01 4.642103444977559334e+00
-1.846781924361911020e-01 -9.822798236829041185e-01 -3.194234218062350084e-02 -1.080928330885534479e+02 9.823612884330900075e-01 -1.835284506250942638e-01 -3.582745873253641300e-02 -1.516219669559058048e+02 2.933026127705597175e-02 -3.799547073843499712e-02 9.988473757170233114e-01 4.646222360637502824e+00
-1.847792375676273746e-01 -9.822625563079785405e-01 -3.188892972869709214e-02 -1.080915723217073747e+02 9.823443500982333987e-01 -1.836339726278317652e-01 -3.575111084987826066e-02 -1.516169970115081185e+02 2.926108668532091672e-02 -3.793197295470141645e-02 9.988518179558757426e-01 4.645107535341313820e+00
-1.847667914908026621e-01 -9.822648773937237010e-01 -3.188955002641634395e-02 -1.080847564132817098e+02 9.823538589034979118e-01 -1.836308462988218704e-01 -3.550504450053640348e-02 -1.516164450622506195e+02 2.901945312373864147e-02 -3.788697568124851922e-02 9.988605750624697244e-01 4.639536425861768620e+00
-1.846155912895957041e-01 -9.822939015141062269e-01 -3.187121743812904723e-02 -1.080822640649841162e+02 9.823778463499387437e-01 -1.834747406789722923e-01 -3.564809298742687566e-02 -1.516224163895881816e+02 2.916934098757333060e-02 -3.789077171264012417e-02 9.988560651892600672e-01 4.639827877026279523e+00
-1.845638824047539650e-01 -9.823040356533788708e-01 -3.185835605881386090e-02 -1.080826639834340455e+02 9.823823208575800381e-01 -1.834167824317496365e-01 -3.582261281452431279e-02 -1.516245720491121176e+02 2.934533997348299367e-02 -3.790864626269559168e-02 9.988502317967246080e-01 4.641248395537304283e+00
-1.847039179003826526e-01 -9.822762734062955303e-01 -3.190274933747414693e-02 -1.080888841803242997e+02 9.823533503052450655e-01 -1.835515761007000535e-01 -3.592650908465276627e-02 -1.516176070329234165e+02 2.943395753733119360e-02 -3.797553968003521130e-02 9.988450833486145486e-01 4.644668611359264787e+00
-1.848125686814081625e-01 -9.822559780624530168e-01 -3.189840149527863045e-02 -1.080917993936937904e+02 9.823387569345275461e-01 -1.836677902241343752e-01 -3.573107133169593080e-02 -1.516199006776529359e+02 2.923834950381420938e-02 -3.793858714761982193e-02 9.988522325767387189e-01 4.643106062742353046e+00
-1.847576012329039674e-01 -9.822640213870852399e-01 -3.196906434563502597e-02 -1.080898003283677866e+02 9.823512430260963324e-01 -1.836131224922668004e-01 -3.566870580387845185e-02 -1.516178173559755464e+02 2.916614667293227978e-02 -3.799491462172256001e-02 9.988522024559695067e-01 4.643671223490453137e+00
-1.846826682129376618e-01 -9.822807454132069793e-01 -3.188807382431647908e-02 -1.080848077611184124e+02 9.823686560180915350e-01 -1.835455610191996101e-01 -3.553661074661586261e-02 -1.516188953848987637e+02 2.905401409373899180e-02 -3.788884031772901673e-02 9.988594996516869662e-01 4.641615675033897048e+00
-1.846583252301325917e-01 -9.822866296260160945e-01 -3.184776571698626213e-02 -1.080849631210286503e+02 9.823656218030228926e-01 -1.835128338833631467e-01 -3.578861410640120366e-02 -1.516213466416110691e+02 2.931020338998535993e-02 -3.789481571479977329e-02 9.988517882644947221e-01 4.641374542016129645e+00
-1.846730238043603478e-01 -9.822825204562558588e-01 -3.188925030570030628e-02 -1.080875149201416860e+02 9.823616023504494477e-01 -1.835243749026711502e-01 -3.583972717587841778e-02 -1.516214271706207910e+02 2.935228281431796066e-02 -3.794540581795508710e-02 9.988486320113267869e-01 4.642896328243136139e+00
-1.845540518969299715e-01 -9.823026637519456372e-01 -3.195745162332449402e-02 -1.080839496505672059e+02 9.823866313100835246e-01 -1.834065458697105022e-01 -3.575675538087363242e-02 -1.516288785895305296e+02 2.926275024072656425e-02 -3.799362733372029649e-02 9.988494259548709175e-01 4.643736534922839887e+00
-1.846792207182563761e-01 -9.822812529744574528e-01 -3.189240489250785848e-02 -1.080939908068407647e+02 9.823633622907922414e-01 -1.835342349264363904e-01 -3.574085951257391369e-02 -1.516235883024657198e+02 2.925422813248459292e-02 -3.793052418432615869e-02 9.988520738685356948e-01 4.641806562384231505e+00
-1.848007269493456839e-01 -9.822591472405228785e-01 -3.186940509821734047e-02 -1.080912692080121360e+02 9.823419796642329782e-01 -1.836583104811775335e-01 -3.569117510751530081e-02 -1.516182753573241939e+02 2.920490212874133837e-02 -3.790240960044943125e-02 9.988545845307665871e-01 4.640429699086991100e+00
-1.847553757776083661e-01 -9.822663576944736796e-01 -3.191008716545282176e-02 -1.080885036721207229e+02 9.823525005140483213e-01 -1.836141330627538704e-01 -3.562884889257184051e-02 -1.516153094180162100e+02 2.913787663971179401e-02 -3.792957528427456926e-02 9.988555108040819697e-01 4.641204061103387346e+00
-1.846531136036717591e-01 -9.822867975182948408e-01 -3.187279494681210384e-02 -1.080847429320529187e+02 9.823686677206887596e-01 -1.835093935915017571e-01 -3.572258591364895625e-02 -1.516212497878131273e+02 2.924086724343461646e-02 -3.790712182336446884e-02 9.988533534998620400e-01 4.641003514758962112e+00
-1.846674123574447712e-01 -9.822832267741929968e-01 -3.189998763769756607e-02 -1.080892797970319776e+02 9.823615892114956338e-01 -1.835169992524878779e-01 -3.587783476225150925e-02 -1.516233278449678323e+02 2.938800529247400858e-02 -3.796278945812860128e-02 9.988469210852518598e-01 4.643509178168071294e+00
-1.846894191848484912e-01 -9.822779371957979233e-01 -3.193544331195612151e-02 -1.080886766266215631e+02 9.823600038155364533e-01 -1.835409834273642460e-01 -3.579846792887943219e-02 -1.516222352174732180e+02 2.930258256028434732e-02 -3.798370046327624594e-02 9.988486357573973518e-01 4.641110131012806228e+00
-1.847235847608788006e-01 -9.822716701076954493e-01 -3.193060188798645116e-02 -1.080906433451041693e+02 9.823561728675009874e-01 -1.835786423660010769e-01 -3.571038639068772197e-02 -1.516221346778642101e+02 2.921552433564612861e-02 -3.796377445532211209e-02 9.988519434665473762e-01 4.641995545644438614e+00
-1.847130905204921181e-01 -9.822733791577789031e-01 -3.193873492058671437e-02 -1.080931483866757077e+02 9.823539141234105543e-01 -1.835623782195463516e-01 -3.585583228429801983e-02 -1.516216412488666663e+02 2.935747940106541928e-02 -3.799818285580552901e-02 9.988464729390962304e-01 4.646839697522630708e+00
-1.846628038169735309e-01 -9.822855826628066334e-01 -3.185408889364049756e-02 -1.080853263070080033e+02 9.823682592642465350e-01 -1.835215826316900500e-01 -3.567116340257793505e-02 -1.516203289189242582e+02 2.919335672011000651e-02 -3.787958290622765734e-02 9.988557879505242099e-01 4.640061980682301801e+00
-1.846463710336276876e-01 -9.822881276269423978e-01 -3.187086423785336076e-02 -1.080843651742086706e+02 9.823708952797307603e-01 -1.835039760082632920e-01 -3.568914255707342220e-02 -1.516223182835538239e+02 2.920859071253302519e-02 -3.789888009314416883e-02 9.988546105996974900e-01 4.641371973444146981e+00
-1.846546976905116821e-01 -9.822868846107480900e-01 -3.186093128797053836e-02 -1.080830615347964567e+02 9.823662962642544239e-01 -1.835087221759279519e-01 -3.579118396210693998e-02 -1.516249180331519142e+02 2.931045180267767211e-02 -3.790811531940185830e-02 9.988512763209815848e-01 4.641426769854893664e+00
-1.846727536720638163e-01 -9.822816983947509906e-01 -3.191612523318880512e-02 -1.080890421808118589e+02 9.823608658601249433e-01 -1.835221064252317014e-01 -3.587151627393769804e-02 -1.516266092584321825e+02 2.937861939783217163e-02 -3.797764410767585919e-02 9.988466325068668938e-01 4.642713485597905532e+00
-1.845912308420882830e-01 -9.822964243199945322e-01 -3.193449959458204840e-02 -1.080886171034839407e+02 9.823800558024187168e-01 -1.834450396664428773e-01 -3.573994101022179293e-02 -1.516288194933378008e+02 2.924899071489229369e-02 -3.796909519504829134e-02 9.988507618018968026e-01 4.642334131964524602e+00
-1.847921634896998455e-01 -9.822592683775377420e-01 -3.191529412712106745e-02 -1.080921510688085050e+02 9.823405436392480539e-01 -1.836441381587732291e-01 -3.580344735452702098e-02 -1.516176015695286594e+02 2.930721131979249772e-02 -3.796788388027522165e-02 9.988491012952411818e-01 4.643487254779420148e+00
-1.846556625300570520e-01 -9.822864137387716799e-01 -3.186985534652549135e-02 -1.080866129537954095e+02 9.823694152841355720e-01 -1.835136369157968073e-01 -3.568020431896176681e-02 -1.516238165280568921e+02 2.919962687931833625e-02 -3.789652292968191671e-02 9.988549621140943024e-01 4.641343177772720985e+00
-1.847077415160889302e-01 -9.822775934624455862e-01 -3.183990586751334756e-02 -1.080864284921675136e+02 9.823595255762701539e-01 -1.835666022560673571e-01 -3.568003707576780648e-02 -1.516227410986178086e+02 2.920295761718358363e-02 -3.786861388787890470e-02 9.988559232184688330e-01 4.639452830630721891e+00
-1.846715119599622312e-01 -9.822845114398560673e-01 -3.183663386391703126e-02 -1.080850310695939527e+02 9.823640761913593478e-01 -1.835276143913724400e-01 -3.575523128871042899e-02 -1.516253203474306588e+02 2.927890843455370831e-02 -3.787813803733369733e-02 9.988533386737542541e-01 4.640197903008645319e+00
-1.846707254790165287e-01 -9.822819201740057293e-01 -3.192103460606641324e-02 -1.080878158917190461e+02 9.823634812186207155e-01 -1.835227933307010950e-01 -3.579630003406825134e-02 -1.516246488142998032e+02 2.930382089567810933e-02 -3.796858737647139381e-02 9.988491740265640351e-01 4.642057099581491819e+00
-1.846916804392062517e-01 -9.822774838122458885e-01 -3.193631118374733180e-02 -1.080865729303013154e+02 9.823590075033403757e-01 -1.835424696514611487e-01 -3.581818269112205938e-02 -1.516204383665452440e+02 2.932172494234015422e-02 -3.798824330928567833e-02 9.988479012425667269e-01 4.642033308190965712e+00
-1.847339634209084203e-01 -9.822703621419857090e-01 -3.191078839914767568e-02 -1.080927727050436147e+02 9.823532535611734229e-01 -1.835884705809047723e-01 -3.574015511356518071e-02 -1.516192809422207119e+02 2.924804226918200842e-02 -3.795008731501180177e-02 9.988515119356846661e-01 4.642709851027886359e+00
-1.846722463782803914e-01 -9.822823869184555967e-01 -3.189786462102419534e-02 -1.080895919339369726e+02 9.823686953516481690e-01 -1.835322976122595318e-01 -3.560396222705786151e-02 -1.516214320862369789e+02 2.911885661732754871e-02 -3.791052733669725283e-02 9.988567885870091034e-01 4.641247484488896902e+00
-1.846952682097631193e-01 -9.822802889483298605e-01 -3.182910373399724241e-02 -1.080827140260931998e+02 9.823600087419598337e-01 -1.835521271627951201e-01 -3.574115049225629059e-02 -1.516174540909745758e+02 2.926552793681879219e-02 -3.786885999867103947e-02 9.988540825951407465e-01 4.641172254852005352e+00
-1.846075526529336042e-01 -9.822970133846704588e-01 -3.182183211336359757e-02 -1.080782238344791892e+02 9.823770214424818459e-01 -1.834654789549685638e-01 -3.571842344815771148e-02 -1.516221220177522468e+02 2.924789300603145362e-02 -3.785492738575439026e-02 9.988551272468531028e-01 4.638525481675973339e+00
-1.846830233059588711e-01 -9.822798909426434522e-01 -3.191232915785824353e-02 -1.080766907246938899e+02 9.823593140533518620e-01 -1.835329899145410337e-01 -3.585832826077146873e-02 -1.516190825600578762e+02 2.936594958789739279e-02 -3.797179825525517916e-02 9.988472273286156389e-01 4.643213713077350313e+00
-1.847423637252774142e-01 -9.822671507100205757e-01 -3.196097121826815129e-02 -1.080859184296952691e+02 9.823526976644852970e-01 -1.835963638051336666e-01 -3.571487909599266319e-02 -1.516251398731566837e+02 2.921363442821902148e-02 -3.799499748059888271e-02 9.988508115479226568e-01 4.642489133492062159e+00
-1.846852217059857804e-01 -9.822778016243275401e-01 -3.196387522640206647e-02 -1.080894323177360548e+02 9.823632468409563279e-01 -1.835389427298883547e-01 -3.571985103117134019e-02 -1.516243213436393660e+02 2.922020088064354940e-02 -3.799706485602420691e-02 9.988505408332228885e-01 4.645313542726765554e+00
-1.847692384558830003e-01 -9.822645054147198795e-01 -3.188682992724775622e-02 -1.080810764970602804e+02 9.823509871496809431e-01 -1.836302437709089741e-01 -3.558752054701537493e-02 -1.516177541060984311e+02 2.910097191642821782e-02 -3.789953792611093497e-02 9.988577268352618610e-01 4.640824267327997354e+00
-1.846958951563428819e-01 -9.822798618453087993e-01 -3.183864515896545760e-02 -1.080830900615899282e+02 9.823648384406111767e-01 -1.835588253605162645e-01 -3.557361139692463703e-02 -1.516184765604225504e+02 2.909897778185983885e-02 -3.784746550865392134e-02 9.988597593489398907e-01 4.639301350947406810e+00
-1.845291349330826502e-01 -9.823115181733365064e-01 -3.182891177598588112e-02 -1.080797853816003737e+02 9.823877642983732672e-01 -1.833817590652178087e-01 -3.585262889929737018e-02 -1.516244642940338565e+02 2.938160849396211777e-02 -3.788418807552509926e-02 9.988500935456560148e-01 4.642037995931734606e+00
-1.845336200739224886e-01 -9.823087210139811454e-01 -3.188917813756635827e-02 -1.080833038059180495e+02 9.823882091441835662e-01 -1.833857015115682998e-01 -3.582025984821391590e-02 -1.516276358837311875e+02 2.933853433450250153e-02 -3.793759482342316108e-02 9.988493326333641731e-01 4.642799679224166809e+00
-1.845642136229566077e-01 -9.823008530370486158e-01 -3.195442336244817827e-02 -1.080887574672533020e+02 9.823814186066740506e-01 -1.834125214183626174e-01 -3.586914221580236872e-02 -1.516255912367637961e+02 2.937344763691341828e-02 -3.801159177994964389e-02 9.988454932892654181e-01 4.646431972496589680e+00
-1.846800411203362025e-01 -9.822799020356890454e-01 -3.192924159056083344e-02 -1.080910600998184776e+02 9.823611175246295124e-01 -1.835310032689823068e-01 -3.581906775507118917e-02 -1.516210681206945878e+02 2.932434462272768758e-02 -3.798111235651586287e-02 9.988480955163349106e-01 4.644216293088303971e+00
-1.847398398914776863e-01 -9.822699155075026445e-01 -3.189051027743705635e-02 -1.080842756142528316e+02 9.823554850021894991e-01 -1.835994106134988257e-01 -3.562242985100239762e-02 -1.516204066871355565e+02 2.913576226881489650e-02 -3.790869967777855259e-02 9.988563649723393167e-01 4.639967674434610778e+00
-1.846128215915976423e-01 -9.822977230601649401e-01 -3.176931498796961573e-02 -1.080838118139095627e+02 9.823767380785538572e-01 -1.834735636920459267e-01 -3.568467329655013176e-02 -1.516195820214710466e+02 2.922414389044914948e-02 -3.779728425372215483e-02 9.988580052824894695e-01 4.638292690001001972e+00
-1.845985883626997115e-01 -9.822982510660387412e-01 -3.183562669558884228e-02 -1.080834033134524077e+02 9.823745085380291009e-01 -1.834506021852753133e-01 -3.586365196862036780e-02 -1.516205875096928821e+02 2.938853771736547535e-02 -3.789488765601770753e-02 9.988494838264535547e-01 4.640773472927376631e+00
-1.847373508884229132e-01 -9.822697371461580618e-01 -3.191041638000931963e-02 -1.080856270941158783e+02 9.823497175070469156e-01 -1.835881106197212453e-01 -3.583905904047194474e-02 -1.516234033244574277e+02 2.934525005095550698e-02 -3.796800134190495696e-02 9.988479800117473495e-01 4.642827052639793450e+00
-1.846655019916541018e-01 -9.822814084662863099e-01 -3.196696663212703071e-02 -1.080885280643010162e+02 9.823676500872804418e-01 -1.835200439793005511e-01 -3.569584737515677647e-02 -1.516229923205883949e+02 2.919678811385379921e-02 -3.799510546537191585e-02 9.988513000064174197e-01 4.643265323493693586e+00
-1.846732208029386868e-01 -9.822813096027814828e-01 -3.192538681541361861e-02 -1.080857888355712788e+02 9.823641388699683175e-01 -1.835265874124278884e-01 -3.575878039047524631e-02 -1.516215145661256543e+02 2.926602433769971007e-02 -3.796604427370845608e-02 9.988503788364261338e-01 4.643967556045380363e+00
-1.846397086021638323e-01 -9.822876568052866242e-01 -3.192392982212537839e-02 -1.080825015785352150e+02 9.823727731242145600e-01 -1.834962077953707915e-01 -3.567739268723518070e-02 -1.516206500086013307e+02 2.918754240338075623e-02 -3.794866285784017496e-02 9.988533357584349348e-01 4.642230730176783560e+00
-1.846599265651620581e-01 -9.822848261993574193e-01 -3.189407060014502748e-02 -1.080849131093093263e+02 9.823671715351368627e-01 -1.835151436366093680e-01 -3.573419015578012392e-02 -1.516215171370710948e+02 2.924810781920349559e-02 -3.793036085423832915e-02 9.988522593028777985e-01 4.642339229372372422e+00
-1.847026263574955696e-01 -9.822780450030009769e-01 -3.185564505273104363e-02 -1.080829490338096122e+02 9.823585232175474635e-01 -1.835583769921385056e-01 -3.574988248723697665e-02 -1.516204109424502917e+02 2.926895417473320687e-02 -3.789676161750774736e-02 9.988529239985349806e-01 4.641691712483532406e+00
-1.846767332140131224e-01 -9.822808104180457134e-01 -3.192042753265816879e-02 -1.080828868363655175e+02 9.823637519353231040e-01 -1.835306300390684431e-01 -3.574866040871807482e-02 -1.516237689728087616e+02 2.925684694144991063e-02 -3.795941677542084836e-02 9.988508995766657295e-01 4.643764862321224207e+00
-1.846801414399230623e-01 -9.822806519829997418e-01 -3.190558097861478926e-02 -1.080873953449456906e+02 9.823610989085344025e-01 -1.835319664985153310e-01 -3.581464259774744252e-02 -1.516184613900095144e+02 2.932433646217067272e-02 -3.795705485203955398e-02 9.988490102503043699e-01 4.643698164652491300e+00
-1.846196492982676851e-01 -9.822917132785947691e-01 -3.191512364362988907e-02 -1.080913502228626726e+02 9.823703272233780259e-01 -1.834684415113314593e-01 -3.588692185792266565e-02 -1.516251201549848986e+02 2.939600796057567633e-02 -3.797790138497127155e-02 9.988461111314270724e-01 4.645151573351734342e+00
-1.846287047256602865e-01 -9.822895519441570134e-01 -3.192925825434813486e-02 -1.080899581539474923e+02 9.823731689609749296e-01 -1.834828530798278123e-01 -3.573513021186228850e-02 -1.516255562821496028e+02 2.924377364324587045e-02 -3.796417741811627250e-02 9.988511014841343627e-01 4.643069607935458976e+00
-1.847025352262900988e-01 -9.822771293998163733e-01 -3.188439334591830487e-02 -1.080831803860503584e+02 9.823643443702253508e-01 -1.835647818859111879e-01 -3.555651503219518089e-02 -1.516211354950291650e+02 2.907349980717800764e-02 -3.788946963516356264e-02 9.988589088053067000e-01 4.640480671475754271e+00
-1.847200461181357500e-01 -9.822765300555197365e-01 -3.180130601408519275e-02 -1.080825360008851845e+02 9.823568424632321827e-01 -1.835798130478936141e-01 -3.568593990591831244e-02 -1.516200250309373985e+02 2.921538340981061702e-02 -3.783213902739397672e-02 9.988569420236461660e-01 4.640619561104588620e+00
-1.846721088380174347e-01 -9.822831811515292388e-01 -3.187419401570808219e-02 -1.080854900750371854e+02 9.823644560937844217e-01 -1.835274805381479357e-01 -3.574547930693586228e-02 -1.516229652256209874e+02 2.926239260351609986e-02 -3.791326831270640241e-02 9.988524898427026955e-01 4.640403955245012035e+00
-1.846901249851526927e-01 -9.822808739755951590e-01 -3.184089123611858613e-02 -1.080830577933964776e+02 9.823608996116647285e-01 -1.835464637522568054e-01 -3.574574881300911916e-02 -1.516225455421878507e+02 2.926808239584488547e-02 -3.788113337511313933e-02 9.988535423609844477e-01 4.641205511489205904e+00
-1.846362169491440053e-01 -9.822876911035626213e-01 -3.194306336501342297e-02 -1.080868366044581990e+02 9.823671010954152516e-01 -1.834838195935200034e-01 -3.589661032414340897e-02 -1.516203855673300609e+02 2.939976319801664018e-02 -3.800762888954279523e-02 9.988448698722416363e-01 4.643092887145415126e+00
-1.847144320027822584e-01 -9.822730875907337289e-01 -3.193994372030353052e-02 -1.080863935710421657e+02 9.823560352540050555e-01 -1.835667492677399704e-01 -3.577525070920655609e-02 -1.516193602281782944e+02 2.927795433293422719e-02 -3.798460159382165829e-02 9.988493236879310011e-01 4.642355332480419428e+00
-1.846895694548706945e-01 -9.822792978949197451e-01 -3.189269291918984950e-02 -1.080848637022942569e+02 9.823630438618486949e-01 -1.835466700618753055e-01 -3.568571091740351670e-02 -1.516184276852808068e+02 2.919953748020495329e-02 -3.792098147807281688e-02 9.988540364711361308e-01 4.642032493658572179e+00
-1.847422123200535005e-01 -9.822702378619538877e-01 -3.186682911293568093e-02 -1.080859876030614117e+02 9.823530168327982981e-01 -1.836000119135869912e-01 -3.568733591669223659e-02 -1.516166040762241778e+02 2.920385773476549818e-02 -3.789743310504622986e-02 9.988548038916648109e-01 4.640860755395342707e+00
-1.846053330757639888e-01 -9.822991755493667432e-01 -3.176791958911275027e-02 -1.080793416404912506e+02 9.823787705038055096e-01 -1.834669451429560283e-01 -3.566274391213773015e-02 -1.516228513005139291e+02 2.920312078215950638e-02 -3.779166250571220492e-02 9.988588328595973120e-01 4.638196379319901475e+00
-1.846014537129108124e-01 -9.822966940439967765e-01 -3.186703872836144091e-02 -1.080814906551200210e+02 9.823764848812523987e-01 -1.834555659330148192e-01 -3.578403667212516626e-02 -1.516247203364276572e+02 2.930435529805684378e-02 -3.791121467893285302e-02 9.988513375683756301e-01 4.641588260728815918e+00
-1.846098799923434619e-01 -9.822938392885380843e-01 -3.190619853564283931e-02 -1.080808097290009329e+02 9.823754555516857057e-01 -1.834632714511204021e-01 -3.577278795495664881e-02 -1.516220519085699721e+02 2.928577365941115868e-02 -3.794787641273076467e-02 9.988504903822863490e-01 4.641244699125281592e+00
-1.846495325140995458e-01 -9.822849393878547719e-01 -3.195071195017099713e-02 -1.080848829168547667e+02 9.823682177133261639e-01 -1.835015251514013901e-01 -3.577534198093230977e-02 -1.516215338471587302e+02 2.927857525679038175e-02 -3.799326412547254783e-02 9.988489760279201102e-01 4.642952220183539147e+00
-1.846842383399689425e-01 -9.822775884365584353e-01 -3.197610614263397821e-02 -1.080844961564596360e+02 9.823662252691001129e-01 -1.835411548241232538e-01 -3.562644995459065406e-02 -1.516233552528259452e+02 2.912613189775326364e-02 -3.799189046476401238e-02 9.988534851015878901e-01 4.643626512108641968e+00
-1.847833634937541269e-01 -9.822618696604393795e-01 -3.188617234967073416e-02 -1.080823771800237409e+02 9.823517256402042319e-01 -1.836488022509625839e-01 -3.547117933618145619e-02 -1.516188763850744863e+02 2.898612957343354307e-02 -3.787792025658977962e-02 9.988618860730383853e-01 4.638447467358358445e+00
-1.846195683435958301e-01 -9.822936011198840633e-01 -3.185743529467288671e-02 -1.080746747847775566e+02 9.823810253528030279e-01 -1.834843207529710529e-01 -3.551091472485876782e-02 -1.516253761040295842e+02 2.903680442816786167e-02 -3.785214969788099765e-02 9.988613911608804630e-01 4.638946443083872495e+00
-1.845942335250088107e-01 -9.822983488973173749e-01 -3.185785151133918580e-02 -1.080818932201241438e+02 9.823831874376973694e-01 -1.834556229423003337e-01 -3.559926193901004343e-02 -1.516251125523605481e+02 2.912459423003664616e-02 -3.786803618431383578e-02 9.988582331074211673e-01 4.637276865715498353e+00
-1.845968276493550331e-01 -9.822960953328060407e-01 -3.191225964605586690e-02 -1.080820508197306111e+02 9.823742946590817704e-01 -1.834453418743722253e-01 -3.589640285134700765e-02 -1.516230171841387744e+02 2.940674097661711769e-02 -3.797614565115352975e-02 9.988458619559960061e-01 4.644305653212104090e+00
-1.846983603626377590e-01 -9.822773582353031552e-01 -3.190152312394231582e-02 -1.080838741406869872e+02 9.823569256688894358e-01 -1.835493399347665200e-01 -3.584006696254978669e-02 -1.516214966883658519e+02 2.934938278263646977e-02 -3.795828378346103454e-02 9.988482279217861803e-01 4.643708499837484460e+00
-1.846654608989868329e-01 -9.822804213567033482e-01 -3.199752131435212865e-02 -1.080873707271562409e+02 9.823683596356664882e-01 -1.835198068849568376e-01 -3.567753449495075085e-02 -1.516203984634645678e+02 2.917316468426135387e-02 -3.802176087723694448e-02 9.988509759529191623e-01 4.644297732973481807e+00
-1.847176122633440443e-01 -9.822732609326634279e-01 -3.191621181220200693e-02 -1.080851675291021792e+02 9.823619788069495318e-01 -1.835792982462607359e-01 -3.554692461951685506e-02 -1.516178022451454979e+02 2.905763779497733124e-02 -3.791941603087870677e-02 9.988582339719951353e-01 4.640736571289471257e+00
-1.845794616433122926e-01 -9.823027342427488318e-01 -3.180818508944723705e-02 -1.080794836965438606e+02 9.823852909236601150e-01 -1.834417990110015495e-01 -3.561244940246395541e-02 -1.516244209975522494e+02 2.914725572503876899e-02 -3.782121990135674239e-02 9.988593458585008911e-01 4.639048441470137618e+00
-1.846292146780974530e-01 -9.822909188077375564e-01 -3.188422674614418278e-02 -1.080803195157534304e+02 9.823723775193173857e-01 -1.834840987122647871e-01 -3.575048820353961959e-02 -1.516236673609498382e+02 2.926713129762636978e-02 -3.792276819535277815e-02 9.988519903759560670e-01 4.640253773503380863e+00
-1.846824787896002018e-01 -9.822802994088831730e-01 -3.190290615796652351e-02 -1.080807752877558841e+02 9.823614453072758712e-01 -1.835354155440593882e-01 -3.578745611062387338e-02 -1.516234997815469967e+02 2.929799996466036366e-02 -3.794950110692641571e-02 9.988500701125300196e-01 4.640722808868335214e+00
-1.846006342725894367e-01 -9.822961915583700021e-01 -3.188726824424600176e-02 -1.080874417434248045e+02 9.823765339391016260e-01 -1.834538748590543999e-01 -3.579135880343272541e-02 -1.516237127753284994e+02 2.930787252523409450e-02 -3.793241159116026578e-02 9.988504296234363977e-01 4.641646796491041727e+00
-1.846736995708293527e-01 -9.822805989395890780e-01 -3.194447735846749070e-02 -1.080866750804486571e+02 9.823664950190647005e-01 -1.835295492781470195e-01 -3.567876126939533571e-02 -1.516220282870476694e+02 2.918379945759875388e-02 -3.797011309757723080e-02 9.988526299512735518e-01 4.642951679149171618e+00
-1.847405872065455146e-01 -9.822682106216386044e-01 -3.193865746623355401e-02 -1.080837195590753197e+02 9.823550143000777668e-01 -1.835979805171661372e-01 -3.564277527792290151e-02 -1.516207473890654285e+02 2.914689208260451414e-02 -3.795976754648155288e-02 9.988541008224084417e-01 4.639813370230146283e+00
-1.846788404254766647e-01 -9.822826244046530819e-01 -3.185234201449329422e-02 -1.080830307926004394e+02 9.823649914595992128e-01 -1.835373317567594587e-01 -3.568012620760537684e-02 -1.516233780516448917e+02 2.920187414675202986e-02 -3.787999002529116727e-02 9.988555235378142605e-01 4.640953103694233306e+00
-1.846183199134858732e-01 -9.822925591565744297e-01 -3.189677378591448953e-02 -1.080833446358158199e+02 9.823754748635861178e-01 -1.834741240689501396e-01 -3.571655335660733205e-02 -1.516259754970185725e+02 2.923187196991804473e-02 -3.792853836835134024e-02 9.988528037896148293e-01 4.641172635061487917e+00
-1.846528961419380277e-01 -9.822850510732688001e-01 -3.192783087496826877e-02 -1.080817365782752546e+02 9.823660822904909384e-01 -1.835037693564509631e-01 -3.582243706403642758e-02 -1.516239405670162625e+02 2.932896710808402529e-02 -3.797953488341257455e-02 9.988480197799926019e-01 4.644229963858954591e+00
-1.846980925561194642e-01 -9.822764869803953802e-01 -3.192988774774939420e-02 -1.080834731713321446e+02 9.823582649890355567e-01 -1.835497068698366263e-01 -3.580145689394012565e-02 -1.516251167354651841e+02 2.930620777007337044e-02 -3.797904992821464487e-02 9.988487062376801839e-01 4.643589958985091748e+00
-1.846349260097854827e-01 -9.822885165333349322e-01 -3.192513718218804863e-02 -1.080859724764990801e+02 9.823691298671944905e-01 -1.834854955393181442e-01 -3.583246587471036054e-02 -1.516241350799984389e+02 2.934002013176610288e-02 -3.797819392008219136e-02 9.988477461581600769e-01 4.644005567578678217e+00
-1.847203886840742548e-01 -9.822735607898902543e-01 -3.189090430756474220e-02 -1.080867749190501002e+02 9.823573911338692177e-01 -1.835776953346390794e-01 -3.568173006288685029e-02 -1.516214197449068593e+02 2.919476132909529231e-02 -3.791940860261584084e-02 9.988542357932738147e-01 4.641796582512534464e+00
-1.847998923563187734e-01 -9.822587938779724359e-01 -3.188513187183256853e-02 -1.080877361450760787e+02 9.823435066010971495e-01 -1.836586854545485537e-01 -3.564719197591526695e-02 -1.516182327750467209e+02 2.915878639027336822e-02 -3.790974949136857036e-02 9.988556532701550195e-01 4.640444576679828792e+00
-1.848039309008122633e-01 -9.822583162583843341e-01 -3.187643745546159951e-02 -1.080825990488381052e+02 9.823393899156690479e-01 -1.836586776685229516e-01 -3.576049688078786204e-02 -1.516170834341073714e+02 2.927166110283242403e-02 -3.792216051721895853e-02 9.988518807100416064e-01 4.642453401069637664e+00
-1.847692386153290123e-01 -9.822667257952598652e-01 -3.181835723245352715e-02 -1.080784653827509345e+02 9.823445620064327199e-01 -1.836243983568004445e-01 -3.579443845758136650e-02 -1.516201456269629659e+02 2.931705916189735264e-02 -3.787030133974930018e-02 9.988525168004205312e-01 4.642112942252503593e+00
-1.845815697451187454e-01 -9.823034935161520931e-01 -3.177248395060577879e-02 -1.080763609454539562e+02 9.823868024396233967e-01 -1.834476736209971204e-01 -3.554041974283503325e-02 -1.516269359437260960e+02 2.908289020851817161e-02 -3.777297537933274607e-02 9.988630475836572931e-01 4.636030691033292683e+00
-1.846104790039726495e-01 -9.822962440408217200e-01 -3.182860325585319672e-02 -1.080811521902204504e+02 9.823764021375983591e-01 -1.834680651661213524e-01 -3.572217220981721564e-02 -1.516253162779780439e+02 2.925022333439137451e-02 -3.786235607426685634e-02 9.988547774463480966e-01 4.641566169810947606e+00
-1.847655661383902359e-01 -9.822677324814481636e-01 -3.180860410823928286e-02 -1.080840028729341498e+02 9.823475295845929267e-01 -1.836240300393059410e-01 -3.571479680989263217e-02 -1.516220929418636842e+02 2.924066840220917660e-02 -3.784596831736056211e-02 9.988556782606351492e-01 4.639701603766403615e+00
-1.847857455879804434e-01 -9.822608114128401624e-01 -3.190496184111388939e-02 -1.080813707584611194e+02 9.823481139399923290e-01 -1.836463728108033155e-01 -3.558360285264840911e-02 -1.516241417962673381e+02 2.909314809424702608e-02 -3.791712167377888493e-02 9.988572874129427737e-01 4.641419365585586654e+00
-1.847423640350411844e-01 -9.822728816637851246e-01 -3.178434958698495016e-02 -1.080858436990401259e+02 9.823555767655927085e-01 -1.836065152365946584e-01 -3.558325955015582270e-02 -1.516230228702886222e+02 2.911665723059396818e-02 -3.779726856001006802e-02 9.988611448850729380e-01 4.639223505855161633e+00
-1.848238845519893925e-01 -9.822596082620853597e-01 -3.172055604694835190e-02 -1.080920044614514950e+02 9.823355873890677881e-01 -1.836842135461274061e-01 -3.573378573445201711e-02 -1.516265100887748645e+02 2.927328898651456596e-02 -3.776468814587674583e-02 9.988577991291637259e-01 4.641299521337793443e+00
-1.848070045056007249e-01 -9.822621025891155044e-01 -3.174165879214912306e-02 -1.081061608673437746e+02 9.823417495895537810e-01 -1.836704498969774502e-01 -3.563499470992889662e-02 -1.516326103279514257e+02 2.917290007869638435e-02 -3.776675326066929184e-02 9.988606580745614805e-01 4.638755268179233227e+00
-1.848965166152984896e-01 -9.822448844464052309e-01 -3.175319074355117260e-02 -1.081232022494352520e+02 9.823245373026096017e-01 -1.837589416952705168e-01 -3.565325735816801678e-02 -1.516337924297200459e+02 2.918529692742866458e-02 -3.778410149655445083e-02 9.988596398480398264e-01 4.639717854877973835e+00
-1.848098406313796183e-01 -9.822632571503556731e-01 -3.168937453119526765e-02 -1.081372569196284985e+02 9.823450687209857035e-01 -1.836801687402178640e-01 -3.549312005342594029e-02 -1.516358435717314705e+02 2.904287804894485972e-02 -3.768937866215613802e-02 9.988673695594899593e-01 4.639556312664423032e+00
-1.848944613477754295e-01 -9.822480999623725006e-01 -3.166556936525392885e-02 -1.081537302481211213e+02 9.823277495339955978e-01 -1.837637233035314122e-01 -3.553992815270748395e-02 -1.516399677422806178e+02 2.909004397371085446e-02 -3.767710336441598695e-02 9.988664601555478084e-01 4.638881759666806381e+00
-1.850764017587365196e-01 -9.822201680834895532e-01 -3.146850682953503120e-02 -1.081836689863036298e+02 9.822992914342959514e-01 -1.839600395498774965e-01 -3.531013872088150513e-02 -1.516418012134813580e+02 2.889338262853870937e-02 -3.744656538121014094e-02 9.988808373281727881e-01 4.635651750909064894e+00
-1.850939579953927439e-01 -9.822242912763723410e-01 -3.123569016730461112e-02 -1.082150999240715095e+02 9.822980426890299821e-01 -1.839885909891725291e-01 -3.519593321847637457e-02 -1.516612118135030300e+02 2.882328993887176005e-02 -3.719731189813361982e-02 9.988921753345817445e-01 4.633902931703896222e+00
-1.854404734736192495e-01 -9.821698537282667063e-01 -3.089027719647127052e-02 -1.082538707154370030e+02 9.822310442441389844e-01 -1.843449092935676159e-01 -3.520128038316688857e-02 -1.516637397896458879e+02 2.887917105714607469e-02 -3.686913132881299016e-02 9.989027283144794600e-01 4.632661730218131879e+00
-1.856553835956820109e-01 -9.821329977524011490e-01 -3.077098093695774736e-02 -1.083105531397563084e+02 9.821991549890050077e-01 -1.845749386742800979e-01 -3.488426511008192038e-02 -1.516703178571756041e+02 2.858143594756782160e-02 -3.669968309492840225e-02 9.989175315209494199e-01 4.623184995032868727e+00
-1.859184887258782393e-01 -9.820807940807763092e-01 -3.084849181981247704e-02 -1.083717966084375917e+02 9.821520176852380768e-01 -1.848383309383687667e-01 -3.481674270711464236e-02 -1.516822333942143644e+02 2.849087058516916807e-02 -3.677098466983989844e-02 9.989174965830308617e-01 4.622621718903785037e+00
-1.865169715882617485e-01 -9.819722350081523388e-01 -3.069118737745182499e-02 -1.084665644238861546e+02 9.820425598555200253e-01 -1.854467786158799925e-01 -3.466847174898892575e-02 -1.517015187366881719e+02 2.835189485662683792e-02 -3.660631057737282618e-02 9.989274989126847304e-01 4.619882059157630394e+00
-1.868358173521391663e-01 -9.819173331492321299e-01 -3.050783859039965518e-02 -1.085695771513588426e+02 9.819815103592719474e-01 -1.857711134876456338e-01 -3.466131425787338100e-02 -1.517185135462989365e+02 2.836707011449857152e-02 -3.643410839666667150e-02 9.989333636827129048e-01 4.612098808156150476e+00
-1.867882502482152152e-01 -9.819338084761113361e-01 -3.026789290336793711e-02 -1.086955771681542018e+02 9.819915293789152066e-01 -1.857333105982188481e-01 -3.457995896881029679e-02 -1.517438320817058184e+02 2.833347485341669234e-02 -3.618194447269464792e-02 9.989434824337689589e-01 4.605166037387635747e+00
-1.864197194915002687e-01 -9.820102231343503796e-01 -3.006010386432457146e-02 -1.088483459433216893e+02 9.820473821455923957e-01 -1.853547093378469235e-01 -3.502243491351342275e-02 -1.517831303093327620e+02 2.882060730969021253e-02 -3.604931879947104179e-02 9.989343417904875677e-01 4.604167919759476035e+00
-1.856532923886744513e-01 -9.821607094886611877e-01 -2.988638087783095781e-02 -1.090190361312343015e+02 9.822037416716767888e-01 -1.846094561336577566e-01 -3.457106524527317482e-02 -1.518015329098478787e+02 2.843703344941657385e-02 -3.577274720739906377e-02 9.989552771199681214e-01 4.599468709774212627e+00
-1.847200142050362537e-01 -9.823408381536303802e-01 -2.974884951917205339e-02 -1.091952470971610154e+02 9.823724260693568189e-01 -1.836731499289190328e-01 -3.476478813102421711e-02 -1.518367230774618122e+02 2.868680621291596483e-02 -3.564620163231913691e-02 9.989526592679408568e-01 4.597747515883789049e+00
-1.833689985415916102e-01 -9.826009318392648906e-01 -2.951642123398622378e-02 -1.093822434930599172e+02 9.826419819764421471e-01 -1.823525607323499553e-01 -3.409221101313398422e-02 -1.518648476326305570e+02 2.811664331429420197e-02 -3.525552925376276153e-02 9.989827335974199585e-01 4.593777080721784145e+00
-1.816095110574760252e-01 -9.829391893921040069e-01 -2.912963183183278279e-02 -1.096177384371713117e+02 9.829708098199321231e-01 -1.806112665462391575e-01 -3.388152060504791979e-02 -1.519017364169238817e+02 2.804233469972470735e-02 -3.478678418245969434e-02 9.990012548094379108e-01 4.579581537450611251e+00
-1.793297202155366143e-01 -9.833640461796683274e-01 -2.891373598428704020e-02 -1.098280575487954422e+02 9.834025043471340544e-01 -1.783580449954942360e-01 -3.328546573462115576e-02 -1.519433973865775442e+02 2.757473284009845718e-02 -3.440291363441315420e-02 9.990275640052481698e-01 4.570758351480665560e+00
-1.773011609063799288e-01 -9.837447070592124643e-01 -2.847191026669781619e-02 -1.100806341315806094e+02 9.837526262999465310e-01 -1.763253153209609625e-01 -3.376615798284013370e-02 -1.519905773042735575e+02 2.819696063777855574e-02 -3.399609551034614430e-02 9.990241222817609623e-01 4.563752555859597493e+00
-1.751310976815163567e-01 -9.841444780321074726e-01 -2.808460403454908147e-02 -1.103392852845117460e+02 9.841482164500526819e-01 -1.741793603860735118e-01 -3.337421869764367610e-02 -1.520392587507912765e+02 2.795329467248803754e-02 -3.348427652508877139e-02 9.990482553623445394e-01 4.562796276337646617e+00
-1.729710821195078463e-01 -9.845371124256698803e-01 -2.770702089598464993e-02 -1.106246519392284853e+02 9.845210773136456872e-01 -1.720239200212025921e-01 -3.355621053869978221e-02 -1.520833337146959252e+02 2.827106428108265915e-02 -3.308240011037542894e-02 9.990527021770932992e-01 4.545442341632585759e+00
-1.701384565241184088e-01 -9.850306787950297016e-01 -2.770320277863431643e-02 -1.109215378442893893e+02 9.850022326598270039e-01 -1.691803863964838062e-01 -3.389097983081853366e-02 -1.521476492906857914e+02 2.869681631727034540e-02 -3.305387558728820757e-02 9.990415076671804728e-01 4.557188271094547716e+00
-1.678782105729006435e-01 -9.854251513254116412e-01 -2.746229324238102024e-02 -1.112433325792438126e+02 9.854037374415994810e-01 -1.669468166272893850e-01 -3.329015851782200774e-02 -1.521969211813126321e+02 2.822021706097106383e-02 -3.265013864141959321e-02 9.990683599212457633e-01 4.556616009031821513e+00
-1.654468985898516209e-01 -9.858414617407972314e-01 -2.727519128746178773e-02 -1.115647986352549168e+02 9.858060199536083923e-01 -1.645144201816060026e-01 -3.348875297075143420e-02 -1.522405651396382780e+02 2.852743890056289727e-02 -3.242865808321854226e-02 9.990668482962971053e-01 4.561469559295861842e+00
-1.628599083342487930e-01 -9.862842202806950676e-01 -2.683443837053080608e-02 -1.119041516030547996e+02 9.862465759907653728e-01 -1.619563185368755320e-01 -3.298245340289022998e-02 -1.522890658151959542e+02 2.818406648891810459e-02 -3.183689229940454835e-02 9.990956263966249695e-01 4.548409570860947326e+00
-1.609999104861417063e-01 -9.865995976391394029e-01 -2.646247837491955482e-02 -1.122494962611399529e+02 9.865524042599399523e-01 -1.601112676039058158e-01 -3.284411111908640962e-02 -1.523489777012773914e+02 2.816704585835652294e-02 -3.139452061362334873e-02 9.991101048448334243e-01 4.545108100281428420e+00
-1.589366101136497900e-01 -9.869340257597857269e-01 -2.646474566596462852e-02 -1.126115806632955127e+02 9.869083269883781595e-01 -1.580741745778744267e-01 -3.200795920585826349e-02 -1.524001987599667416e+02 2.740635120883195414e-02 -3.120551440220518946e-02 9.991371816644158965e-01 4.540661507827488563e+00
-1.561326589548790444e-01 -9.873922150443339429e-01 -2.606159008049035997e-02 -1.129754935603673118e+02 9.873622871774130338e-01 -1.552933995787506571e-01 -3.161762019922796652e-02 -1.524567666950212015e+02 2.717179912091898658e-02 -3.066877430088408782e-02 9.991602071817181629e-01 4.540219291404422819e+00
-1.537873082894292143e-01 -9.877629165850391191e-01 -2.595928405232803687e-02 -1.133636997140929168e+02 9.877369396314162886e-01 -1.529611150316336765e-01 -3.128314843240002918e-02 -1.525203815805749912e+02 2.692957290148314392e-02 -3.045189497710659721e-02 9.991733984627728660e-01 4.544069512968141211e+00
-1.516770456030391845e-01 -9.881004093651860609e-01 -2.552753120623576372e-02 -1.137763372046754284e+02 9.880673420066669044e-01 -1.508711607854547054e-01 -3.099710475399132872e-02 -1.525732649336074189e+02 2.677688363148267997e-02 -2.992446917827093836e-02 9.991934370517976394e-01 4.523635658503315504e+00
-1.498960361706058730e-01 -9.883797921864295732e-01 -2.523023459761995421e-02 -1.141699659920469685e+02 9.883433545619367822e-01 -1.491058513178000755e-01 -3.073855227645329660e-02 -1.526480414423014906e+02 2.661938830248667884e-02 -2.954372184245963526e-02 9.992089754731473539e-01 4.525056166609338959e+00
-1.492057397103714322e-01 -9.884980662686349007e-01 -2.468238685074641836e-02 -1.145990829351522251e+02 9.884570833466101991e-01 -1.484433567952341271e-01 -3.028471900604141204e-02 -1.526979048405884214e+02 2.627244981711756439e-02 -2.891613401773869552e-02 9.992365163333830624e-01 4.521529021176056595e+00
-1.492508320122365451e-01 -9.885055567574867474e-01 -2.410297498704389377e-02 -1.150419823390931242e+02 9.884595269692089126e-01 -1.485161694843786240e-01 -2.984478087530238397e-02 -1.527727889748590826e+02 2.592205021719242927e-02 -2.827917363110584933e-02 9.992638969017539896e-01 4.506454681349421065e+00
-1.501648165058020457e-01 -9.883745253702196365e-01 -2.379759405846732997e-02 -1.154998140301844956e+02 9.883176094010051038e-01 -1.494348346104645842e-01 -2.995885766889291868e-02 -1.528283363781122262e+02 2.605438219687196064e-02 -2.801834763393275252e-02 9.992678026256042179e-01 4.501637482166042759e+00
-1.508512292252632836e-01 -9.882748393525592201e-01 -2.359551957259259369e-02 -1.159740344883618945e+02 9.882130235700862242e-01 -1.501267305247835360e-01 -2.994970498030718672e-02 -1.529008651249141906e+02 2.605622166960276653e-02 -2.783534955075219960e-02 9.992728689540669729e-01 4.487087231740271243e+00
-1.512921477002120429e-01 -9.882013680497458985e-01 -2.384831710767572333e-02 -1.164553708633736164e+02 9.881394238295866383e-01 -1.505529478702805068e-01 -3.023721153316735744e-02 -1.529770883849318182e+02 2.629001936077970947e-02 -2.814011499940246436e-02 9.992582092781776559e-01 4.499380324110982876e+00
-1.520485485313878282e-01 -9.880958604620291297e-01 -2.340532903636428214e-02 -1.169472530457038886e+02 9.880299268581196337e-01 -1.513292353339192875e-01 -2.993870681893493271e-02 -1.530503864925902633e+02 2.604040172956414989e-02 -2.767730245261504005e-02 9.992776713239965858e-01 4.494780673734458887e+00
-1.523628959067617750e-01 -9.880500760325429122e-01 -2.329367302491281572e-02 -1.174438733163852930e+02 9.879907798862480606e-01 -1.516565816933745925e-01 -2.957194766741173819e-02 -1.531271556398924929e+02 2.568592631517510605e-02 -2.751960176250892870e-02 9.992912011561816410e-01 4.485644104397115584e+00
-1.526862287976409327e-01 -9.880033061611173117e-01 -2.315993415915942877e-02 -1.179639425548773346e+02 9.879259078964306440e-01 -1.519678468846359376e-01 -3.013592574090973031e-02 -1.532068534945273655e+02 2.625482893808733786e-02 -2.748163983371438440e-02 9.992774606832087736e-01 4.488984883446918595e+00
-1.530211846367175443e-01 -9.879532559034894801e-01 -2.308421976307590065e-02 -1.184744145378045346e+02 9.878740770557049578e-01 -1.523048223223610886e-01 -3.013385104319506874e-02 -1.532856422582939615e+02 2.625499826156972236e-02 -2.741541987729576024e-02 9.992792751874906010e-01 4.476577436928688591e+00
-1.542428491445055894e-01 -9.877686070797854212e-01 -2.285437278610173359e-02 -1.190193051058596865e+02 9.876760228424531496e-01 -1.535241615647262581e-01 -3.043691373911456763e-02 -1.533613657183156818e+02 2.655592946781881389e-02 -2.726739231222232232e-02 9.992753734214566697e-01 4.465641952820460503e+00
-1.544779521879116047e-01 -9.877380577945618079e-01 -2.258520471583714065e-02 -1.195444011351190312e+02 9.876512197785967118e-01 -1.537795830533768004e-01 -2.994842075601919507e-02 -1.534476119124961144e+02 2.610805158718814203e-02 -2.693267569619766516e-02 9.992962526809375801e-01 4.457905861965172356e+00
-1.548782934754739937e-01 -9.876826516994322569e-01 -2.226418069687951043e-02 -1.200835916140994613e+02 9.875854287227771033e-01 -1.541861753985507288e-01 -3.002739233460758467e-02 -1.535279661740809729e+02 2.622470561463033714e-02 -2.663837172099167011e-02 9.993010867438703038e-01 4.446755746284670963e+00
-1.553554840555746441e-01 -9.876157153487663543e-01 -2.190598936369079694e-02 -1.206368533419190072e+02 9.875124755067836713e-01 -1.546758645487280592e-01 -2.990798630077315390e-02 -1.536132676993009625e+02 2.614926944145506624e-02 -2.627880747384769150e-02 9.993125837221458196e-01 4.454322006120076338e+00
-1.554988206084257918e-01 -9.876031003624335947e-01 -2.145304043480236039e-02 -1.211949717795700252e+02 9.874823182779549624e-01 -1.548253186277668281e-01 -3.012958347216368807e-02 -1.537069008191609498e+02 2.643459622888495730e-02 -2.586961279801391553e-02 9.993157535313333950e-01 4.444753172224418236e+00
-1.548997364069846228e-01 -9.877086155015285529e-01 -2.092277527242746710e-02 -1.217791870840805473e+02 9.875854938921621029e-01 -1.542515517309577255e-01 -2.968755702926889617e-02 -1.538045593784526375e+02 2.609528529871180808e-02 -2.526162410941606290e-02 9.993402255651142596e-01 4.439117180034512167e+00
-1.535798271421722205e-01 -9.879381110909587482e-01 -1.978699949484548359e-02 -1.223717895919095326e+02 9.877842682395924223e-01 -1.529599123957692264e-01 -2.975742963112811695e-02 -1.538933669357933240e+02 2.637188111139214530e-02 -2.411542771561713677e-02 9.993612810354118858e-01 4.413294449109107731e+00
-1.527217182343618695e-01 -9.880873192331202093e-01 -1.896118008591516149e-02 -1.229784902452951485e+02 9.879092557711358635e-01 -1.521201836528287554e-01 -2.991240691001343863e-02 -1.539830323906159322e+02 2.667169175858166361e-02 -2.330019948704157087e-02 9.993726640060750510e-01 4.398288672681325728e+00
-1.519404417389336182e-01 -9.882067396831588635e-01 -1.901425278468323737e-02 -1.235805301573807213e+02 9.880338991174300034e-01 -1.513415426116786477e-01 -2.974477558708829225e-02 -1.540743973782118417e+02 2.651634135748136972e-02 -2.330616065978266191e-02 9.993766589811440282e-01 4.408282453249806387e+00
-1.510971551105448896e-01 -9.883373988834394108e-01 -1.894295873979478032e-02 -1.242004682867566316e+02 9.881609067066683405e-01 -1.504990008923277056e-01 -2.980055682477259632e-02 -1.541598161214290030e+02 2.660210845319016873e-02 -2.322147064095587965e-02 9.993763510945793405e-01 4.408994211977752542e+00
-1.498331754209447642e-01 -9.885377836871461765e-01 -1.852214259155766235e-02 -1.248283878603766937e+02 9.883542398632921833e-01 -1.492493635773355365e-01 -2.967362492205714505e-02 -1.542714427994000914e+02 2.656908142053538563e-02 -2.275253161004037530e-02 9.993880158465995311e-01 4.406093889055177293e+00
-1.494301142783871494e-01 -9.886051528764118190e-01 -1.817945689383261565e-02 -1.254569721336621910e+02 9.884163101439572552e-01 -1.488577507015611534e-01 -2.957309414783490173e-02 -1.543517083218893049e+02 2.652996019885692919e-02 -2.238798254149962710e-02 9.993972880939634429e-01 4.412190583732368943e+00
-1.484771313082209332e-01 -9.887524691399481869e-01 -1.797487825097449435e-02 -1.260941772868352615e+02 9.885659193817414314e-01 -1.479165813913569938e-01 -2.929348027166687671e-02 -1.544532463339069466e+02 2.630521840650297885e-02 -2.211876396072052706e-02 9.994092233742072340e-01 4.407653058384410016e+00
-1.476284791527291418e-01 -9.888859032224642798e-01 -1.762108257014403587e-02 -1.267452572771109089e+02 9.886919590218578024e-01 -1.470781099936797620e-01 -2.926157422642652883e-02 -1.545428805834082198e+02 2.634468273815161396e-02 -2.174166434702365369e-02 9.994164586011416995e-01 4.398524350857969445e+00
-1.469876265070164667e-01 -9.889813479225807447e-01 -1.762189306142860484e-02 -1.274002471628551234e+02 9.887924645597371276e-01 -1.464418265816356257e-01 -2.905603994549987162e-02 -1.546562516291238296e+02 2.615529934285096281e-02 -2.169527341770022266e-02 9.994224409265668463e-01 4.383616751359275199e+00
-1.463972316508554972e-01 -9.890729360183732055e-01 -1.739476360750952938e-02 -1.280394381702161297e+02 9.888925962514085732e-01 -1.458688612466616519e-01 -2.852557445085531287e-02 -1.547496193414703498e+02 2.567651931463586779e-02 -2.137761807586520055e-02 9.994417010517859801e-01 4.388110977681653146e+00
-1.454372883294383634e-01 -9.892136747593381907e-01 -1.744422060470730146e-02 -1.286986745576834892e+02 9.890689257762262931e-01 -1.449376853475601301e-01 -2.712429593469897066e-02 -1.548469151689662624e+02 2.430339949968485236e-02 -2.119842058308919752e-02 9.994798505910668096e-01 4.415024770924583564e+00
-1.447894194096410736e-01 -9.893155500348046472e-01 -1.705187632934778569e-02 -1.293735210799069932e+02 9.891889623383020025e-01 -1.443227051233380021e-01 -2.600295317758193059e-02 -1.549535062510619525e+02 2.326415300612864889e-02 -2.063248034566675382e-02 9.995164230465115596e-01 4.409116809088674316e+00
-1.449361339135071258e-01 -9.892907611463100936e-01 -1.724259251853380026e-02 -1.300520703990693789e+02 9.891997310965200407e-01 -1.444939572053849375e-01 -2.460464040990020460e-02 -1.550452370545231133e+02 2.184969301335851904e-02 -2.062246934008349700e-02 9.995485504334140625e-01 4.418655113163642234e+00
-1.446725364057885876e-01 -9.893411697394244309e-01 -1.655013802188700853e-02 -1.307263560581417323e+02 9.892363240093414722e-01 -1.442458668692820911e-01 -2.458912669483580282e-02 -1.551431550501412744e+02 2.193974636136640163e-02 -1.992936902556391443e-02 9.995606373701606540e-01 4.394068146239574091e+00
-1.440953443617221108e-01 -9.894219594699791287e-01 -1.675463672730775205e-02 -1.314030277269009162e+02 9.893008011146116054e-01 -1.436460596142195012e-01 -2.548988958972481927e-02 -1.552530867324251176e+02 2.281351895839350830e-02 -2.024834995488351830e-02 9.995346655703540861e-01 4.398400738745937844e+00
-1.446723557793447856e-01 -9.893328654326114524e-01 -1.704085819883007641e-02 -1.320995900963750103e+02 9.892169497211655838e-01 -1.442157029052519857e-01 -2.552758155205561014e-02 -1.553449741628156744e+02 2.279771606120684774e-02 -2.055024112856283780e-02 9.995288648818254629e-01 4.406779638524131570e+00
-1.452177031142538599e-01 -9.892580480227832762e-01 -1.674315156634058679e-02 -1.327818332115880366e+02 9.891441264719238458e-01 -1.447747652238511318e-01 -2.518262139797661919e-02 -1.554349739278842435e+02 2.248812505113481283e-02 -2.021835246828500299e-02 9.995426466415291422e-01 4.403934640250280808e+00
-1.449230686187452655e-01 -9.893012626441235469e-01 -1.674263757205460973e-02 -1.334652119346785071e+02 9.891780225058255382e-01 -1.444719921593493606e-01 -2.558677926142939943e-02 -1.555289167753010418e+02 2.289419082629187696e-02 -2.026956369169354358e-02 9.995323910780269383e-01 4.401984994253739458e+00
-1.447450870283994995e-01 -9.893356741004771804e-01 -1.624142029796784084e-02 -1.341455537616329536e+02 9.891959709307119875e-01 -1.443000936095937270e-01 -2.586143999680060382e-02 -1.556364731003577333e+02 2.324200670309425551e-02 -1.980926390395871053e-02 9.995335923259390798e-01 4.379871439532514010e+00
-1.450451078898922219e-01 -9.893034648420752086e-01 -1.551035553023630276e-02 -1.348263805136922713e+02 9.891422523455245530e-01 -1.446110647298703977e-01 -2.617717674837801572e-02 -1.557300772093256001e+02 2.365420262938747187e-02 -1.913881942957906812e-02 9.995369849529379680e-01 4.356257092787091167e+00
-1.452137999743332575e-01 -9.892814645892425984e-01 -1.533414872687446570e-02 -1.355013477250031428e+02 9.890979520275718917e-01 -1.447688671673892369e-01 -2.696695003025443085e-02 -1.558215354287847560e+02 2.445799648126914180e-02 -1.908294838944893032e-02 9.995187079234124639e-01 4.351010783649102542e+00
-1.450494418299479449e-01 -9.893023188896482578e-01 -1.554288468672081897e-02 -1.361749861338435608e+02 9.891162467972950401e-01 -1.445943349342950768e-01 -2.723102323712563860e-02 -1.559225529336739271e+02 2.469230135998945475e-02 -1.932356448673587523e-02 9.995083241819822106e-01 4.351517352470344768e+00
-1.452787823696271019e-01 -9.892744450350854368e-01 -1.517062272031464119e-02 -1.368597910188807987e+02 9.890813380273035804e-01 -1.448328246473815639e-01 -2.723159324717736723e-02 -1.560194170170648249e+02 2.474231515677965954e-02 -1.896115252785110505e-02 9.995140281834458129e-01 4.348942842460418845e+00
-1.447966017833617336e-01 -9.893426444098690764e-01 -1.533219045272530764e-02 -1.375231122479708574e+02 9.891490760029851836e-01 -1.443441812598702523e-01 -2.736535727629161446e-02 -1.561150035728437331e+02 2.486060245512816333e-02 -1.912823275960963409e-02 9.995079095020020787e-01 4.368956389235228777e+00
-1.445537186179455258e-01 -9.893808943674703427e-01 -1.515481093081190271e-02 -1.381834224813914886e+02 9.891854553834568131e-01 -1.441069914925632300e-01 -2.730036374823291076e-02 -1.562102727934955624e+02 2.482654409190602346e-02 -1.893728765127497202e-02 9.995123920416721930e-01 4.360111944316003907e+00
-1.444532505327573713e-01 -9.894078363560923073e-01 -1.433149565387050427e-02 -1.388515465196990419e+02 9.891930949171974241e-01 -1.440241378753837065e-01 -2.746031094851658638e-02 -1.563142428605405030e+02 2.510536553522380032e-02 -1.814334771779800570e-02 9.995201546516877533e-01 4.344728156835712340e+00
-1.446208696878534816e-01 -9.893898488020737014e-01 -1.387555902075179523e-02 -1.395231046700019135e+02 9.891594624119933732e-01 -1.441979013311676106e-01 -2.775829916444292125e-02 -1.564010719916769290e+02 2.546295292272175367e-02 -1.773956986785009057e-02 9.995183568546197606e-01 4.320691388895622431e+00
-1.446393210970839949e-01 -9.893839705612416102e-01 -1.410055279224987912e-02 -1.401716545745992448e+02 9.891573557061833499e-01 -1.442104435563666964e-01 -2.776821243125047675e-02 -1.564978164503926621e+02 2.543997729805830277e-02 -1.796404090811300550e-02 9.995149327495442826e-01 4.331035099545579747e+00
-1.449844792196490761e-01 -9.893376160353427595e-01 -1.380515421542923005e-02 -1.408294770162092959e+02 9.891149945910123753e-01 -1.445694008003857167e-01 -2.740831675676241169e-02 -1.565856317644214926e+02 2.512027588679534296e-02 -1.762866556838875443e-02 9.995289900196238086e-01 4.336866224996095198e+00
-1.448111578336614969e-01 -9.893707968346723280e-01 -1.323461135054111552e-02 -1.414897872918007238e+02 9.891495318279728277e-01 -1.444181963967483551e-01 -2.695530066633233107e-02 -1.566881016032365892e+02 2.475746859791030929e-02 -1.699443792055897046e-02 9.995490267257468586e-01 4.350483857678603350e+00
-1.443671289442252093e-01 -9.894470528113232799e-01 -1.235563690741775522e-02 -1.421411432371193939e+02 9.892149648417980501e-01 -1.439986240248325444e-01 -2.679831360357116596e-02 -1.567934769693158330e+02 2.473631770174848643e-02 -1.609117652446382177e-02 9.995644994819578022e-01 4.347531050199407332e+00
-1.445395335017805039e-01 -9.894363222142280589e-01 -1.113945861654669356e-02 -1.428041858502889170e+02 9.891843387038333768e-01 -1.442005121049023675e-01 -2.684318110327951409e-02 -1.568773789476346963e+02 2.495330275028194433e-02 -1.489887887949929365e-02 9.995775888293948475e-01 4.349294833131247096e+00
-1.442121560356348642e-01 -9.894870300269028585e-01 -1.087526827685099048e-02 -1.434698874310550138e+02 9.892319070948499826e-01 -1.438803282189560218e-01 -2.680830351015259239e-02 -1.569703123705144492e+02 2.496173145117815476e-02 -1.462424562653419531e-02 9.995814341027018379e-01 4.350868204498875791e+00
-1.438049771524427811e-01 -9.895457174704507253e-01 -1.092710309626758122e-02 -1.441405236127469891e+02 9.893005109535248920e-01 -1.434774516860823912e-01 -2.643331013631450288e-02 -1.570645553899449851e+02 2.458917593739469096e-02 -1.461143023659550177e-02 9.995908555669968942e-01 4.346147836290177757e+00
-1.439392753900019528e-01 -9.895259279297793364e-01 -1.095093397433434708e-02 -1.447988910318404976e+02 9.892712630610426272e-01 -1.436052999172334754e-01 -2.683068984000861953e-02 -1.571545723711939218e+02 2.497705110317252619e-02 -1.469543433827255260e-02 9.995800073669935948e-01 4.343757004680302458e+00
-1.437788965727382351e-01 -9.895480336297962642e-01 -1.105974862868530119e-02 -1.454725700530287895e+02 9.892889939747439021e-01 -1.434387446140863442e-01 -2.706682367723363056e-02 -1.572584293251499616e+02 2.519752568736496889e-02 -1.483292563652714377e-02 9.995724431056990378e-01 4.321200311622250823e+00
-1.432800988459563829e-01 -9.896189477548550384e-01 -1.118711398291779430e-02 -1.461365105515791925e+02 9.893574796296914498e-01 -1.429344097980238537e-01 -2.723108511381252400e-02 -1.573587120320169390e+02 2.534937426206246985e-02 -1.496972746125933146e-02 9.995665643088795793e-01 4.333662216599002193e+00
-1.427464765657102674e-01 -9.896983662484658550e-01 -1.098122366553153442e-02 -1.468071882628340177e+02 9.894300196522561874e-01 -1.424040458145847676e-01 -2.737378210210522980e-02 -1.574654171805726435e+02 2.552801674652848893e-02 -1.477266329254571173e-02 9.995649497557594909e-01 4.328811078363391296e+00
-1.414374750331568453e-01 -9.898859845341126951e-01 -1.100810061616811636e-02 -1.474760936014353661e+02 9.896032624265697075e-01 -1.410865018118470093e-01 -2.792815785521471361e-02 -1.575622505351811924e+02 2.609259762720533143e-02 -1.484374041224889411e-02 9.995493183028232309e-01 4.352272469142485889e+00
-1.394205797792054113e-01 -9.901724363195257839e-01 -1.097489348852769692e-02 -1.481353665025112889e+02 9.898835068416610428e-01 -1.390682330243919740e-01 -2.811884503901826426e-02 -1.576644487791154745e+02 2.631624625369547582e-02 -1.478421173169907482e-02 9.995443373190541214e-01 4.362983406691260946e+00
-1.372002177043694093e-01 -9.904840201436954095e-01 -1.084002314838218226e-02 -1.487948284666724987e+02 9.901758325789694615e-01 -1.368430271773453111e-01 -2.873684898323443024e-02 -1.577602507983252735e+02 2.698000812487918662e-02 -1.467623088276197654e-02 9.995282324220048364e-01 4.340463593788074448e+00
-1.343645284288457198e-01 -9.908712617084998175e-01 -1.096887506993037692e-02 -1.494574142430408017e+02 9.905477394256492207e-01 -1.339959759672562090e-01 -2.933009279423982180e-02 -1.578552450505046352e+02 2.759256093279756350e-02 -1.480611849163421256e-02 9.995095944693985768e-01 4.328073248328209388e+00
-1.303914161439776453e-01 -9.914033343023214151e-01 -1.084007980634470354e-02 -1.501352112647510069e+02 9.910462296938717941e-01 -1.300120386221854663e-01 -3.040132271571914513e-02 -1.579547009344301784e+02 2.873063183311480584e-02 -1.470709174321128097e-02 9.994789903979607315e-01 4.339634035943403134e+00
-1.261334941370633178e-01 -9.919556188929605778e-01 -1.069541039224876887e-02 -1.507900830517588986e+02 9.915791145043761912e-01 -1.257520185700953252e-01 -3.094009541457992674e-02 -1.580255476428918655e+02 2.934623204931603030e-02 -1.450792790958204369e-02 9.994640157065576291e-01 4.351892071961585451e+00
-1.209210524314987545e-01 -9.926024406637751207e-01 -1.088548883493143347e-02 -1.514484553100998596e+02 9.922134418322848814e-01 -1.205294559160674517e-01 -3.138687789360052049e-02 -1.581025164456965797e+02 2.984266955534904675e-02 -1.459606265036734671e-02 9.994480326804975334e-01 4.361750009413594142e+00
-1.146932495443901967e-01 -9.933437558161009040e-01 -1.066026688742346788e-02 -1.521056538791348487e+02 9.929325672009075010e-01 -1.143030763886714318e-01 -3.193311321968460986e-02 -1.581729988096073498e+02 3.050205732018549526e-02 -1.424743869081075871e-02 9.994331568394094756e-01 4.371892571228198854e+00
-1.072610103921680658e-01 -9.941752787725736118e-01 -1.051621258472434234e-02 -1.527692816996340923e+02 9.937446065734397704e-01 -1.068717714083831094e-01 -3.240495922283947311e-02 -1.582472257956525539e+02 3.109232310154368822e-02 -1.392621820560831225e-02 9.994194954525547070e-01 4.373237500224892216e+00
-9.856285442527479290e-02 -9.950768450855224101e-01 -1.036513879238894036e-02 -1.534161650842991662e+02 9.946079636604338026e-01 -9.816811983331175107e-02 -3.343678919450682185e-02 -1.583265445050915048e+02 3.225464851439938108e-02 -1.360487497318250624e-02 9.993870846804938646e-01 4.373890860467990471e+00
-8.868401140501203095e-02 -9.960038195366452962e-01 -1.056113580682020020e-02 -1.540651373542330589e+02 9.955332789319158993e-01 -8.828744049318437703e-02 -3.344874273019903671e-02 -1.583721920493035782e+02 3.238265986889175135e-02 -1.348033084077725208e-02 9.993846326716450124e-01 4.367934289777225310e+00
-7.796341328163136630e-02 -9.968993915717604404e-01 -1.064468286664391368e-02 -1.546984989748864905e+02 9.964319049884330370e-01 -7.757173264903860499e-02 -3.325785643947223869e-02 -1.584153814090447270e+02 3.232901035602572803e-02 -1.319959763325946611e-02 9.993901168771482935e-01 4.374922915659488432e+00
-6.695774943132670742e-02 -9.977035153716995453e-01 -1.021543959135191859e-02 -1.553237686434250975e+02 9.972333762931770984e-01 -6.658790205441134091e-02 -3.304004399063319164e-02 -1.584447145778874813e+02 3.228394334653863357e-02 -1.239946430072769341e-02 9.994018212346085228e-01 4.383196198561146062e+00
-5.516395435908361122e-02 -9.984302387652893573e-01 -9.695177077119324083e-03 -1.559298741851374643e+02 9.979313769007910340e-01 -5.481014270000383881e-02 -3.359784597406765411e-02 -1.584800583765238855e+02 3.301371133878906045e-02 -1.152851145174365460e-02 9.993884071207480568e-01 4.405610846347291165e+00
-4.232845944557439566e-02 -9.990618146084806472e-01 -9.153803153615254484e-03 -1.565321229372179914e+02 9.985293130689187890e-01 -4.199170581581790351e-02 -3.429150893139338435e-02 -1.585150785635541126e+02 3.387495332953827099e-02 -1.059184752007755713e-02 9.993699516710681241e-01 4.409439710626669395e+00
-2.921719512412312980e-02 -9.995350086418186564e-01 -8.724792746992207984e-03 -1.571287491512934764e+02 9.989683117369851928e-01 -2.889482101107154755e-02 -3.503428983289731680e-02 -1.585294190662929452e+02 3.476589786610197186e-02 -9.739395162800753430e-03 9.993480257284879098e-01 4.416502384676228132e+00
-1.549535007644209372e-02 -9.998458976769822870e-01 -8.250759026757526621e-03 -1.577373521499323772e+02 9.992563154145762683e-01 -1.519376417324158624e-02 -3.543960544831528670e-02 -1.585432758766393988e+02 3.530878403588606773e-02 -8.793772157443925999e-03 9.993377603899245010e-01 4.421140119111299782e+00
-1.419580882142890133e-03 -9.999651319660431970e-01 -8.229194508130744518e-03 -1.583381700116636921e+02 9.993160893247501342e-01 -1.114490061931761034e-03 -3.696094599154410576e-02 -1.585541153826200969e+02 3.695048588052718408e-02 -8.276035526473440526e-03 9.992828272461993233e-01 4.420819658027390631e+00
1.319097160928150991e-02 -9.998772807933813400e-01 -8.451131358383408634e-03 -1.589176949899351712e+02 9.991950969948926176e-01 1.350124399585139745e-02 -3.777399306310684490e-02 -1.585457935400888516e+02 3.788345825515785498e-02 -7.946053347291853058e-03 9.992505710915714490e-01 4.447188724539234528e+00
2.726101257706059489e-02 -9.995939574493387658e-01 -8.292009650467332266e-03 -1.594934003684560082e+02 9.988577275821063362e-01 2.756471177244645965e-02 -3.903109932365440155e-02 -1.585314039873905756e+02 3.924381789255937392e-02 -7.218510626996035850e-03 9.992035907969624153e-01 4.460249534105538594e+00
4.189932018380548850e-02 -9.990901197166403014e-01 -7.961133884334056082e-03 -1.600529095213568667e+02 9.983191344438958614e-01 4.218366827037722810e-02 -3.974221853955134387e-02 -1.584961599837203039e+02 4.004188770931804697e-02 -6.282580349196913855e-03 9.991782505703525885e-01 4.501069343825585101e+00
5.727426295488280417e-02 -9.983258724145048779e-01 -8.069155519193040721e-03 -1.606225830978995646e+02 9.975153423814667741e-01 5.755612607651205970e-02 -4.062553463832670186e-02 -1.584615552727466081e+02 4.102195164250684034e-02 -5.722308876898920399e-03 9.991418591294016771e-01 4.504981792945089936e+00
7.293542355984794501e-02 -9.973085287130213361e-01 -7.491498275705461146e-03 -1.611791432985656343e+02 9.964723083829395422e-01 7.318281792625003224e-02 -4.107570798354909236e-02 -1.584368495681947593e+02 4.151340284922480639e-02 -4.469196420238231299e-03 9.991279515994111460e-01 4.511213748298283477e+00
8.855174961845868609e-02 -9.960474535586412159e-01 -6.932380461059112903e-03 -1.617209529127714518e+02 9.951870723858156076e-01 8.876420816161023630e-02 -4.151633781527844236e-02 -1.583799914145959065e+02 4.196758982428933082e-02 -3.222671064412145625e-03 9.991137752005778694e-01 4.496968318976822587e+00
1.052631110560359184e-01 -9.944208936027089107e-01 -6.838407504287356137e-03 -1.622578354918101695e+02 9.935458901263715115e-01 1.054577718630055339e-01 -4.177586105260597260e-02 -1.583262775867132461e+02 4.226395229744843440e-02 -2.396814569452041660e-03 9.991036050461026274e-01 4.515056979354704403e+00
1.225815902055326090e-01 -9.924385641302347905e-01 -6.280937016145904384e-03 -1.627719150519114351e+02 9.915591755447389355e-01 1.227374162039831518e-01 -4.178430395026223876e-02 -1.582420091185072408e+02 4.223926059628125423e-02 -1.105934305523602335e-03 9.991069120837826611e-01 4.519091500453461308e+00
1.394909704396748440e-01 -9.902058953314414325e-01 -5.878266466937148715e-03 -1.632725790181858088e+02 9.893235123861563451e-01 1.396147723051117673e-01 -4.179357838365368311e-02 -1.581523035302877247e+02 4.220494053682077168e-02 1.431957907045006140e-05 9.991089744313345067e-01 4.539383678786435006e+00
1.563118266997521877e-01 -9.876873323221048162e-01 -6.351881944055271650e-03 -1.637585003700474999e+02 9.867998926338387156e-01 1.564405886982057625e-01 -4.186065104132383197e-02 -1.580550261300581951e+02 4.233892690694117389e-02 2.752784106936599640e-04 9.991032676806563817e-01 4.560690798981248406e+00
1.731201456322175591e-01 -9.848715694725084235e-01 -7.576728914098052048e-03 -1.642421048639475032e+02 9.840183469810174222e-01 1.732854933819222287e-01 -4.098817619911502425e-02 -1.579517680435401985e+02 4.168102663113868595e-02 -3.597612287842555379e-04 9.991309036311670777e-01 4.574976007825652502e+00
1.898368654563943325e-01 -9.817831589358241295e-01 -7.987073536988385097e-03 -1.647344972848726457e+02 9.809683928623147420e-01 1.900046567627465821e-01 -3.999053154933265852e-02 -1.578550726509336926e+02 4.077961155796085146e-02 -2.433895339922602374e-04 9.991681360225197484e-01 4.576351923622777207e+00
2.069076918251973041e-01 -9.783150129891715618e-01 -9.430929093477723180e-03 -1.651956956119128392e+02 9.775315043141090676e-01 2.071195058216570573e-01 -3.916207836143967974e-02 -1.577399085271364356e+02 4.026617857413501006e-02 -1.116095062983983588e-03 9.991883652219166745e-01 4.600973218789128794e+00
2.241760019488266975e-01 -9.745067533615473510e-01 -9.039236858056878127e-03 -1.656384083251906247e+02 9.737005052500161684e-01 2.243581528152198690e-01 -3.963262975384821557e-02 -1.576354110619069786e+02 4.065029183293578097e-02 8.317498917125021318e-05 9.991734318204313903e-01 4.583749645026371056e+00
2.429155475388278251e-01 -9.700124514935064557e-01 -8.238975146807058642e-03 -1.660892674843937584e+02 9.691971623773973921e-01 2.430494064163936097e-01 -3.979756877297602885e-02 -1.575219227686517058e+02 4.060661526786676911e-02 1.682256876018327352e-03 9.991737950968743176e-01 4.586292974800613820e+00
2.636537196844780384e-01 -9.645866359580778093e-01 -7.703105063383067913e-03 -1.665279503871626048e+02 9.637730138464625229e-01 2.637485885211967584e-01 -3.972731848971254587e-02 -1.573992587127493721e+02 4.035212358532473675e-02 3.050210509990013141e-03 9.991808656784814113e-01 4.604467326521742621e+00
2.854504794784780142e-01 -9.583706183341230700e-01 -6.616772580184771685e-03 -1.669456130260863915e+02 9.575463535364999723e-01 2.854815919599810181e-01 -4.006546494111244000e-02 -1.572558566121745400e+02 4.028653117928635008e-02 5.100839721632478840e-03 9.991751482296157283e-01 4.614579730556486403e+00
3.086792456900949722e-01 -9.511492557093386147e-01 -5.675970733331394541e-03 -1.673617098698845211e+02 9.504015514690360433e-01 3.086648355478373018e-01 -3.824800990216713215e-02 -1.571284512605612917e+02 3.813153872378774456e-02 6.411915454697245803e-03 9.992521569127374992e-01 4.667937102930541649e+00
3.321940416412261232e-01 -9.431986736752447920e-01 -4.835356794164216016e-03 -1.677648007888080883e+02 9.424913607318329278e-01 3.321364308354195494e-01 -3.735540466608366222e-02 -1.569693683989044644e+02 3.683956628308164560e-02 7.851960848614112851e-03 9.992903447281507034e-01 4.678785420115102234e+00
3.569288693401920787e-01 -9.341230289070986403e-01 -3.993632051156666141e-03 -1.681500222413910990e+02 9.334610470265559679e-01 3.568313630887467447e-01 -3.635728263103508301e-02 -1.568011319167015643e+02 3.538722814262307975e-02 9.249063825865646779e-03 9.993308755876239013e-01 4.685768659976259798e+00
3.830574252000661373e-01 -9.237182943372246324e-01 -3.394363832066560685e-03 -1.685197120009200944e+02 9.231026950980150136e-01 3.829317836207684067e-01 -3.527978735477904637e-02 -1.566281504236250726e+02 3.388839479640756019e-02 1.038083810420364732e-02 9.993717100750736382e-01 4.675483613885599965e+00
4.088670183745569675e-01 -9.125862301697017509e-01 -3.759493337123902615e-03 -1.689088754064060822e+02 9.119619570352229809e-01 4.087336816640323445e-01 -3.552698120938127535e-02 -1.564668536093490729e+02 3.395806540405314072e-02 1.109729597774424502e-02 9.993616461601857459e-01 4.681079477644772169e+00
4.345967912579642434e-01 -9.006170380187986657e-01 -3.818358093139110135e-03 -1.692673245649894227e+02 8.999822216440437339e-01 4.344428185864459557e-01 -3.593658446925683536e-02 -1.562770116149823707e+02 3.402395851357017248e-02 1.218146989941396550e-02 9.993467776693716331e-01 4.697426818040734808e+00
4.604828705030160618e-01 -8.876548412651524833e-01 -4.940521413695612291e-03 -1.696283468552752538e+02 8.869965506560816282e-01 4.603436537579325138e-01 -3.634335660075677099e-02 -1.560858680739419526e+02 3.453469411353753127e-02 1.235326771884069294e-02 9.993271494756614803e-01 4.713649224290748840e+00
4.863725357843140529e-01 -8.737292060801201687e-01 -6.247469674913408433e-03 -1.699746211471245090e+02 8.730922408639615329e-01 4.862708268782279797e-01 -3.536413254005593698e-02 -1.558756995079330352e+02 3.393663769265201774e-02 1.174552552111978419e-02 9.993549655914810703e-01 4.756119059977853780e+00
5.118374020994846951e-01 -8.590496811475490935e-01 -7.491270409284335116e-03 -1.703128585717695387e+02 8.584413701516845352e-01 5.117728555009719571e-01 -3.416077259782152042e-02 -1.556414924527254584e+02 3.317962965660187918e-02 1.105394466585742086e-02 9.993882741373218970e-01 4.778378148916377910e+00
5.359839571954332360e-01 -8.441851967618921870e-01 -8.517699056051486473e-03 -1.706198780579869378e+02 8.436179753842966145e-01 5.359528298993225803e-01 -3.260790903152240017e-02 -1.554120300085626809e+02 3.209219901509120093e-02 1.029163208598519140e-02 9.994319251811913940e-01 4.779877508946794862e+00
5.586989607058463481e-01 -8.293257415450905334e-01 -8.618916224960552694e-03 -1.709278669096280794e+02 8.287758341270239359e-01 5.586616740999599262e-01 -3.205855048011384267e-02 -1.551719711530579104e+02 3.140203931694490053e-02 1.076792935136289611e-02 9.994488299178808655e-01 4.766162865934822968e+00
5.814406269663177085e-01 -8.135477391230960809e-01 -8.177620724537761412e-03 -1.712247370012844954e+02 8.129928482978432402e-01 5.813700034007851514e-01 -3.242757718873276462e-02 -1.549479759027867374e+02 3.113560549556806945e-02 1.220636364647401453e-02 9.994406329327192307e-01 4.780394356427019709e+00
6.041234770805339327e-01 -7.968526315155419759e-01 -7.791539442340024088e-03 -1.715254393363267127e+02 7.962757725312126222e-01 6.040124676544931237e-01 -3.337413665925498957e-02 -1.547284686809875609e+02 3.130045558688176327e-02 1.395788539449332490e-02 9.994125569129936881e-01 4.777176298652669573e+00
6.255572486389308073e-01 -7.801410795738122905e-01 -7.617390412562329710e-03 -1.718356305518985323e+02 7.795408737212538020e-01 6.254109744006736138e-01 -3.430946366680782955e-02 -1.544712028152524397e+02 3.153022158493290483e-02 1.552446651600092493e-02 9.993822272114901706e-01 4.787370067967045451e+00
6.466000068589516925e-01 -7.627881472277480146e-01 -7.916664629954519444e-03 -1.721541745381564397e+02 7.621528707635274458e-01 6.464288389863549478e-01 -3.539431753356860055e-02 -1.542004070027643081e+02 3.211592621920722479e-02 1.685225728538145007e-02 9.993420679164215503e-01 4.808214204561317651e+00
6.671811987714789671e-01 -7.448537636160967867e-01 -7.881550151351687447e-03 -1.724703016478457869e+02 7.442077184507958076e-01 6.669824602897145294e-01 -3.590639865177951140e-02 -1.539251091803619147e+02 3.200187188452322667e-02 1.809056364006790540e-02 9.993240774158657080e-01 4.831633044224849627e+00
6.856506150309017444e-01 -7.278898561255960908e-01 -7.719550324036801234e-03 -1.727616489995501468e+02 7.272591342001958337e-01 6.854349055850649242e-01 -3.568111444412735284e-02 -1.536179162607528212e+02 3.126317050665210207e-02 1.885066457853007416e-02 9.993334111370537620e-01 4.849337381942445013e+00
7.023144541514211303e-01 -7.118263730101672682e-01 -7.590927293924675315e-03 -1.730497150488484408e+02 7.112514804278735614e-01 7.021107358644114171e-01 -3.408586471094940396e-02 -1.532899359874782306e+02 2.959288899634106296e-02 1.853993719312534150e-02 9.993900798235517691e-01 4.872489684751773353e+00
7.174342716508177453e-01 -6.965839545449492576e-01 -7.672035673837890660e-03 -1.733245911605415586e+02 6.960673280253906192e-01 7.172562871302605725e-01 -3.215110305582776634e-02 -1.529640823245059948e+02 2.789875833175858161e-02 1.772604983162436032e-02 9.994535739297313315e-01 4.887235001325779038e+00
7.320278631815505532e-01 -6.812232281516460430e-01 -8.373825440234117928e-03 -1.736250788904091564e+02 6.807192505853526532e-01 7.318720217353500423e-01 -3.137906441446494665e-02 -1.526164582057793666e+02 2.750471611140330522e-02 1.727012529374827993e-02 9.994724775420128493e-01 4.912414647778418519e+00
7.456758956340512334e-01 -6.662490405351737532e-01 -8.926066116497060124e-03 -1.739246969475595108e+02 6.657530256617087971e-01 7.455340856313901199e-01 -3.085183923281164392e-02 -1.522830143296243932e+02 2.720969482805415951e-02 1.706291732757020396e-02 9.994841116094025368e-01 4.935164460237372097e+00
7.576987566258415185e-01 -6.525437061707604069e-01 -8.905377284648213765e-03 -1.742137408591192980e+02 6.520397589054367504e-01 7.575401769971233934e-01 -3.125752776063558946e-02 -1.519500787218760536e+02 2.714308409509914866e-02 1.787712986178733796e-02 9.994716910516830977e-01 4.941641347929031980e+00
7.683420887806877708e-01 -6.399864210379156981e-01 -8.235016406138669087e-03 -1.744780532146720589e+02 6.395134804167220688e-01 7.681686771903931676e-01 -3.064949834585461996e-02 -1.515822258628269878e+02 2.594114441231574336e-02 1.828289557595563081e-02 9.994962695057636459e-01 4.959657052575216163e+00
7.785257501194720042e-01 -6.275673127663482509e-01 -7.544822604805408520e-03 -1.747419961891144169e+02 6.271211381739348889e-01 7.783355010019415987e-01 -3.021466424577965923e-02 -1.512227187095849672e+02 2.483413892894339309e-02 1.879137640730760631e-02 9.995149572249415471e-01 4.971164535589034372e+00
7.879246062110971671e-01 -6.157353135383822895e-01 -6.696162249941675290e-03 -1.750202489128716934e+02 6.153127434493723680e-01 7.877105397649455387e-01 -3.003886302816762346e-02 -1.508481697448665955e+02 2.377062632524051811e-02 1.954812535790432723e-02 9.995263018645870190e-01 4.970522353549145400e+00
7.960885293575360455e-01 -6.051501206496998631e-01 -6.031989970906032408e-03 -1.753070274786291236e+02 6.047489352906969540e-01 7.958579385032719111e-01 -2.981387237664170214e-02 -1.504750941893678373e+02 2.284247556907716831e-02 2.008664230218437652e-02 9.995372669945329358e-01 4.985694692499615499e+00
8.033901716156893746e-01 -5.954215667143347712e-01 -6.114739794966366285e-03 -1.755863315170853696e+02 5.950219974390777988e-01 8.031570068608041568e-01 -2.979336996723015718e-02 -1.500885838866327049e+02 2.265071113504582567e-02 2.029729592436165658e-02 9.995373755209134847e-01 5.007875223948373034e+00
8.102388837318164061e-01 -5.860755420472855137e-01 -5.330131611937807823e-03 -1.758606217378761585e+02 5.857175925747480916e-01 8.100054243243044461e-01 -2.874220439780380762e-02 -1.496902424021749027e+02 2.116253854010880994e-02 2.016609975141748709e-02 9.995726463761172020e-01 5.029523625743895998e+00
8.164294304558520343e-01 -5.774271861476933942e-01 -4.563965719651572397e-03 -1.761333065533304705e+02 5.770864187434512349e-01 8.161752266117061616e-01 -2.879695760298976726e-02 -1.492788034787571405e+02 2.035314195379348684e-02 2.087688106224865059e-02 9.995748623538516231e-01 5.032927229090046417e+00
8.215519298385773883e-01 -5.701202077829919945e-01 -3.921129427514765536e-03 -1.764020966590979356e+02 5.698136772729293087e-01 8.213017768423575005e-01 -2.785255012181679646e-02 -1.488738042814259472e+02 1.909973222878312213e-02 2.064800312534900706e-02 9.996043518291246599e-01 5.063450459467973452e+00
8.259848419083912763e-01 -5.636818375962093786e-01 -3.439026276524833822e-03 -1.766765393670150104e+02 5.633994597356302148e-01 8.257369721013609887e-01 -2.719378006964614028e-02 -1.484502389041379047e+02 1.816837106539994501e-02 2.052410458550750147e-02 9.996242651235478505e-01 5.071983757357712896e+00
8.305684562364219481e-01 -5.569086398147136130e-01 -2.967558722652653344e-03 -1.769620425461068862e+02 5.566386232787527977e-01 8.303105053256362167e-01 -2.716445876915823260e-02 -1.480300596040074197e+02 1.759211696702400046e-02 2.091008478252145975e-02 9.996265731637020702e-01 5.102250062266758590e+00
8.349042694263691944e-01 -5.503887996950047601e-01 -2.651426769245519843e-03 -1.772506380532473997e+02 5.501256881226388451e-01 8.346365128345165640e-01 -2.726937313234076982e-02 -1.475961768245389010e+02 1.722173513946341841e-02 2.130869807683405392e-02 9.996246051518822284e-01 5.123607928003792722e+00
8.389135335690401929e-01 -5.442594542807751568e-01 -2.393662611926567103e-03 -1.775255196038889096e+02 5.440057381711694839e-01 8.386418979583870614e-01 -2.715738988922493380e-02 -1.471695592853878907e+02 1.678809195673792998e-02 2.148053571834797337e-02 9.996283041979677764e-01 5.153935856052661357e+00
8.420951552205728774e-01 -5.393258601859880486e-01 -1.834690350823764936e-03 -1.777914767585982361e+02 5.390943877081011415e-01 8.418243214958449627e-01 -2.662804686205551968e-02 -1.467204400615327415e+02 1.590568123868808109e-02 2.143427798421203290e-02 9.996437270506071116e-01 5.167910743194553014e+00
8.447135633570086455e-01 -5.352167884822603972e-01 -1.408973896261985631e-03 -1.780696969530266074e+02 5.350015279285572634e-01 8.444429496269661994e-01 -2.625775960393722172e-02 -1.462718388098577407e+02 1.524339184086537929e-02 2.142648249350191311e-02 9.996542126421222862e-01 5.191056265779964818e+00
8.467345648588938678e-01 -5.320148921617682269e-01 -8.550972587084114396e-04 -1.783458827446180521e+02 5.318234386238904765e-01 8.464708612180134040e-01 -2.551296217799523675e-02 -1.458235687324666685e+02 1.429709073485747710e-02 2.114794616356204665e-02 9.996741256877574866e-01 5.203513133784768208e+00
8.478200953111987292e-01 -5.302836309343151866e-01 -5.972852157539359011e-04 -1.786104769228812188e+02 5.301102446436215532e-01 8.475706380122636219e-01 -2.464025371955389648e-02 -1.453725845823009593e+02 1.357256462093966304e-02 2.057387524515896793e-02 9.996962044276286319e-01 5.229937826077261320e+00
8.484745284791810338e-01 -5.292361659169908528e-01 -2.349627946066391859e-04 -1.788912792757216721e+02 5.290765276849374033e-01 8.482293338598343446e-01 -2.418729072367049523e-02 -1.449415232562701874e+02 1.300009134126600512e-02 2.039798679244956073e-02 9.997074170775837043e-01 5.246817007930841825e+00
8.490261959801601588e-01 -5.283507330973200578e-01 1.462018577432708244e-04 -1.791533367007106392e+02 5.282045099258940724e-01 8.487846494316524382e-01 -2.376161996020241529e-02 -1.444936601583372351e+02 1.243037543298197885e-02 2.025146228575643720e-02 9.997176421579663241e-01 5.282881959997393295e+00
8.496465935680769244e-01 -5.273524532405636789e-01 2.368529547449064673e-04 -1.794351072400637293e+02 5.272169382012362737e-01 8.494179030599231517e-01 -2.305484840541416336e-02 -1.440415323724246832e+02 1.195684372553149077e-02 1.971334630249307884e-02 9.997341736010033619e-01 5.309962686729874370e+00
8.501223671691858774e-01 -5.265849733145107070e-01 4.761491530669145419e-04 -1.797191399650806147e+02 5.264551804183370542e-01 8.498920421765765454e-01 -2.298825038197572015e-02 -1.435941932408908315e+02 1.170059183785928866e-02 1.979349702008701903e-02 9.997356218652807547e-01 5.326837098873118848e+00
8.505730737659900065e-01 -5.258562920833148580e-01 7.786274225830593088e-04 -1.799886253149242918e+02 5.257361461141721870e-01 8.503451473650498471e-01 -2.268556857849611183e-02 -1.431620033246515220e+02 1.126724692609085490e-02 1.970508637634823049e-02 9.997423461660545074e-01 5.330469673443067435e+00
8.511032943749696766e-01 -5.249976853886910710e-01 7.827136070992822894e-04 -1.802585140861243360e+02 5.248817460234607157e-01 8.508820375689596371e-01 -2.233631200218007609e-02 -1.427166263645101765e+02 1.106051515242258837e-02 1.942134081397322784e-02 9.997502070645200023e-01 5.355177800311641256e+00
8.515831876590549410e-01 -5.242184975422206072e-01 1.020456280077800676e-03 -1.805219002141579665e+02 5.241111659204156226e-01 8.513660317836007074e-01 -2.198557896866588229e-02 -1.422726097549349333e+02 1.065646536077138190e-02 1.925738195138875647e-02 9.997577671548208977e-01 5.368112277032745183e+00
8.525482265051471664e-01 -5.226476369388423082e-01 9.844212371976695727e-04 -1.807979359818655212e+02 5.225435467137701240e-01 8.523376531552298019e-01 -2.165102310813718511e-02 -1.418350234319051424e+02 1.047679677774693979e-02 1.897294431760994382e-02 9.997651044686439725e-01 5.397074757880562679e+00
8.534090378408023536e-01 -5.212409149010743814e-01 9.606064369779348730e-04 -1.810548283268391856e+02 5.211361341110281042e-01 8.531974798633548129e-01 -2.170691315301892868e-02 -1.413869076739001400e+02 1.049494428038766358e-02 1.902548259338059447e-02 9.997639157104243335e-01 5.430401506021672375e+00
8.551402093739185473e-01 -5.183961685239126815e-01 7.967255851219125912e-04 -1.813209166023916907e+02 5.182915394790674757e-01 8.549346278821543521e-01 -2.146304154635443953e-02 -1.409402151680165503e+02 1.044521021085929868e-02 1.876684597180584488e-02 9.997693249324673959e-01 5.454058507446290172e+00
8.576603400070681449e-01 -5.142158390878750485e-01 9.011160374518493305e-04 -1.815921173338910819e+02 5.141129453429129637e-01 8.574509011244311196e-01 -2.158313211135242174e-02 -1.405009535094139892e+02 1.032572563045278287e-02 1.897427184515009316e-02 9.997666509731912843e-01 5.462439053021856061e+00
8.609850237560174868e-01 -5.086295835182662595e-01 8.576933513253868352e-04 -1.818606103606751390e+02 5.085256742234024463e-01 8.607724808409854544e-01 -2.173418695257104891e-02 -1.400623851304892753e+02 1.031637162397317647e-02 1.914896855943678047e-02 9.997634167539967143e-01 5.478703779564464860e+00
8.651457781645136569e-01 -5.015197776213627945e-01 8.337737924084213242e-04 -1.821025431833737969e+02 5.014117683282800497e-01 8.649224543256173181e-01 -2.225728162327136883e-02 -1.396185041073638047e+02 1.044131725527683470e-02 1.967385722142912102e-02 9.997519283482305674e-01 5.497321539980847938e+00
8.696370636789230169e-01 -4.936908447471020089e-01 8.528122851810251634e-04 -1.823512502288837425e+02 4.935824516517085536e-01 8.694072158259655847e-01 -2.252679496137345583e-02 -1.391749639701822332e+02 1.037983127944380746e-02 2.001106900282431655e-02 9.997458758204379459e-01 5.517801577169868743e+00
8.747151599264622046e-01 -4.846363556196154332e-01 9.958948545928346385e-04 -1.825855625131639499e+02 4.845305282309693706e-01 8.744773115834588717e-01 -2.279470855229352028e-02 -1.387482137688506043e+02 1.017625702513066943e-02 2.042141859675489224e-02 9.997396708420920319e-01 5.538209181234693190e+00
8.800612728520540440e-01 -4.748591388421360970e-01 9.768746733132011723e-04 -1.828097513494413136e+02 4.747538458135223682e-01 8.798188831720480385e-01 -2.296777523314699060e-02 -1.383096780767187965e+02 1.004698518425844143e-02 2.067682451429649765e-02 9.997357285886666611e-01 5.551667433050083034e+00
8.853931566389023899e-01 -4.648419243713270421e-01 9.713515128437384683e-04 -1.830332418945104962e+02 4.647365345867834896e-01 8.851438452421868108e-01 -2.324492740670910246e-02 -1.378594000712177490e+02 9.945430974446134789e-03 2.103232218841293716e-02 9.997293282814579962e-01 5.571914196147567999e+00
8.904561303270537298e-01 -4.550678756783281265e-01 1.052847844045137586e-03 -1.832459134078728766e+02 4.549619673789314089e-01 8.901939304434944855e-01 -2.375656625556300805e-02 -1.374053768758534204e+02 9.873611378881014256e-03 2.163318578426434713e-02 9.997172185529077382e-01 5.602774801872080879e+00
8.956931152896534520e-01 -4.446712496705351181e-01 1.150190923314540863e-03 -1.834669383340382467e+02 4.445640704819883715e-01 8.954140547912342596e-01 -2.442248387871909579e-02 -1.369625723707599150e+02 9.830079307979369685e-03 2.238638422714139473e-02 9.997010649899467083e-01 5.619292480544165969e+00
9.005699209901624203e-01 -4.347083135566263135e-01 1.580990995096125291e-03 -1.836806715086157169e+02 4.346088099670384342e-01 9.002729475520198088e-01 -2.497603261194296029e-02 -1.365151705933228925e+02 9.433965592864634875e-03 2.317977633093252013e-02 9.996868000841266921e-01 5.636709290553631568e+00
9.043012169301033465e-01 -4.268911348097752523e-01 1.807783050197322300e-03 -1.838704338973522852e+02 4.267961801703095137e-01 9.039927624662830175e-01 -2.533981058751646684e-02 -1.360576876907443591e+02 9.183117704082059338e-03 2.368637645147030416e-02 9.996772608796461457e-01 5.655126705946936561e+00
9.075138199976681141e-01 -4.200169980357331689e-01 2.094725349793090299e-03 -1.840787104368704945e+02 4.199274495495839976e-01 9.071918320519021250e-01 -2.576658636868898664e-02 -1.355920754796988206e+02 8.922086528480832959e-03 2.426316589739425586e-02 9.996657917287226081e-01 5.661020335563232919e+00
9.099308080874883853e-01 -4.147562862974215614e-01 1.774111051132937385e-03 -1.842883885705705893e+02 4.146585342226626336e-01 9.096050590719603202e-01 -2.601800351696048272e-02 -1.351411362135058596e+02 9.177390128101790140e-03 2.441023325302197830e-02 9.996599001775402504e-01 5.700969651354314216e+00
9.114230602282011873e-01 -4.114651908155178561e-01 2.098101858875532546e-03 -1.844907729126807396e+02 4.113728734268725096e-01 9.110837877468541679e-01 -2.643275833815977166e-02 -1.346738864673424700e+02 8.964613364728344497e-03 2.495452768526597309e-02 9.996483918134546620e-01 5.726795821757367122e+00
9.118404150116754536e-01 -4.105408482790444680e-01 1.808160849610971049e-03 -1.846984931986413301e+02 4.104450528423532196e-01 9.115128670996791582e-01 -2.606053930678638164e-02 -1.341964313998307716e+02 9.050754033411174265e-03 2.450520365239422516e-02 9.996587311904905349e-01 5.765032757983953537e+00
9.111615823712251316e-01 -4.120431809745958573e-01 2.233343480445422642e-03 -1.848919762752466056e+02 4.119517004398084992e-01 9.108146049559633362e-01 -2.669366785705316186e-02 -1.337296674296244419e+02 8.964781955826634646e-03 2.524227428836012255e-02 9.996411657556103503e-01 5.771280934680256713e+00
9.088952971142180148e-01 -4.170168896894921873e-01 2.500519417880180638e-03 -1.851109546925736424e+02 4.169297678507060678e-01 9.085450204643705785e-01 -2.674910221582679076e-02 -1.332567407134205553e+02 8.882992942340888626e-03 2.535467418639544834e-02 9.996390513246709020e-01 5.796034076271905811e+00
9.056714697901050437e-01 -4.239739159678064806e-01 2.303776715357232219e-03 -1.853175716256001806e+02 4.238743007604789947e-01 9.053105190418204717e-01 -2.726611939834231585e-02 -1.327780995350565831e+02 9.474490120624446537e-03 2.567065817529950306e-02 9.996255555685844563e-01 5.823684390080660300e+00
9.019095501058369546e-01 -4.319182639966929194e-01 2.403467072762701523e-03 -1.855512843286913380e+02 4.318130638916243824e-01 9.015353072070906304e-01 -2.777710768861132648e-02 -1.323045389158862406e+02 9.830629705908941127e-03 2.609028717932912120e-02 9.996112522548380452e-01 5.840394270032586377e+00
8.973733998812117862e-01 -4.412641245808557877e-01 2.636957247603882379e-03 -1.857832539988936276e+02 4.411581932034340237e-01 8.969902225451942268e-01 -2.807114582279039358e-02 -1.318422088327438075e+02 1.002146471910478343e-02 2.635361486046632409e-02 9.996024495911711716e-01 5.855707537701386300e+00
8.920600531464595306e-01 -4.519108643127242586e-01 2.330728740604549702e-03 -1.860293538167913425e+02 4.517889284856359544e-01 8.916729173388260321e-01 -2.839317844603101229e-02 -1.313717465191502640e+02 1.075293811647098224e-02 2.638141771387174025e-02 9.995941151893950050e-01 5.882627856503713559e+00
8.867126090424533036e-01 -4.623161876361127076e-01 2.119342996305004397e-03 -1.862863056279670104e+02 4.621838907572580757e-01 8.863285842714340168e-01 -2.841991956143559428e-02 -1.308962313738048522e+02 1.126055458706729309e-02 2.617982721497860710e-02 9.995938257899482648e-01 5.910439702542138463e+00
8.811124861779611184e-01 -4.729030508189031590e-01 1.868482664162929817e-03 -1.865490640553816206e+02 4.727592920232928098e-01 8.807322268384738528e-01 -2.844989303631870192e-02 -1.304133703001943161e+02 1.180840831472928024e-02 2.595089852619529569e-02 9.995934735474996113e-01 5.937786647032555543e+00
8.747869621920143501e-01 -4.845031147349537770e-01 2.121930959195725622e-03 -1.868132420945188983e+02 4.843587599646100861e-01 8.744009440576216985e-01 -2.862831948762119966e-02 -1.299492494241778502e+02 1.201509152743400477e-02 2.607145648536515065e-02 9.995878734420096112e-01 5.948501289213145249e+00
8.681345602713467224e-01 -4.963246760786799716e-01 2.049677503634487162e-03 -1.870850127882156073e+02 4.961688249108760496e-01 8.677422781889596592e-01 -2.897992115231617927e-02 -1.294954720324238622e+02 1.260485815215256489e-02 2.617545718468888838e-02 9.995778924086590189e-01 5.976039877946245582e+00
8.613331665483831001e-01 -5.080370496986061912e-01 1.879451321884519771e-03 -1.873682490820945645e+02 5.078674062759749308e-01 8.609371983410326612e-01 -2.928887425639929709e-02 -1.290236746814738922e+02 1.326174371073294937e-02 2.618199087596927155e-02 9.995692219689047420e-01 6.003731805604739513e+00
8.542683294262269911e-01 -5.198276860543084021e-01 2.190468156953575239e-03 -1.876596518171610626e+02 5.196505248310984149e-01 8.538505986834986627e-01 -3.004142424378302215e-02 -1.285570675456450829e+02 1.374603150320957701e-02 2.680171522970781553e-02 9.995462543967930102e-01 6.012896469551786360e+00
8.469232943414471970e-01 -5.317100518798478781e-01 2.313921295097451716e-03 -1.879563839928291600e+02 5.315238512726885300e-01 8.464939697456899115e-01 -3.050171654894046069e-02 -1.281085294270700388e+02 1.425934886589541421e-02 2.706251862100977901e-02 9.995320360327667464e-01 6.040136477122765690e+00
8.391843819148037120e-01 -5.438428019255361345e-01 2.140080384258800927e-03 -1.882559480938167553e+02 5.436363171189451116e-01 8.387432473173186409e-01 -3.113390095939156874e-02 -1.276407316502764928e+02 1.513696996161432301e-02 2.729050885164067616e-02 9.995129315156455752e-01 6.071665872097644190e+00
8.317498836409773499e-01 -5.551467357638826261e-01 2.057385215882317347e-03 -1.885713467345904348e+02 5.549318483412886138e-01 8.313124939315263973e-01 -3.114773073382615803e-02 -1.271738549722150111e+02 1.558123100854297283e-02 2.704882999414001676e-02 9.995126742749220750e-01 6.095080615727726858e+00
8.244276161750525578e-01 -5.659637577669149877e-01 2.032383397124038968e-03 -1.888856604989033769e+02 5.657417975673593169e-01 8.239922805318100618e-01 -3.119198790138168545e-02 -1.267117891873604094e+02 1.597886645457489985e-02 2.686534046573219384e-02 9.995113452625173922e-01 6.114260006810696702e+00
8.174436949669090513e-01 -5.760058460370619526e-01 1.752395496333793851e-03 -1.892217395929914119e+02 5.757647819128336453e-01 8.170055302686431986e-01 -3.157339733573452656e-02 -1.262552271363986733e+02 1.675474463291150642e-02 2.681844219155284786e-02 9.994998997952447839e-01 6.139444301118009761e+00
8.115372756014502809e-01 -5.842987827636274556e-01 1.477420156572645596e-03 -1.895668230264321608e+02 5.840458964905084205e-01 8.111061953091645016e-01 -3.157737677024289452e-02 -1.257910019676329512e+02 1.725227816765066008e-02 2.648909949460205929e-02 9.995002183621527481e-01 6.167545005970841210e+00
8.066290687369930268e-01 -5.910568195106519207e-01 1.175405650836406496e-03 -1.899194574227721830e+02 5.907877699569791252e-01 8.061985755575834522e-01 -3.183814753064157649e-02 -1.253290926711505335e+02 1.787054385716527888e-02 2.637599057620488435e-02 9.994923465356666537e-01 6.190007051061861887e+00
8.022213275162579649e-01 -5.970255536189417178e-01 1.195827767272436559e-03 -1.902640218450315786e+02 5.967461912811036218e-01 8.017813342391794107e-01 -3.225949871181903877e-02 -1.248685162302268026e+02 1.830095269512934525e-02 2.659286354715249823e-02 9.994788115507067250e-01 6.219406664592677103e+00
7.982229542990069149e-01 -6.023608205708265162e-01 1.247826673126771826e-03 -1.906084013421483405e+02 6.020665039451177369e-01 7.977646230549370054e-01 -3.297773535763116881e-02 -1.244141635719567631e+02 1.886902375506539081e-02 2.707485998587806988e-02 9.994553076047352214e-01 6.236426554565994707e+00
7.949644865466858334e-01 -6.066551978349753460e-01 9.675067808439120204e-04 -1.909672582749848289e+02 6.063503183823067966e-01 7.945123308202186596e-01 -3.300678070182513218e-02 -1.239481367870621114e+02 1.925503900902871685e-02 2.682586651778721965e-02 9.994546594810245210e-01 6.271465224734971144e+00
7.927166990749705544e-01 -6.095893129676240862e-01 1.050963054898702148e-03 -1.913412196825146907e+02 6.092778079642288125e-01 7.922540704410546697e-01 -3.337724661928738457e-02 -1.234729056455000915e+02 1.951378307727568914e-02 2.709902923059278462e-02 9.994422719120762411e-01 6.287934881864154057e+00
7.921115795074846755e-01 -6.103753321448485147e-01 1.095225649708150145e-03 -1.917115298410155049e+02 6.100565185386018774e-01 7.916372150216840486e-01 -3.378703865793024341e-02 -1.230148790115179054e+02 1.975575355986973133e-02 2.743125410508870377e-02 9.994284549178613641e-01 6.313480210906886825e+00
7.925040630050608215e-01 -6.098661542745846820e-01 7.641929070184780293e-04 -1.920819337406918521e+02 6.095278007800615239e-01 7.920213748441812251e-01 -3.432203178943211280e-02 -1.225400434150127467e+02 2.032658841744805142e-02 2.766614646570050504e-02 9.994105333360491228e-01 6.344509871229410791e+00
7.936447515347586634e-01 -6.083813640492314878e-01 3.524754285633979745e-04 -1.924466408958968771e+02 6.080301376372989619e-01 7.931666171906518459e-01 -3.443935392984804472e-02 -1.220598160041273132e+02 2.067268937749875551e-02 2.754692817601503765e-02 9.994067273447617694e-01 6.382014371267289654e+00
7.953663952856125929e-01 -6.061287857051463890e-01 4.386228169129223475e-04 -1.928120813723690219e+02 6.057801976480824413e-01 7.948840150188166698e-01 -3.449282251448657077e-02 -1.215681003251977472e+02 2.055843836046226947e-02 2.770014092329607311e-02 9.994048493003266920e-01 6.406654244879851134e+00
7.968128759326325028e-01 -6.042258973843760428e-01 5.528815539321430689e-04 -1.931765273410796055e+02 6.038796243732861280e-01 7.963245822425258913e-01 -3.459131369354804392e-02 -1.210894505780196084e+02 2.046069438572390570e-02 2.789667805155533059e-02 9.994013885016079790e-01 6.428369087645772417e+00
7.981954750077899785e-01 -6.023981830323097419e-01 6.424612520979870040e-04 -1.935547396351244345e+02 6.020509204742279241e-01 7.976982087600108517e-01 -3.481747976527140020e-02 -1.205950827364653009e+02 2.046149635836742170e-02 2.817794918800954271e-02 9.993934812406645163e-01 6.459032129677536815e+00
7.992136896382062705e-01 -6.010469020689057640e-01 3.159244466160535808e-04 -1.939166356740985293e+02 6.006833827376150126e-01 7.987118160307098425e-01 -3.519813398209369754e-02 -1.200868286948565924e+02 2.090339680005848938e-02 2.832060109349187477e-02 9.993803037662501998e-01 6.488321225111718604e+00
8.004488520605164137e-01 -5.994008621710548157e-01 4.915929186297442188e-04 -1.942958723833727106e+02 5.990370669877779219e-01 7.999339187737344314e-01 -3.550095731071276073e-02 -1.195847009473824727e+02 2.088606257009812880e-02 2.871118290653735736e-02 9.993695214316000719e-01 6.522435289054549834e+00
8.013896570595967495e-01 -5.981424513380003694e-01 4.748318331498704858e-04 -1.946816603924415006e+02 5.977730405086153498e-01 8.008663140088896348e-01 -3.578462137427118606e-02 -1.190739839993375568e+02 2.102402432901994897e-02 2.896126711976697646e-02 9.993594125277603935e-01 6.550341160677787045e+00
8.020482457740386595e-01 -5.972592452609848390e-01 7.349194574202827512e-05 -1.950584520362073988e+02 5.968834883653366674e-01 8.015392726105574628e-01 -3.556537332526567979e-02 -1.185499257701120968e+02 2.118284134894054052e-02 2.856901141476938383e-02 9.993673492861213647e-01 6.598531363703031616e+00
8.027460247690758610e-01 -5.963210447968391170e-01 -1.767762781455829713e-04 -1.954441688820846821e+02 5.959317532576683396e-01 8.022326142066820154e-01 -3.589119895398377308e-02 -1.180435019423441361e+02 2.154449295499728106e-02 2.870617068713682621e-02 9.993556877247424808e-01 6.625760219117961647e+00
8.030120698243479183e-01 -5.959627616281255591e-01 4.968897922163865999e-05 -1.958476115773884487e+02 5.955802726021159899e-01 8.024937042593032199e-01 -3.588862649045044401e-02 -1.175091053486520991e+02 2.134840986129270951e-02 2.884859401703968387e-02 9.993557945094601047e-01 6.643630755513243891e+00
8.030292708768438370e-01 -5.959395449715754189e-01 -2.210295826122945367e-04 -1.962314491717692135e+02 5.955483248429216392e-01 8.025154285523230513e-01 -3.593298919198562036e-02 -1.169666028415720405e+02 2.159126887875328915e-02 2.872360831360024069e-02 9.993541771732643575e-01 6.673738265151917481e+00
8.031727580197900451e-01 -5.957461814122456678e-01 -9.004227581314340478e-05 -1.966256716517027883e+02 5.953642019722332757e-01 8.026631744296723880e-01 -3.568326532770142029e-02 -1.164182290950609087e+02 2.133044267823515361e-02 2.860621868071864388e-02 9.993631454421068039e-01 6.699860166798108807e+00
8.032733368593737433e-01 -5.956105655136190169e-01 2.322399900757561586e-05 -1.970260754552332116e+02 5.952326896620778740e-01 8.027623226557938363e-01 -3.564685795303159516e-02 -1.158761551976820243e+02 2.121300187280411587e-02 2.864799421987778566e-02 9.993644485265233968e-01 6.726955175459951697e+00
8.032790656890815839e-01 -5.956027823723319958e-01 -2.612585169269928537e-04 -1.974441118896740761e+02 5.952171252954021607e-01 8.027745661177476677e-01 -3.563102229153145006e-02 -1.153238293391848543e+02 2.143166770817735156e-02 2.846614875248399887e-02 9.993649793716246066e-01 6.775762239718519986e+00
8.034604562924970717e-01 -5.953581064655293353e-01 -1.422674657322407082e-04 -1.978504721823031787e+02 5.949744993125014592e-01 8.029512936948778323e-01 -3.570105210718803324e-02 -1.147645580220797541e+02 2.136914462702306505e-02 2.859973810197101105e-02 9.993625041187046421e-01 6.794547329335574481e+00
8.032746815700866350e-01 -5.956087515714553193e-01 -3.162227677054596509e-05 -1.982635022008402927e+02 5.952319640435067560e-01 8.027684086119866169e-01 -3.552169922016557707e-02 -1.141869346993795489e+02 2.118242029101933058e-02 2.851485903999724167e-02 9.993689048016971554e-01 6.828504179744570912e+00
8.035519570872615702e-01 -5.952344053539412316e-01 -5.049199657163171845e-04 -1.986872315712707007e+02 5.948453111274271121e-01 8.030567862815976010e-01 -3.548033028012715501e-02 -1.136315852995382016e+02 2.152459270105047673e-02 2.820993956059763413e-02 9.993702473152986654e-01 6.866922966688962404e+00
8.039674942569512428e-01 -5.946730974840912509e-01 -4.186966390097787705e-04 -1.991255758090185566e+02 5.942869757592790236e-01 8.034704521928985876e-01 -3.547143774685850709e-02 -1.130604483918077676e+02 2.143032013501529678e-02 2.826905696367557758e-02 9.993706028282477449e-01 6.884754815899713165e+00
8.040566870601379978e-01 -5.945522656915604998e-01 -6.688459521053610746e-04 -1.995459676301916261e+02 5.941599124111041075e-01 8.035659438851903147e-01 -3.543687784684684122e-02 -1.124747017293549476e+02 2.160653784169518088e-02 2.809585714897102487e-02 9.993716927817998252e-01 6.931925956347663842e+00
8.039224425208749691e-01 -5.947339203387352891e-01 -5.200094126868639449e-04 -1.999704661473392378e+02 5.943492101406618877e-01 8.034332555568252099e-01 -3.527067153503893326e-02 -1.119015711653271410e+02 2.139445761036874033e-02 2.804581722610384811e-02 9.993776610069279309e-01 6.966686687496732588e+00
8.042746039712755923e-01 -5.942574470367484318e-01 -6.693640368371969046e-04 -2.004111623058433054e+02 5.938751090197548210e-01 8.037965424487182320e-01 -3.497818226066412572e-02 -1.113243632335183975e+02 2.132407779065759873e-02 2.773454504498014395e-02 9.993878519961736373e-01 6.999112956727813639e+00
8.042098457910411557e-01 -5.943453626967680758e-01 -3.373034197394070288e-04 -2.008383038960638487e+02 5.939747360659344277e-01 8.037281330032698401e-01 -3.485830079739649090e-02 -1.107029069571199642e+02 2.098896967822443463e-02 2.783303899909810378e-02 9.993922078403059128e-01 7.019493460995226641e+00
8.042570155014910904e-01 -5.942810470391046707e-01 -8.307507085485079518e-04 -2.012886807179503137e+02 5.938951154925129483e-01 8.037835620448332552e-01 -3.493675973318521172e-02 -1.100953391152142871e+02 2.142999791807932708e-02 2.760475532630530388e-02 9.993891797856357950e-01 7.065571489527902926e+00
8.044395909205205308e-01 -5.940330197680862012e-01 -1.309956042864110839e-03 -2.017327628192886948e+02 5.936379230217389003e-01 8.039812027848944886e-01 -3.475977443814042694e-02 -1.094953446667230281e+02 2.170163381088330984e-02 2.718449914497162584e-02 9.993948379375267033e-01 7.088032397066942103e+00
8.044363033806510854e-01 -5.940342832044901433e-01 -2.346099102904933634e-03 -2.021728031836739206e+02 5.936282624312377854e-01 8.040207601628215350e-01 -3.400151864355915876e-02 -1.088885604041583690e+02 2.208438013942571471e-02 2.595934523300407956e-02 9.994190275099483767e-01 7.131423858197933896e+00
8.042826131001685752e-01 -5.942398399192765357e-01 -2.913917891293471563e-03 -2.026106849085164470e+02 5.938414004409213742e-01 8.039051508772449006e-01 -3.299847747092741340e-02 -1.082842377256015141e+02 2.195152357194794096e-02 2.480969660730897308e-02 9.994511541676879274e-01 7.181724203144192131e+00
8.043379421475647106e-01 -5.941677590713420054e-01 -2.269119203708465024e-03 -2.030542067131499095e+02 5.937903885548473371e-01 8.039522305185931028e-01 -3.276866649807951004e-02 -1.076781038952844654e+02 2.129434858605405018e-02 2.500970060433780479e-02 9.994603872060048300e-01 7.199709165257900167e+00
8.043583134895615494e-01 -5.941403568482863662e-01 -2.222585075785132522e-03 -2.034984738582500086e+02 5.937635329118668981e-01 8.039708555652448352e-01 -3.279832900784133976e-02 -1.070759419368876166e+02 2.127370452569186943e-02 2.506191863922765939e-02 9.994595188049760770e-01 7.240990726111483866e+00
8.043940435263567945e-01 -5.940949640831990619e-01 -1.181689595452863756e-03 -2.039349605789636541e+02 5.937515440897408459e-01 8.039936151747411053e-01 -3.245567206666569171e-02 -1.064676271177484637e+02 2.023182222060436464e-02 2.540551926713572467e-02 9.994724773401222340e-01 7.274639042448015402e+00
8.043776157529053394e-01 -5.941183088205937990e-01 -2.939384783631066034e-04 -2.043647478212517683e+02 5.938009635478481707e-01 8.039639351151682822e-01 -3.228632409830319711e-02 -1.058694694499906035e+02 1.941821220706404019e-02 2.579585544794289753e-02 9.994786175183490995e-01 7.309780251718287936e+00
8.046086214877979925e-01 -5.938054875030566171e-01 -9.611848284819465849e-05 -2.048211483387126464e+02 5.934924977805183799e-01 8.041897531431557722e-01 -3.233413084948493638e-02 -1.052639446722777024e+02 1.927748183106020585e-02 2.595927485134170640e-02 9.994771106650945924e-01 7.322810643448169010e+00
8.042712496578385828e-01 -5.942615416444766430e-01 9.884817392475809400e-04 -2.052648147370725269e+02 5.939986717019470897e-01 8.038637112969287957e-01 -3.112413334135435278e-02 -1.046657318206951999e+02 1.770127086232068520e-02 2.561940245708295427e-02 9.995150380197392881e-01 7.368961778534048435e+00
8.041654899120768141e-01 -5.944038516130211169e-01 1.387811973938835042e-03 -2.056914923126564076e+02 5.941531855674483387e-01 8.037539657133797588e-01 -3.100894516213532209e-02 -1.040721960146386778e+02 1.731637706111233826e-02 2.576089648324968173e-02 9.995181435561121264e-01 7.403432136619313653e+00
8.041018542750906217e-01 -5.944893191487552464e-01 1.630143984553623221e-03 -2.061357672079536769e+02 5.942432353738811290e-01 8.036837128151999021e-01 -3.110413104327872796e-02 -1.034796571811149306e+02 1.718095351670301252e-02 2.597959148302225046e-02 9.995148201315636749e-01 7.436792687180560080e+00
8.035992032995999956e-01 -5.951663553235210236e-01 2.308667833305052056e-03 -2.065887268726798993e+02 5.949495262867375844e-01 8.031885795848137111e-01 -3.038366001185571763e-02 -1.028770810980246182e+02 1.622903655287973729e-02 2.578982581263143670e-02 9.995356438152265266e-01 7.484084898871364189e+00
8.031777371958573886e-01 -5.957363245264951646e-01 1.937553252133823213e-03 -2.070219382677268243e+02 5.955062859770828831e-01 8.027681138640077041e-01 -3.058788526531922361e-02 -1.022935590577432237e+02 1.666690837327286859e-02 2.572133361406663335e-02 9.995302032266912828e-01 7.495127944944117715e+00
8.022301346711470105e-01 -5.970138153628216093e-01 1.146861561078632227e-03 -2.074664302650224670e+02 5.967632490673203671e-01 8.018347080529856230e-01 -3.057328121413655647e-02 -1.016824892166856387e+02 1.733307786080746232e-02 2.521121233717531912e-02 9.995318700193410733e-01 7.538912967599713078e+00
8.010946413992164894e-01 -5.985355696069712961e-01 1.596069146126097640e-03 -2.079073850616051971e+02 5.983106220373696216e-01 8.007144248586330892e-01 -2.967843291961584987e-02 -1.010834325596741508e+02 1.648560216420959235e-02 2.473017870066371651e-02 9.995582240083449310e-01 7.581637414433062716e+00
8.002688840115355084e-01 -5.996408083205633233e-01 7.837599077338570225e-04 -2.083467110244558853e+02 5.993748089995791783e-01 7.998735553522753339e-01 -3.085666516052249300e-02 -1.004985307230568168e+02 1.787600681499101896e-02 2.516339493732847390e-02 9.995235124475954080e-01 7.606013213584410515e+00
7.993378418147317754e-01 -6.008799200954985098e-01 1.528485850184762435e-03 -2.087906428733877817e+02 6.006257898803745165e-01 7.989203521163589228e-01 -3.122389317252447991e-02 -9.991543473177235057e+01 1.754067198094240790e-02 2.587648740266765626e-02 9.995112466731710388e-01 7.637519174419037604e+00
7.986267069580735845e-01 -6.018245739430092556e-01 1.601602828059737679e-03 -2.092325595037344783e+02 6.015580812991017101e-01 7.981879117477588270e-01 -3.199894316216422840e-02 -9.933746961622479432e+01 1.797937031841773808e-02 2.651866772798861308e-02 9.994866194726599318e-01 7.674109812782837103e+00
7.975223935830954014e-01 -6.032856455979591637e-01 2.112237899480443569e-03 -2.096729529833220624e+02 6.030347155201556397e-01 7.970791875694325235e-01 -3.184180618586878592e-02 -9.874790240924885154e+01 1.752608373297570230e-02 2.666830626618716879e-02 9.994906892162015444e-01 7.716739388475256867e+00
7.965147643755903228e-01 -6.046177208710925566e-01 1.281304157296164412e-03 -2.101139325108115941e+02 6.043261735300857751e-01 7.960611525176841674e-01 -3.281032518432261402e-02 -9.816715630258468650e+01 1.881770756980166714e-02 2.690823407178420668e-02 9.994607750286929049e-01 7.753711245068395819e+00
7.956998227909114485e-01 -6.056903954034452697e-01 9.679496528483648443e-04 -2.105654297003283375e+02 6.053772466101975391e-01 7.952349605941093635e-01 -3.346261698584717531e-02 -9.758982031639474997e+01 1.949823830935186117e-02 2.721217310145737991e-02 9.994395010894496778e-01 7.793009547527176117e+00
7.944862846396825162e-01 -6.072815931594388594e-01 7.811076540182454453e-04 -2.110053897961767007e+02 6.069474018048932606e-01 7.940050618818417227e-01 -3.421714699244027269e-02 -9.699869375286114348e+01 2.015924010777469036e-02 2.765914524613004993e-02 9.994141167316632490e-01 7.812128250718229694e+00
7.935991715025864091e-01 -6.084407283165882419e-01 4.848876034968443299e-04 -2.114419307506972245e+02 6.081000358821759821e-01 7.931276240572741054e-01 -3.410158819409286196e-02 -9.641089459822104857e+01 2.036421740466995423e-02 2.735785230683973265e-02 9.994182540691621819e-01 7.816973141381121870e+00
7.930664608166979601e-01 -6.091351139353260447e-01 4.121497430091547454e-05 -2.119067745857199725e+02 6.088068178824603827e-01 7.926368093912316004e-01 -3.288079831636009365e-02 -9.583272540282763430e+01 1.999618032299146919e-02 2.610175030693658721e-02 9.994592795123795614e-01 7.866256383542710395e+00
7.925944278479246652e-01 -6.097486100878345416e-01 -8.399049796669992574e-04 -2.123471370954119379e+02 6.094089781142361106e-01 7.921974549350797590e-01 -3.230928331214980020e-02 -9.526293440377138211e+01 2.036591117979690002e-02 2.509631228559795063e-02 9.994775659170547222e-01 7.941184878012513160e+00
7.923193985439199727e-01 -6.101063560921640150e-01 -4.527106609500466949e-04 -2.127755585163335752e+02 6.097695698838476730e-01 7.919062501976527058e-01 -3.264295546607320908e-02 -9.470129006886426737e+01 2.027417901342216250e-02 2.558759765656575327e-02 9.994669741974956390e-01 8.000513580976424066e+00
7.925766731889927197e-01 -6.097719896278011031e-01 5.811901767681180303e-04 -2.132134426622785099e+02 6.094272304121575168e-01 7.920957791577052376e-01 -3.439080506058169590e-02 -9.414358306415498134e+01 2.051019134078680556e-02 2.761154298297756327e-02 9.994082923136387020e-01 8.014903925665464612e+00
7.925228266308322889e-01 -6.098412345131321022e-01 1.112634969263864848e-03 -2.136440404895104450e+02 6.094870615299912142e-01 7.919976627559904836e-01 -3.556998758202260802e-02 -9.356692251313864972e+01 2.081084084347987681e-02 2.886816371970030506e-02 9.993665683956212131e-01 8.014877436637570796e+00
7.927078807283489681e-01 -6.096013328967425648e-01 6.563243745612290514e-04 -2.141010227499327243e+02 6.092400648192833890e-01 7.922001009642752889e-01 -3.529225766634273148e-02 -9.298655521553882863e+01 2.099426707854508758e-02 2.837630988530553261e-02 9.993768187161076177e-01 8.038656210515393141e+00
7.927700425305139742e-01 -6.095207865098534183e-01 -2.654780151798482452e-04 -2.145479800125476970e+02 6.091576033089024511e-01 7.923125545390643509e-01 -3.417353143495684836e-02 -9.241058892287985316e+01 2.103981932243521175e-02 2.693003401765043867e-02 9.994158790366938216e-01 8.070487699774002266e+00
7.928384634821227239e-01 -6.094316706403962725e-01 -4.578687173926888204e-04 -2.149835769725536352e+02 6.090568304974922631e-01 7.923767216139196989e-01 -3.448054913608323419e-02 -9.185714456830494612e+01 2.137634317781866855e-02 2.705863752727292321e-02 9.994052641884131338e-01 8.116182741066182871e+00
7.930091175277410587e-01 -6.092083988811197726e-01 -1.290833287415835834e-03 -2.154035598268692411e+02 6.088174428898761592e-01 7.925726808538594570e-01 -3.420331558721605852e-02 -9.129986532174523006e+01 2.186002632445610896e-02 2.633765928909939658e-02 9.994140618143539934e-01 8.169632489678283704e+00
7.935396593584091995e-01 -6.085141091570226424e-01 -2.321202743176454045e-03 -2.158287397899230484e+02 6.081035951165346676e-01 7.931336287128817331e-01 -3.389785555285673713e-02 -9.076318067634990427e+01 2.246834732875388485e-02 2.548776101527452931e-02 9.994226070120401095e-01 8.217155428855170030e+00
7.936538729278971305e-01 -6.083635876409303478e-01 -2.697261426963833489e-03 -2.162284271842029284e+02 6.079644898759215543e-01 7.932793954548900128e-01 -3.296937664916642363e-02 -9.020424331939381091e+01 2.219705017473766473e-02 2.452643429812344233e-02 9.994527227358780408e-01 8.231062146857318851e+00
7.938700345401954461e-01 -6.080786374906163028e-01 -3.277024062254014353e-03 -2.166351977987133353e+02 6.076852921571723742e-01 7.935294327458194408e-01 -3.208777122129580217e-02 -8.967642421064452662e+01 2.211230324957098869e-02 2.348212072309107876e-02 9.994796826606057172e-01 8.260731904604055487e+00
7.933504218875846448e-01 -6.087560541796970259e-01 -3.342841658991037995e-03 -2.170294914473792289e+02 6.083551746994149134e-01 7.930055907226912781e-01 -3.234369334197624568e-02 -8.915940085577504703e+01 2.234031126094021200e-02 2.362624773681154533e-02 9.994712156488765320e-01 8.288405585866467362e+00
7.929831133515310437e-01 -6.092327537240520563e-01 -3.637819281025375315e-03 -2.174238943997268052e+02 6.088252819090138601e-01 7.926457266868914830e-01 -3.231915954073481118e-02 -8.865178990977746309e+01 2.257339247261277992e-02 2.341375140421241008e-02 9.994709791672088395e-01 8.316430204832304440e+00
7.923988907137675675e-01 -6.099929649031470280e-01 -3.546937306870157763e-03 -2.177950850737936435e+02 6.095893860936483222e-01 7.920620173659730368e-01 -3.222640234518858726e-02 -8.814465727166890474e+01 2.246727303345352061e-02 2.337399013461535432e-02 9.994743009340596451e-01 8.349603157563727507e+00
7.919658636748372338e-01 -6.105553639689974554e-01 -3.495468846127587972e-03 -2.181712719533139477e+02 6.101607768631421846e-01 7.916364768291220821e-01 -3.186714501397520938e-02 -8.764791010242741720e+01 2.222379696487485762e-02 2.310489303719004059e-02 9.994860012857629261e-01 8.388118823031321725e+00
7.918821113311480531e-01 -6.106623495135056201e-01 -3.770496037454815208e-03 -2.185373209691036323e+02 6.102667017803667937e-01 7.915643469569345614e-01 -3.162969055736680746e-02 -8.715529507820802735e+01 2.229965138373838154e-02 2.274597795846501277e-02 9.994925442617752509e-01 8.418961021227618247e+00
7.913468874393884134e-01 -6.113533056446385228e-01 -4.152037736483909364e-03 -2.189101297080902384e+02 6.109534502417790502e-01 7.910427085136226832e-01 -3.142156815147651577e-02 -8.668164608624550738e+01 2.249411873486245952e-02 2.232865837449665020e-02 9.994975966141874668e-01 8.446606269416363943e+00
7.909401282754321416e-01 -6.118781702178994752e-01 -4.338005813532670729e-03 -2.192632205132971421e+02 6.114737624249446668e-01 7.906402074433622751e-01 -3.143088035355420806e-02 -8.622313979319983446e+01 2.266167137537245663e-02 2.220736780242782427e-02 9.994965139837969081e-01 8.472083869425329539e+00
7.908405443736483686e-01 -6.120045168021707171e-01 -4.658839826938434084e-03 -2.196041539127057547e+02 6.115920736363541499e-01 7.905471417414704494e-01 -3.146986097166133006e-02 -8.578437372436060571e+01 2.294272956681058656e-02 2.203833247169476733e-02 9.994938434337108379e-01 8.506480205451824261e+00
7.906099050663901728e-01 -6.123011315284527800e-01 -4.827249723175726370e-03 -2.199380142683675388e+02 6.118861309514123104e-01 7.903217248438680897e-01 -3.141550555258425248e-02 -8.534494335458862224e+01 2.305082992485804963e-02 2.188368270629101678e-02 9.994947541988330464e-01 8.528807214517351909e+00
7.902730690314441198e-01 -6.127354814582309794e-01 -4.868893690808296856e-03 -2.202473272425911262e+02 6.123137837476243517e-01 7.899807480353628897e-01 -3.165830011475444239e-02 -8.492265678113022886e+01 2.324449604293262611e-02 2.203741127352174672e-02 9.994868913137738842e-01 8.558540974841475801e+00
7.899414598338354576e-01 -6.131654501866895535e-01 -4.541005719375797514e-03 -2.205647388006131280e+02 6.127473710401528662e-01 7.896384217155028029e-01 -3.180915330578821393e-02 -8.452310693661620178e+01 2.309002639605003265e-02 2.234487968202679767e-02 9.994836452053758036e-01 8.585050119275821956e+00
7.896606998625852469e-01 -6.135258529517767512e-01 -4.691146163469203656e-03 -2.208657744791383095e+02 6.131072047740914188e-01 7.893641215506643771e-01 -3.168341936484147386e-02 -8.411794667360409505e+01 2.314161936063583586e-02 2.214297559820919969e-02 9.994869454300163714e-01 8.616283893585393372e+00
7.896639754957568424e-01 -6.135203932162833773e-01 -4.851073280603513532e-03 -2.211654611353791893e+02 6.130949974053432339e-01 7.893680566091553219e-01 -3.182130358152505945e-02 -8.373823587988012207e+01 2.335230097397057378e-02 2.215396833125970674e-02 9.994818015984076043e-01 8.640607225224043120e+00
7.890891818207212971e-01 -6.142585996622358380e-01 -4.963453887537515319e-03 -2.214503076696207415e+02 6.138192874692200984e-01 7.887857778193737568e-01 -3.229363777378552181e-02 -8.337442975158690217e+01 2.375174655227685686e-02 2.243589648029654590e-02 9.994661000178254318e-01 8.655571362531846447e+00
7.887448369278560190e-01 -6.147063530822481914e-01 -4.204961352051674386e-03 -2.217104871601312652e+02 6.142824775234733137e-01 7.884223248408861462e-01 -3.236163623977701687e-02 -8.302650403122167688e+01 2.320818879777830634e-02 2.294203942143276109e-02 9.994673795576882736e-01 8.708577281342741117e+00
7.883917094755668042e-01 -6.151641674176273611e-01 -3.399934642138419116e-03 -2.219667573389932897e+02 6.147292418762273503e-01 7.880202653098948851e-01 -3.364551445886555109e-02 -8.269626309879139114e+01 2.337673228815998622e-02 2.443580541541944678e-02 9.994280463351163935e-01 8.714287973719173408e+00
7.881079986625376677e-01 -6.155329038973823552e-01 -2.242022253550692359e-03 -2.222194942244757669e+02 6.151089155182548618e-01 7.876905070406147180e-01 -3.441928482777936033e-02 -8.236936327394037960e+01 2.295222198580982448e-02 2.574702580406768374e-02 9.994049660513794064e-01 8.706391333747861339e+00
7.878444287699802873e-01 -6.158726447144711180e-01 -1.428827668517566526e-03 -2.224608873686553636e+02 6.154380754217065874e-01 7.873715803836925931e-01 -3.580460480597612294e-02 -8.204962539453346437e+01 2.317609495426959515e-02 2.732910347027741119e-02 9.993577881450574907e-01 8.717583744778359289e+00
7.874565569437695922e-01 -6.163700107672689388e-01 -4.251505858126804899e-04 -2.227098582753492053e+02 6.159566991460869723e-01 7.869534078217244044e-01 -3.607878455313637267e-02 -8.172350282764526241e+01 2.257245452582933021e-02 2.814860111145162103e-02 9.993488582833062184e-01 8.725890310853683829e+00
7.871391441374023801e-01 -6.167753863074334486e-01 -3.010181953802502919e-04 -2.229622988161296178e+02 6.163584987906833845e-01 7.866248607455925690e-01 -3.638034394384351278e-02 -8.140524050740944517e+01 2.267528908598425916e-02 2.845085767236806007e-02 9.993379708399825478e-01 8.778162162011678760e+00
7.871087156179830124e-01 -6.168133438975293981e-01 1.081012561038966271e-03 -2.232006779203372275e+02 6.164171227083756754e-01 7.865378033044536643e-01 -3.725875474210023353e-02 -8.110422919633916194e+01 2.213143985682866632e-02 2.999304524306720121e-02 9.993050668374051648e-01 8.798749986370697940e+00
7.868460496533020709e-01 -6.171487203517589393e-01 8.666678600789470832e-04 -2.234430429442797674e+02 6.167513108557181045e-01 7.862873867191365607e-01 -3.701305234838690728e-02 -8.079232532520029508e+01 2.216110788626470332e-02 2.965809256471932387e-02 9.993144064020471617e-01 8.800353922154275921e+00
7.870859584434339862e-01 -6.168430405716942566e-01 -5.977620331270219051e-04 -2.236779728042274371e+02 6.164465270258867591e-01 7.866140257083362730e-01 -3.510062501790578438e-02 -8.047238918934638718e+01 2.212178426130552433e-02 2.725872075487286231e-02 9.993836044302027988e-01 8.843209075344459436e+00
7.869060790483697332e-01 -6.170719963854200962e-01 -9.869314227383668009e-04 -2.238955656623915615e+02 6.166839143084026365e-01 7.864659468616261861e-01 -3.423834488278559157e-02 -8.017158949471588869e+01 2.190371178562445370e-02 2.633373699189036840e-02 9.994132086910069157e-01 8.876657684868186848e+00
7.867399214303091304e-01 -6.172846014277126869e-01 -1.298770996475059891e-04 -2.241103596214609013e+02 6.169170788989626342e-01 7.862787322596980211e-01 -3.433763181777792911e-02 -7.990328083026045647e+01 2.129821097186899645e-02 2.693466235749108692e-02 9.994102812024127092e-01 8.896642782235236524e+00
7.867959866841401917e-01 -6.172129481959419683e-01 5.019133427978470646e-04 -2.243499839492589274e+02 6.168132730431726829e-01 7.862567109160337742e-01 -3.663018887842339755e-02 -7.963575570394608860e+01 2.221399413655280458e-02 2.913007241278073312e-02 9.993287633935727943e-01 8.873354382909580451e+00
7.880804672232237795e-01 -6.155722318223274536e-01 6.775325814984724249e-05 -2.245740713440041532e+02 6.151478290280144590e-01 7.875330336428190137e-01 -3.721383295844657435e-02 -7.935017372297119209e+01 2.285444427996431022e-02 2.936917313472003563e-02 9.993073231223900121e-01 8.922161338844398770e+00
7.897804084643647027e-01 -6.133893676848032328e-01 -6.245134895652513368e-04 -2.247968934046581069e+02 6.129696975201761600e-01 7.892769065963595176e-01 -3.619550573904711105e-02 -7.906141689843244080e+01 2.269485245347752783e-02 2.820369346236279925e-02 9.993445328550089046e-01 8.945458215865128793e+00
7.913745302525463376e-01 -6.113302296908080802e-01 -1.305041664272496224e-03 -2.249997773022279262e+02 6.109323793166125949e-01 7.909330425968702505e-01 -3.444633552353672246e-02 -7.877550340130839857e+01 2.209028678184907918e-02 2.646266038479916718e-02 9.994056968194920954e-01 8.972874339987093606e+00
7.930186827231480162e-01 -6.091963138190144011e-01 -1.104572934728589514e-03 -2.251973273201634811e+02 6.088074455713130551e-01 7.925747275889607479e-01 -3.433359002809779209e-02 -7.851050164576666646e+01 2.179135307813508809e-02 2.655470611039939879e-02 9.994098180998696179e-01 8.990745778207816841e+00
7.954215997691658213e-01 -6.060564626273107214e-01 -2.067083261077413969e-04 -2.254096023516981688e+02 6.056742886276330617e-01 7.949320324187997278e-01 -3.523804662473537658e-02 -7.823467646358135141e+01 2.152056495707408215e-02 2.790390550061875446e-02 9.993789258042921064e-01 8.996576683285752551e+00
7.990316043839307270e-01 -6.012890150352959706e-01 1.248740373938784370e-04 -2.255920119867610367e+02 6.008958909370677448e-01 7.985016526268355896e-01 -3.632132992003714311e-02 -7.795772372756600532e+01 2.173990456716196062e-02 2.909692681532004624e-02 9.993401550019466173e-01 9.012267138016140322e+00
8.032693709645845059e-01 -5.956158958554077509e-01 1.492465108973717314e-04 -2.258061241000677910e+02 5.952258375350082398e-01 8.027342064390405874e-01 -3.638675780324385906e-02 -7.768651605428379980e+01 2.155272606676383526e-02 2.931720343150044997e-02 9.993377715177421683e-01 9.026587539952092953e+00
8.063406107498025666e-01 -5.914508440129354616e-01 -8.476862755651456277e-04 -2.259981675879544696e+02 5.910424378653599264e-01 8.058354570246188953e-01 -3.602850044195177182e-02 -7.744315950394137360e+01 2.199218265219632373e-02 2.855022448790789369e-02 9.993504033040074841e-01 9.070466525498209975e+00
8.090288346659825214e-01 -5.877689452856753594e-01 -1.078738484393496760e-04 -2.261707035069630081e+02 5.873661730120975921e-01 8.084812087816707349e-01 -3.686616128716569546e-02 -7.717875894228934897e+01 2.175599871587114570e-02 2.976242605523791301e-02 9.993202061977839445e-01 9.085764438308135738e+00
8.129705537676126248e-01 -5.822996822057804334e-01 2.441067354329494454e-03 -2.263606621467915261e+02 5.819580168732712000e-01 8.123346087626855949e-01 -3.791239907080561078e-02 -7.690013578442268738e+01 2.009341443634621999e-02 3.224226278383122979e-02 9.992780850128094583e-01 9.093376575636209935e+00
8.182318341531984451e-01 -5.748803840952306787e-01 3.034725821689112854e-03 -2.265502761852843037e+02 5.745379003613334534e-01 8.175372839432446526e-01 -3.922996827800195874e-02 -7.663969858236819732e+01 2.007153772592532720e-02 3.384277389964691907e-02 9.992256001664959753e-01 9.065421921116024961e+00
8.235890924808987323e-01 -5.671814656786398068e-01 2.488320140097777591e-03 -2.267325814412419902e+02 5.668195100942770015e-01 8.228897805674941779e-01 -3.959863651775354793e-02 -7.638746476739999025e+01 2.041199948494843569e-02 3.402343351590556703e-02 9.992125680999089932e-01 9.065874663975339587e+00
8.285428688501847994e-01 -5.599250880045218981e-01 7.812174050087217214e-04 -2.269144186711654356e+02 5.595251692833491663e-01 8.278967230474263417e-01 -3.896923024352020454e-02 -7.611387505604298553e+01 2.117308234397718633e-02 3.272478862363422530e-02 9.992401056771058609e-01 9.108321361988803488e+00
8.345628100847664044e-01 -5.509127920686364144e-01 1.075107323883182919e-04 -2.271088932077814491e+02 5.505039593341195525e-01 8.339359318043062519e-01 -3.868142193794942701e-02 -7.582929761748631847e+01 2.122043309822750634e-02 3.234126127446027704e-02 9.992515879588587113e-01 9.137760924070096991e+00
8.424529818949544335e-01 -5.387694556872945073e-01 -6.685168029906627535e-04 -2.272688724867015821e+02 5.383499351035890834e-01 8.418446788520864699e-01 -3.843024931468337624e-02 -7.556081868521854972e+01 2.126783181851987781e-02 3.201578215261585703e-02 9.992610614963916005e-01 9.177406347457420566e+00
8.510746594503635354e-01 -5.250429301900635393e-01 -1.358491398526191080e-03 -2.274207605112430031e+02 5.246134220175487917e-01 8.504775982447988492e-01 -3.832247803568847311e-02 -7.530328037822100384e+01 2.127631266185699491e-02 3.190260712215536865e-02 9.992645006094854621e-01 9.196046248429841086e+00
8.598504674100335698e-01 -5.105427405446929523e-01 -1.812118059375438309e-03 -2.275799577734710226e+02 5.101142348278620009e-01 8.592638944004961088e-01 -3.806608997097083585e-02 -7.503160513120069197e+01 2.099145351641270446e-02 3.180675803673561203e-02 9.992735806687079725e-01 9.209601706063901716e+00
8.688609858992485391e-01 -4.950524497276616587e-01 -1.912903768295795559e-03 -2.277241489648274921e+02 4.946313561452231888e-01 8.682690045793159950e-01 -3.806254333043364302e-02 -7.475848536377947084e+01 2.050387036935066160e-02 3.212487673882598316e-02 9.992735279163519335e-01 9.225948418025085473e+00
8.787412040909381439e-01 -4.772964268122733555e-01 -1.420276397179821848e-03 -2.278459371449866069e+02 4.768992569250177782e-01 8.781238972097009654e-01 -3.828210931508942150e-02 -7.447791364200483599e+01 1.951909263193551958e-02 3.296273807623939511e-02 9.992659620548191013e-01 9.230099012932566183e+00
8.890588389470173158e-01 -4.577913087757420896e-01 -1.224132172040398592e-03 -2.279635226821084473e+02 4.574075386389458431e-01 8.884168824751534910e-01 -3.864953465942988498e-02 -7.420965799110466321e+01 1.878096074333548277e-02 3.380178312637349691e-02 9.992520777917026642e-01 9.247031801554165042e+00
9.002621872461603614e-01 -4.353478618933057098e-01 -4.830731688357358528e-04 -2.280962823220092446e+02 4.349829178189182355e-01 8.995518482205763222e-01 -3.995414332313314276e-02 -7.391139133140273998e+01 1.782850023135666706e-02 3.575907588113022562e-02 9.992013976529596775e-01 9.253717248771271997e+00
9.127975030613210139e-01 -4.084117948400790565e-01 -7.240445586500637853e-04 -2.282226907095235049e+02 4.080297213333735629e-01 9.120174357826559275e-01 -4.166465332915415820e-02 -7.361304748616309723e+01 1.767667710932193867e-02 3.773595982526853354e-02 9.991313889686573857e-01 9.264428560052767381e+00
9.259320982756151786e-01 -3.776874115074797533e-01 -1.403057980348695541e-03 -2.283504274394309732e+02 3.772853734670831294e-01 9.251056168553024595e-01 -4.284092238238926958e-02 -7.329648308369752385e+01 1.747845389959169077e-02 3.913843189947662643e-02 9.990809210458029277e-01 9.276631330170083345e+00
9.393472646459865016e-01 -3.429594920081631693e-01 -2.345899317040550311e-03 -2.284682449114156384e+02 3.425413546276733778e-01 9.384989909270060604e-01 -4.341732832441345946e-02 -7.297139293092699575e+01 1.709200900835138037e-02 3.998038106989529328e-02 9.990542689751965577e-01 9.285828836921929508e+00
9.523277431542350735e-01 -3.050675706001206300e-01 -2.376338970288254665e-03 -2.285512758615876407e+02 3.046832453384044626e-01 9.514658251021210766e-01 -4.336938635486584093e-02 -7.264671797974958167e+01 1.549159865278457865e-02 4.057783915982191014e-02 9.990562793658326335e-01 9.305546681704456091e+00
9.641873655490075246e-01 -2.652109140530791165e-01 -2.427999751836780462e-03 -2.286113508644228034e+02 2.648636059829482803e-01 9.633197834948262761e-01 -4.315396798894068076e-02 -7.231998665306460339e+01 1.378384349062917319e-02 4.096542193864571857e-02 9.990654832712491107e-01 9.330389888435599133e+00
9.747069022584311515e-01 -2.234778740203292868e-01 -2.023490332833344403e-03 -2.286363729383804468e+02 2.231896230943070936e-01 9.738368356332627318e-01 -4.275756900029146351e-02 -7.197760589334158965e+01 1.152592004112359611e-02 4.122447558365516934e-02 9.990834278377648259e-01 9.360675731921100251e+00
9.837209126532617809e-01 -1.796951762103480843e-01 -1.676202662462994084e-03 -2.286750163879501372e+02 1.794626322624168768e-01 9.828446758042372888e-01 -4.253829879894368421e-02 -7.163335398473157056e+01 9.291373960735264254e-03 4.154499837520315292e-02 9.990934308061114599e-01 9.378781690101170909e+00
9.909001806072066376e-01 -1.345878487830964865e-01 -1.715526899708301987e-03 -2.286946089522699310e+02 1.343946099933608918e-01 9.900184786234607071e-01 -4.244409015187741718e-02 -7.129733321060639639e+01 7.410862118383828613e-03 4.182729902858448034e-02 9.990973707195088815e-01 9.406588309536507708e+00
9.960433166424838003e-01 -8.884995781910307033e-02 -1.842923596976626553e-03 -2.287057669262283071e+02 8.869648307250074803e-02 9.951869783039850592e-01 -4.166307843586572468e-02 -7.096339531857688598e+01 5.535816327360931592e-03 4.133476998517249257e-02 9.991300173290074138e-01 9.438988166868652385e+00
9.990940810839060715e-01 -4.250253035188749501e-02 -2.133554965817394556e-03 -2.286959743223396515e+02 4.237817337646752197e-02 9.982460309350408290e-01 -4.133947440052394839e-02 -7.059153828691232491e+01 3.886845041848305520e-03 4.121160802643350496e-02 9.991428805728920226e-01 9.454914262741052511e+00
9.999886262898662892e-01 4.314938047340597521e-03 -2.031895802863960786e-03 -2.286716256657923907e+02 -4.394567596888224875e-03 9.991507698765104140e-01 -4.096860787008770044e-02 -7.025977237176358869e+01 1.853393250895157569e-03 4.097707120847272899e-02 9.991583681121993799e-01 9.478484798452331717e+00
9.986960128533568515e-01 5.101924221169659018e-02 -1.819569990932006637e-03 -2.286056921118272385e+02 -5.105100397853658961e-02 9.978650190928415320e-01 -4.073326237396603100e-02 -6.988824700358581765e+01 -2.624949353878308286e-04 4.077303759823583396e-02 9.991683994709908978e-01 9.494115508902570610e+00
9.951174133579970826e-01 9.869557242982690548e-02 -7.194542639644666178e-04 -2.285313959777456887e+02 -9.864367053020650644e-02 9.942989897008334133e-01 -4.048388993451771528e-02 -6.952353547983777560e+01 -3.280228043477507235e-03 4.035719344368318001e-02 9.991799322651210291e-01 9.527756512614381279e+00
9.891237292288473926e-01 1.470854785935059306e-01 3.320592372281490172e-04 -2.284483092885330393e+02 -1.469569213231274041e-01 9.883486735802825551e-01 -3.963032560204626797e-02 -6.913737766851829747e+01 -6.157235714657965236e-03 3.915049704684951670e-02 9.992143548955543242e-01 9.564664445028183692e+00
9.810468538103841452e-01 1.937587494131240706e-01 2.148872869445688644e-03 -2.283656770178517377e+02 -1.936294368650476050e-01 9.806948680756112369e-01 -2.729866131303905832e-02 -6.882229951240175581e+01 -7.396743071879178719e-03 2.636518075078686865e-02 9.996250124101071499e-01 9.543637568653279502e+00
9.708248417737311842e-01 2.397776484512913475e-01 2.409543147319153505e-03 -2.282472670936537611e+02 -2.396266566001893361e-01 9.704860884514794339e-01 -2.712595747180683928e-02 -6.845960249826431721e+01 -8.842626398576410723e-03 2.575716260220184753e-02 9.996291194903532684e-01 9.572465332520962988e+00
9.584996673513409560e-01 2.850831274347913058e-01 2.449109913282716908e-03 -2.281416780754406943e+02 -2.849178364902730798e-01 9.581748823398736903e-01 -2.688347638738736861e-02 -6.810881994797601635e+01 -1.001070112783284186e-02 2.507000807673902959e-02 9.996355738757807252e-01 9.584091175493600900e+00
9.445568657489133990e-01 3.283383899667944306e-01 2.495804600219178083e-03 -2.279876013061171989e+02 -3.281606445279995343e-01 9.442476435161337722e-01 -2.658907853228828500e-02 -6.777132445526636673e+01 -1.108687284842587578e-02 2.429587183538606948e-02 9.996433323251855407e-01 9.617683003607865544e+00
9.307155906802837553e-01 3.657031221028708701e-01 5.451215356531937360e-03 -2.278028601120138887e+02 -3.654466235023268728e-01 9.304568474342306272e-01 -2.643521200031133736e-02 -6.743002833061349577e+01 -1.473956021728890439e-02 2.261153570559966061e-02 9.996356655390179480e-01 9.649796006942935378e+00
9.178891836163529661e-01 3.964751326452095603e-01 1.693858890429204844e-02 -2.276366700312675277e+02 -3.958770796647945178e-01 9.178015855174999071e-01 -3.035765830292796660e-02 -6.709570701348179966e+01 -2.758232035523968534e-02 2.115936708710512357e-02 9.993955657237498791e-01 9.653197207822216797e+00
9.051163951832716936e-01 4.247617954654879791e-01 1.848589417297704512e-02 -2.274350769970014312e+02 -4.240867400542883692e-01 9.050625533037484072e-01 -3.181527176414028490e-02 -6.674569902020282086e+01 -3.024480253805615637e-02 2.095690149412838058e-02 9.993228008002216223e-01 9.654348399221873933e+00
8.926636247311923178e-01 4.503580775468946085e-01 1.814538701803818793e-02 -2.272489021099355284e+02 -4.496843076024314989e-01 8.926157015245245185e-01 -3.195673462672087017e-02 -6.639066823367562620e+01 -3.058883093370644984e-02 2.036691876907680693e-02 9.993245278896956130e-01 9.672728677741536885e+00
8.808817265717244771e-01 4.730124482125519503e-01 1.751021496114375797e-02 -2.270317780374023187e+02 -4.723616330010574904e-01 8.808388431888811709e-01 -3.158195684640170697e-02 -6.604995930945808880e+01 -3.036233621762213924e-02 1.954881494212661747e-02 9.993477734871712981e-01 9.702483314579817275e+00
8.719168343235914609e-01 4.892809987698717444e-01 1.910859141547634893e-02 -2.268119091069269757e+02 -4.886009572852479943e-01 8.719369405872643419e-01 -3.154482809052408521e-02 -6.567740663159644043e+01 -3.209577173189803734e-02 1.816799058999725436e-02 9.993196613470864964e-01 9.726807030485652206e+00
8.641387073273016917e-01 5.028339858979844479e-01 2.054938258550863608e-02 -2.265496459732368066e+02 -5.021426419623302717e-01 8.642236129102929265e-01 -3.114986374562732016e-02 -6.529995602538907917e+01 -3.342247180851704025e-02 1.659908172838596777e-02 9.993034618492939725e-01 9.736058140067072486e+00
8.580980159200483071e-01 5.123728511641445493e-01 3.379136670810954646e-02 -2.262903970311422199e+02 -5.114755953596139548e-01 8.587032037419667363e-01 -3.196127711482756734e-02 -6.494672480553325045e+01 -4.539284553324482441e-02 1.014244907345901447e-02 9.989177244904543507e-01 9.748891845222690478e+00
8.542244643121785774e-01 5.185806344140673207e-01 3.707681460529081013e-02 -2.260315816496900254e+02 -5.176253595408888408e-01 8.549845656109980041e-01 -3.264015513349376868e-02 -6.454211916399634674e+01 -4.862665658604484881e-02 8.690119543280590275e-03 9.987792198937592847e-01 9.756635340625070540e+00
8.524556608555046155e-01 5.215272251051047414e-01 3.645133398895415711e-02 -2.258119688994808030e+02 -5.205551405826892575e-01 8.531840827931269633e-01 -3.315518785027793403e-02 -6.415316953899345265e+01 -4.839103107334571940e-02 9.288398280650487018e-03 9.987852791111002659e-01 9.777861432930530228e+00
8.525841111621234036e-01 5.215214185925450829e-01 3.340274454459504772e-02 -2.255785588309547620e+02 -5.206244586280320830e-01 8.531790217658932196e-01 -3.218275775725293331e-02 -6.375663289558063695e+01 -4.528251839463641459e-02 1.004822212199317152e-02 9.989236841521110799e-01 9.797370772089758262e+00
8.536438947054725279e-01 5.198463079538334641e-01 3.243327209580024184e-02 -2.253386020096388336e+02 -5.189609738203390110e-01 8.541941738223751690e-01 -3.212197159819710213e-02 -6.334591854327340599e+01 -4.440280040174904297e-02 1.058912246968703001e-02 9.989575875890850387e-01 9.825370483372115160e+00
8.551289406255202508e-01 5.173530517659093997e-01 3.317099234535783592e-02 -2.250710298026389751e+02 -5.163693461127144557e-01 8.556877776956115511e-01 -3.407529159777369226e-02 -6.293011568937077982e+01 -4.601296882187885795e-02 1.201028437822762585e-02 9.988686398968339430e-01 9.835093175676862032e+00
8.582435962325904999e-01 5.121051309872985957e-01 3.415061261869117154e-02 -2.248082554079699946e+02 -5.109826180158754116e-01 8.588082254323010645e-01 -3.667691393048208570e-02 -6.250437913087264974e+01 -4.811126283306351586e-02 1.402735706766534279e-02 9.987434804003999522e-01 9.803492909945632050e+00
8.617057666524260418e-01 5.061826378527172210e-01 3.524640200672362472e-02 -2.245420746759966164e+02 -5.049906052295349834e-01 8.623013026606670683e-01 -3.769551776570599644e-02 -6.206129626702254853e+01 -4.947383498236835458e-02 1.468334315411897253e-02 9.986674817405220006e-01 9.802187826413247151e+00
8.651770584256358587e-01 5.003297223185235731e-01 3.374650409498670262e-02 -2.242989416651034844e+02 -4.991807866243324066e-01 8.656991312209304512e-01 -3.719618889669980277e-02 -6.159712244764774169e+01 -4.782467813876672275e-02 1.533568283433431670e-02 9.987380121898475904e-01 9.823116513604698952e+00
8.688008056376491650e-01 4.942251603308901453e-01 3.044094314041017810e-02 -2.240579016681995483e+02 -4.931588264325321713e-01 8.691737292983987562e-01 -3.648835717323183764e-02 -6.115348540659159937e+01 -4.449193224686211895e-02 1.668889431387398509e-02 9.988703363157407367e-01 9.857510226820307864e+00
8.733572978946837484e-01 4.862182929946515242e-01 2.896207470924279381e-02 -2.238120365565720249e+02 -4.851084958011009918e-01 8.736276853961033595e-01 -3.800545501688124689e-02 -6.068038086037836365e+01 -4.378101775529781581e-02 1.914259300132147706e-02 9.988577394291421330e-01 9.870344062550717723e+00
8.775975973349416925e-01 4.784754562324470273e-01 2.972700683030811072e-02 -2.235245058963810720e+02 -4.772331225127325327e-01 8.778396516770837765e-01 -4.057206822684213121e-02 -6.022960636865747830e+01 -4.550828417645221002e-02 2.141923730220072347e-02 9.987343051806657490e-01 9.892471407275074569e+00
8.807920611084315565e-01 4.725251243399718470e-01 3.041959821981715661e-02 -2.232522995315007677e+02 -4.711627949194636678e-01 8.810075684442170152e-01 -4.279351618747521957e-02 -5.974041580663357820e+01 -4.702090781812247322e-02 2.335960640726714166e-02 9.986207303157976778e-01 9.896666851637576201e+00
8.844191459257662036e-01 4.657050608710149864e-01 3.035738129454709777e-02 -2.230021269040571497e+02 -4.643050454103845870e-01 8.846019399514859494e-01 -4.359165792360179814e-02 -5.924505913529347367e+01 -4.715505409178274987e-02 2.445821156977501590e-02 9.985881016517316189e-01 9.901984197924143416e+00
8.886344166376370923e-01 4.575905978492116333e-01 3.065482551063618277e-02 -2.227423819624856094e+02 -4.561587622658763719e-01 8.888063554517030562e-01 -4.407319045320712281e-02 -5.873970414741426538e+01 -4.741368130772165290e-02 2.518148662533696916e-02 9.985578779200471322e-01 9.915070222848202164e+00
8.926902263738069054e-01 4.496811657002759421e-01 2.984977304976325560e-02 -2.224912949387303058e+02 -4.482646098635824083e-01 8.928094638111143677e-01 -4.415994648050182436e-02 -5.823754319888602282e+01 -4.650805608205643704e-02 2.604055574966576692e-02 9.985784346638559850e-01 9.953256659286548569e+00
8.964180861583748161e-01 4.421561356961544176e-01 3.053795137857904379e-02 -2.222439631896587002e+02 -4.406612312778012130e-01 8.965239512316707238e-01 -4.541458044158390439e-02 -5.771741807287715176e+01 -4.745834022475722141e-02 2.725356002794393495e-02 9.985013517311402964e-01 9.988892868289227067e+00
9.002865014928720377e-01 4.340848393076200407e-01 3.247410526869936448e-02 -2.220023929405199112e+02 -4.324755139324757969e-01 9.004383205657040534e-01 -4.664505017314538732e-02 -5.718518786468493431e+01 -4.948883791892722678e-02 2.794965366676247648e-02 9.983835294020740880e-01 1.000949736039672544e+01
9.042453721973426894e-01 4.257125418805960959e-01 3.330373170158158064e-02 -2.217360009142287254e+02 -4.240431242989958771e-01 9.044034543278725025e-01 -4.734786726514946670e-02 -5.664523889763724185e+01 -5.027659091899090021e-02 2.869187141637129929e-02 9.983231144875845953e-01 1.004357172042268331e+01
9.077313186784228272e-01 4.182422382191029464e-01 3.312526618469387174e-02 -2.214876108336929974e+02 -4.165460055640999859e-01 9.078485765599552115e-01 -4.796235280567378439e-02 -5.609486119599303322e+01 -5.013260754164322597e-02 2.973873244673223143e-02 9.982997192494532657e-01 1.006090808782926693e+01
9.112481840872772576e-01 4.107478547342060526e-01 3.021500999316783023e-02 -2.212437885499173262e+02 -4.091296440600666884e-01 9.112029501170213486e-01 -4.818836010200228115e-02 -5.555044745284031649e+01 -4.732527177864664925e-02 3.154969935331726483e-02 9.983811572349472474e-01 1.009352849955813092e+01
9.142519023686667134e-01 4.041351886581215358e-01 2.860434064156162567e-02 -2.210004932369292305e+02 -4.025438346419480395e-01 9.141019760008231021e-01 -4.874462701823258082e-02 -5.499734887899872149e+01 -4.584670333873532011e-02 3.305036701241151342e-02 9.984015990738971391e-01 1.011828127345319750e+01
9.166846901554172033e-01 3.987504206705556609e-01 2.621604183933202298e-02 -2.207558321278591791e+02 -3.972449240197776232e-01 9.164222140554322271e-01 -4.864972688783119475e-02 -5.442787282822309436e+01 -4.342406216820083459e-02 3.418227026975245025e-02 9.984717939050746782e-01 1.015309975310126767e+01
9.186409217457623955e-01 3.943140046281699562e-01 2.480569789769351829e-02 -2.205174027043500757e+02 -3.928470988420694199e-01 9.183013388554661649e-01 -4.892655707923442704e-02 -5.387008886761974935e+01 -4.207153224527784841e-02 3.520109103925284783e-02 9.984943011175280159e-01 1.018734922014304800e+01
9.200688065380845382e-01 3.910512724224301517e-01 2.350092705369689894e-02 -2.202581927392317311e+02 -3.896237434452776704e-01 9.196627096619035546e-01 -4.913083554157997301e-02 -5.329231400722770928e+01 -4.082560200748162893e-02 3.604723004786460072e-02 9.985158323364747845e-01 1.022861271106802761e+01
9.208023831981726470e-01 3.893679922278142080e-01 2.270545584317797128e-02 -2.200221269169425398e+02 -3.879542798439651885e-01 9.203471037317865200e-01 -4.952459392324792820e-02 -5.271122925061222730e+01 -4.018019222597166151e-02 3.679368534127937240e-02 9.985147855047971088e-01 1.026272401380133736e+01
9.211686620701289296e-01 3.884855036288003549e-01 2.296322037968379776e-02 -2.197914808072553967e+02 -3.870616252893370191e-01 9.207213956797262178e-01 -4.955209143874741290e-02 -5.211009699243589921e+01 -4.039299751572574676e-02 3.675765237137001290e-02 9.985075266335452504e-01 1.030773600441749238e+01
9.210605607204078726e-01 3.888003629365496816e-01 2.194814948497999033e-02 -2.195214295347681173e+02 -3.874166276333282366e-01 9.205758354539165245e-01 -4.948219691507993456e-02 -5.151150648868370752e+01 -3.944363216828379592e-02 3.707302198001805049e-02 9.985338206203344669e-01 1.033657673430747082e+01
9.208532280533296976e-01 3.893127545522403476e-01 2.156180712995477838e-02 -2.192709254382047561e+02 -3.879663625974385521e-01 9.203761177587325149e-01 -4.888663776817379902e-02 -5.090058443923113884e+01 -3.887716394845566747e-02 3.665216231426059179e-02 9.985715723577424097e-01 1.037979164509378549e+01
9.207560754451656893e-01 3.895250264712201704e-01 2.187471790473256156e-02 -2.190068058777711997e+02 -3.881787246830001314e-01 9.203023326933402748e-01 -4.858903315230724690e-02 -5.029914677685082580e+01 -3.905799833959762435e-02 3.624734737593399841e-02 9.985792920814612339e-01 1.040971114131844644e+01
9.205562991937601414e-01 3.898870085224427906e-01 2.375332819015293917e-02 -2.187421909153797799e+02 -3.884717568087107664e-01 9.201769653617692946e-01 -4.862146212897201086e-02 -4.969635219967901207e+01 -4.081414187070923905e-02 3.553129610675345024e-02 9.985347929943813039e-01 1.044974481813767220e+01
9.203718087933646652e-01 3.901979319743333896e-01 2.571589900010766427e-02 -2.184659137774211501e+02 -3.887118410086493059e-01 9.200734951054432287e-01 -4.866074664573522002e-02 -4.907572323065841147e+01 -4.264783978230049510e-02 3.478990496404664456e-02 9.984842634085405733e-01 1.048270371549916824e+01
9.200235821829342298e-01 3.909593534034945250e-01 2.659684593336520894e-02 -2.182157660600034887e+02 -3.894262439670052034e-01 9.197515430968605799e-01 -4.903365661149857585e-02 -4.845749664220821273e+01 -4.363265677256257524e-02 3.475461059003930736e-02 9.984429419379469151e-01 1.052036685159425922e+01
9.197242224574971869e-01 3.915294828968681751e-01 2.849594089450683057e-02 -2.179510804392483010e+02 -3.899270103262216791e-01 9.195348263268000588e-01 -4.911852797261233305e-02 -4.783513746304732450e+01 -4.543436191922135825e-02 3.406416290843994332e-02 9.983863738865532689e-01 1.055489674089351837e+01
9.195817821191913932e-01 3.917643199455656533e-01 2.983393390219221675e-02 -2.176873576557397882e+02 -3.901194662405062519e-01 9.194565566916108601e-01 -4.905550343263299223e-02 -4.720398187897804831e+01 -4.664920208014759762e-02 3.347174889955698701e-02 9.983503863728858674e-01 1.059715173910912256e+01
9.192216079268804574e-01 3.924668317829931308e-01 3.164524404298820620e-02 -2.174161285282355891e+02 -3.907404310850223217e-01 9.191691493730601570e-01 -4.949737726684122485e-02 -4.656610011862188969e+01 -4.851341088618108671e-02 3.313398242024126472e-02 9.982728024809469636e-01 1.063220972665145680e+01
9.192500225105468825e-01 3.923218498600418713e-01 3.260310164315505937e-02 -2.171170324388459676e+02 -3.905337884589435427e-01 9.192241417390071279e-01 -5.010326652116468826e-02 -4.593122427386622064e+01 -4.962616433157285983e-02 3.332481607721921035e-02 9.982117513068834436e-01 1.064872460515882402e+01
9.188544761673398398e-01 3.931096672013953963e-01 3.422340105909649211e-02 -2.168557633426183315e+02 -3.912759931497388211e-01 9.189168805491374492e-01 -4.994861185786649005e-02 -4.529049376830252527e+01 -5.108374312762456460e-02 3.250471034558588546e-02 9.981652643692928706e-01 1.069639876969511505e+01
9.187762589269643509e-01 3.933307487588237339e-01 3.378029178374406666e-02 -2.165700597534586507e+02 -3.914918755870646083e-01 9.188038106954504736e-01 -5.033556198992068104e-02 -4.463868379021246113e+01 -5.083598510399995468e-02 3.302240954778935117e-02 9.981609204362611454e-01 1.074428506936834182e+01
9.188246994354332120e-01 3.931034459283297977e-01 3.508350761623675595e-02 -2.162938036145740739e+02 -3.911966262881649836e-01 9.189030612345283622e-01 -5.081696207537717003e-02 -4.400363679519831805e+01 -5.221466545084486877e-02 3.296733008730327874e-02 9.980915708785297324e-01 1.076837276741884253e+01
9.186394829966824105e-01 3.934411077040671501e-01 3.613301880807574112e-02 -2.159836296121703185e+02 -3.915127630674105630e-01 9.187817575570140782e-01 -5.057507623094464194e-02 -4.332817818830866941e+01 -5.309667254084497051e-02 3.231372384979633999e-02 9.980664139304805671e-01 1.081630471141621186e+01
9.183041081398246597e-01 3.941306181941159892e-01 3.712978286288627638e-02 -2.157197246774639439e+02 -3.921821935486304866e-01 9.185082505525670182e-01 -5.035594036702365633e-02 -4.269194310425667993e+01 -5.395082980738744038e-02 3.168042721913077314e-02 9.980409102307918889e-01 1.085460734535917382e+01
9.180166989148470513e-01 3.947467254341453513e-01 3.768770718028077032e-02 -2.154497597595122897e+02 -3.928307266083476135e-01 9.182809264136437832e-01 -4.943845079751018473e-02 -4.204350147622966460e+01 -5.412356922676862109e-02 3.058043400476204848e-02 9.980658677212820296e-01 1.088378391554174307e+01
9.179122514543949229e-01 3.949831597980645315e-01 3.775449782291104284e-02 -2.151464908220367249e+02 -3.930721837814018516e-01 9.181845316678831637e-01 -4.930947315830817856e-02 -4.136668605152741662e+01 -5.414200741793209759e-02 3.042152661795088919e-02 9.980697238925695380e-01 1.091858258219993871e+01
9.177804961859028499e-01 3.954258187933865631e-01 3.629576631423754585e-02 -2.148670241124871723e+02 -3.935865603130989099e-01 9.179912047799269059e-01 -4.880335529040639997e-02 -4.071436336059798577e+01 -5.261730097279111729e-02 3.050524181641729379e-02 9.981487112950958585e-01 1.096571996288643369e+01
9.175826840909093729e-01 3.958515571376720055e-01 3.665463910888801941e-02 -2.145847411721374556e+02 -3.939694097859560151e-01 9.177947197626171727e-01 -4.940603737160491338e-02 -4.005729427740219251e+01 -5.319889105449356753e-02 3.089331784608717948e-02 9.981059467326265366e-01 1.099675755583763959e+01
9.172748691263092891e-01 3.965623106164049561e-01 3.667626300333983597e-02 -2.143147419113600165e+02 -3.946520358920168614e-01 9.174734199660864453e-01 -4.992288274949058247e-02 -3.941704058196130944e+01 -5.344703018501969355e-02 3.131864387726793209e-02 9.980794344690658848e-01 1.102231407550094566e+01
9.169961011968619236e-01 3.973815727543125176e-01 3.472802938641329773e-02 -2.140276674330827973e+02 -3.955783594557668037e-01 9.171215418453957380e-01 -4.904935283373429433e-02 -3.874721481441086723e+01 -5.134113282777010012e-02 3.124040842295457143e-02 9.981924288239859555e-01 1.106487920952124782e+01
9.171383191459486772e-01 3.970828852260899211e-01 3.438729147036557326e-02 -2.137422606213719689e+02 -3.953007505092090978e-01 9.172521255097978443e-01 -4.884521363054990933e-02 -3.809323294656596204e+01 -5.093741454962125853e-02 3.120449500123289449e-02 9.982142351673402025e-01 1.109759518583418370e+01
9.169323566634416389e-01 3.976386454280479987e-01 3.344489446498807861e-02 -2.134557143652465925e+02 -3.958998819255682977e-01 9.170082005143056492e-01 -4.857204629039195420e-02 -3.744104152990721701e+01 -4.998336518230947489e-02 3.129645110331299995e-02 9.982595831512912632e-01 1.113073236867678339e+01
9.169954481125849322e-01 3.976344422103439968e-01 3.172063222680419903e-02 -2.131742697927475945e+02 -3.959849787828874645e-01 9.170091468377745691e-01 -4.785521073167403605e-02 -3.678679865859870546e+01 -4.811698992160420851e-02 3.132211653010277819e-02 9.983504796898526878e-01 1.117350911522243884e+01
9.168730449089773638e-01 3.979883267039117656e-01 3.080765045830000798e-02 -2.128764567253006987e+02 -3.964013030001374838e-01 9.168661623939711180e-01 -4.714283865811877416e-02 -3.613257628432151591e+01 -4.700879172169356718e-02 3.101180524207910669e-02 9.984129613724441743e-01 1.122186670013581811e+01
9.165982596553455819e-01 3.987093082126158539e-01 2.963980332945793938e-02 -2.126081406095745194e+02 -3.971757544557957820e-01 9.165498665695752667e-01 -4.677351989922406972e-02 -3.549254768494077439e+01 -4.581539554845177886e-02 3.110031568828459936e-02 9.984656828829060471e-01 1.125935245402805762e+01
9.166611253407482840e-01 3.986131251439744005e-01 2.898202463574860166e-02 -2.123221165351410775e+02 -3.971310708405896284e-01 9.166039246050928790e-01 -4.608858830066075996e-02 -3.483595735090535328e+01 -4.493655374012905934e-02 3.073795473832694955e-02 9.985168422597913152e-01 1.129721151359422393e+01
9.166957355693714504e-01 3.985859948691771182e-01 2.825124923038526900e-02 -2.120438808419959571e+02 -3.971575304065881884e-01 9.166274504916339660e-01 -4.538736659630183273e-02 -3.419617002099255387e+01 -4.398663922453080466e-02 3.038620903231279563e-02 9.985699043484014270e-01 1.132573404587647836e+01
9.166288705761638234e-01 3.987984464507082216e-01 2.741008454507034772e-02 -2.117669751371776670e+02 -3.974130834114422695e-01 9.165365280214016197e-01 -4.498481894911400547e-02 -3.356188688457572056e+01 -4.306221963248489659e-02 3.034125757077485788e-02 9.986115627857248267e-01 1.135479050620516972e+01
9.169043352014227821e-01 3.982525098077874803e-01 2.610322816502183216e-02 -2.114654832040369286e+02 -3.969155517266227395e-01 9.167617778166301523e-01 -4.478713578743569179e-02 -3.289984606586418181e+01 -4.176703109376699030e-02 3.070474175578900844e-02 9.986554630839019620e-01 1.140359678569794966e+01
9.169779103600800285e-01 3.980252524886899179e-01 2.697054491432659268e-02 -2.111937777673405776e+02 -3.966275740694217289e-01 9.168469608658722514e-01 -4.558747458259766044e-02 -3.226050152179612951e+01 -4.287282821865701782e-02 3.110544538064392156e-02 9.985962006077357955e-01 1.145972530255783361e+01
9.169776001400999910e-01 3.979832421161918488e-01 2.759383692036022212e-02 -2.109015970395591069e+02 -3.965028185863949117e-01 9.168277801501518720e-01 -4.703548020366273702e-02 -3.161711927183411319e+01 -4.401812915546481769e-02 3.218944764405568676e-02 9.985120148330832723e-01 1.148034778440950276e+01
9.170322079416066696e-01 3.979299015358288005e-01 2.652777905191861657e-02 -2.106213569677629494e+02 -3.964318099150975772e-01 9.167958288912050335e-01 -4.824135378623050502e-02 -3.094766811633771297e+01 -4.351723434665625417e-02 3.372241971409924849e-02 9.984833742849423821e-01 1.149968908396870049e+01
9.171938132519360520e-01 3.975848802106008439e-01 2.611076330356695840e-02 -2.103321417449064086e+02 -3.961317236030063582e-01 9.169628058745892263e-01 -4.752757302778864296e-02 -3.028920113595972197e+01 -4.283884321131994910e-02 3.324869426793521793e-02 9.985285964066293873e-01 1.153201108580988077e+01
9.171839269002544093e-01 3.975954774021027704e-01 2.629601842908505654e-02 -2.100513223688300855e+02 -3.962080654118466105e-01 9.170154873836884324e-01 -4.584500846393555623e-02 -2.962089957173222032e+01 -4.234162418271978506e-02 3.162961030190575978e-02 9.986024006649086848e-01 1.157747826921724865e+01
9.174667998424876902e-01 3.969201431999492824e-01 2.662838915361716297e-02 -2.097563142850764280e+02 -3.955537696349644694e-01 9.173345357921252052e-01 -4.510615003096153652e-02 -2.896302593958943206e+01 -4.233068053261311581e-02 3.085043541310133683e-02 9.986272398249849136e-01 1.161156930010465160e+01
9.175385779588179913e-01 3.967221752647074884e-01 2.710117360094894609e-02 -2.094730664489630101e+02 -3.953160076294536807e-01 9.174079083626019981e-01 -4.569446121430283808e-02 -2.831371315732564042e+01 -4.299083703790536337e-02 3.121290321316590871e-02 9.985877741109120409e-01 1.165577301285174805e+01
9.173176839987503550e-01 3.972134103304204022e-01 2.738198818285260752e-02 -2.091818710930226928e+02 -3.957769418075219314e-01 9.171843792692794262e-01 -4.618903287482915843e-02 -2.764054211389990456e+01 -4.346123510272320578e-02 3.153285711926132051e-02 9.985573593766369216e-01 1.172144067951128932e+01
9.170121881052494262e-01 3.979590735983196126e-01 2.678101206433098486e-02 -2.088944843270805052e+02 -3.965087558289810410e-01 9.168296746967099509e-01 -4.694842006370835569e-02 -2.698336824873272377e+01 -4.323717633444738168e-02 3.243336763723678878e-02 9.985382432567776467e-01 1.175007436787957538e+01
9.170190671655920056e-01 3.979415411620437770e-01 2.680597456398522982e-02 -2.085932742425904109e+02 -3.964543376918454043e-01 9.168103499766250275e-01 -4.777803157371122295e-02 -2.629587494581170048e+01 -4.358885843960323692e-02 3.318602105278364162e-02 9.984982220447948809e-01 1.176361524788896951e+01
9.171456756030964552e-01 3.976602095414816795e-01 2.664896752155191187e-02 -2.082826621297171528e+02 -3.961959995526607714e-01 9.169431768822731144e-01 -4.737024707041823796e-02 -2.560518974332354958e+01 -4.327285131589860001e-02 3.288720292863669264e-02 9.985218536529497646e-01 1.179960960839945017e+01
9.172861931716027595e-01 3.973266178760654355e-01 2.678802986253820545e-02 -2.079724078280730453e+02 -3.958804339842967868e-01 9.171061612700093235e-01 -4.685051706216720319e-02 -2.490654778107964518e+01 -4.318242472527458048e-02 3.237047555651064584e-02 9.985426533238784819e-01 1.184767510521043299e+01
9.172642507151504976e-01 3.973952658221351908e-01 2.651974853063259960e-02 -2.076771175859931020e+02 -3.959569760268596972e-01 9.170721652635673848e-01 -4.686914586865277565e-02 -2.423632968057455628e+01 -4.294609988856223914e-02 3.249071253368684964e-02 9.985489402645295609e-01 1.190469445718344588e+01
9.169151817568841345e-01 3.981740493699610917e-01 2.690679973664578464e-02 -2.073707250564481512e+02 -3.967023218688577324e-01 9.167255013281699894e-01 -4.734578163334812739e-02 -2.352478608487663436e+01 -4.351801107124943224e-02 3.273807604217539302e-02 9.985160995644783988e-01 1.193256738366770442e+01
9.169831895792007748e-01 3.980657257356166601e-01 2.618220815233712057e-02 -2.070658500284518766e+02 -3.966070969153188686e-01 9.167537061892133687e-01 -4.759677367999030906e-02 -2.284084498542948438e+01 -4.294928061747172593e-02 3.326139177662584823e-02 9.985234294254309306e-01 1.196424953371849753e+01
9.169862226107752257e-01 3.980908643607381503e-01 2.568912716583199654e-02 -2.067560644383118529e+02 -3.966593523702407476e-01 9.167440767590819828e-01 -4.734612871565719444e-02 -2.212936680685181301e+01 -4.239841647093804677e-02 3.322591518165837060e-02 9.985481524899528782e-01 1.200960950058387944e+01
9.168685383734226368e-01 3.983560689767361995e-01 2.577839503121752765e-02 -2.064585542655089512e+02 -3.969332695124029864e-01 9.166397479970447293e-01 -4.706964994673679126e-02 -2.143237306405894671e+01 -4.237998224607661402e-02 3.292437852588976643e-02 9.985589228500770798e-01 1.205523907222258373e+01
9.165801589069473287e-01 3.990737492968456368e-01 2.491896707878601958e-02 -2.061454582261063706e+02 -3.977038573262755006e-01 9.163359375221499237e-01 -4.647678423905907824e-02 -2.074374313441968809e+01 -4.138180960176482404e-02 3.268932895550099443e-02 9.986085086792132470e-01 1.210733648922020755e+01
9.164049933565671102e-01 3.994446808423027795e-01 2.541328585486419059e-02 -2.058400748266155631e+02 -3.980503694307865326e-01 9.161755299383849138e-01 -4.667228019000010247e-02 -2.004859293390923014e+01 -4.192602470023298888e-02 3.265494279447401366e-02 9.985869332030762324e-01 1.212952542163907133e+01
9.161997145485666350e-01 3.999325984833235204e-01 2.513960483981033181e-02 -2.055245834949848245e+02 -3.985390104419346269e-01 9.159531653031280918e-01 -4.686636456077993007e-02 -1.934293976243628777e+01 -4.177008758775357933e-02 3.291983659675634666e-02 9.985847706335974072e-01 1.217073998299320259e+01
9.164171292667906421e-01 3.994008529632204763e-01 2.566327801872076569e-02 -2.052172066377695216e+02 -3.980114581954037334e-01 9.162081738211541593e-01 -4.636228390053835635e-02 -1.863879879041894227e+01 -4.203004082299472560e-02 3.227291241207820571e-02 9.985949803563303195e-01 1.222524394962822569e+01
9.163170675889977801e-01 3.993869333106953579e-01 2.920803221338851008e-02 -2.049105221913625030e+02 -3.978602044326381981e-01 9.162455436337177961e-01 -4.691866899404134594e-02 -1.794120927168903279e+01 -4.550043267837707017e-02 3.137166352030495986e-02 9.984715966686530386e-01 1.228635050994700606e+01
9.161765335097512564e-01 3.993208896312466227e-01 3.410845276709766061e-02 -2.046053020394327575e+02 -3.975622052334911172e-01 9.162893571165112716e-01 -4.856034395362120171e-02 -1.725152806003052319e+01 -5.064437200656216054e-02 3.092961589028016267e-02 9.982377003724817177e-01 1.232962757138517063e+01
9.160623801217613327e-01 3.995741486495719696e-01 3.420841207398378492e-02 -2.042985913537475824e+02 -3.977956001506145478e-01 9.161705011013151490e-01 -4.889042250356943203e-02 -1.655839040994251476e+01 -5.087608698068363244e-02 3.117872099260842605e-02 9.982181681029448361e-01 1.236407639526908397e+01
9.155657730404315187e-01 4.008231355722468581e-01 3.286531951631124771e-02 -2.039993021308692107e+02 -3.990822824509503985e-01 9.156057391545505686e-01 -4.898430627240583923e-02 -1.584902167253153316e+01 -4.972571840221962081e-02 3.173238751309526151e-02 9.982586881726108752e-01 1.237626004720604378e+01
9.155457208017300230e-01 4.008974471784655380e-01 3.251568802024690924e-02 -2.037013008110641863e+02 -3.991638382419070430e-01 9.155659733498416886e-01 -4.906300728599603117e-02 -1.515865079297179108e+01 -4.943949192325141490e-02 3.194033953711961776e-02 9.982662727692568350e-01 1.241663859547770343e+01
9.155721714057288851e-01 4.008371893718685741e-01 3.251379036438845072e-02 -2.033938674216713309e+02 -3.990753555770542582e-01 9.155738321080291175e-01 -4.963283721556079747e-02 -1.446186102554443842e+01 -4.966346261031712173e-02 3.246699209165195693e-02 9.982381654224978806e-01 1.245372335126063845e+01
9.155874867509510295e-01 4.008369323065366641e-01 3.208282724701824740e-02 -2.030857060082916803e+02 -3.990610780884998321e-01 9.155491146956327153e-01 -5.020034397180490882e-02 -1.377298809748089958e+01 -4.949555596133170532e-02 3.315979914185591959e-02 9.982237312651660588e-01 1.251312798202188681e+01
9.152832644180600719e-01 4.016162989500401959e-01 3.099829501587879343e-02 -2.027793907176603057e+02 -3.998431878021368457e-01 9.151699396229925343e-01 -5.088621403359986500e-02 -1.308651069319427229e+01 -4.880544072585148163e-02 3.418084299896931993e-02 9.982232710808915943e-01 1.254730530047484294e+01
9.148812033264008825e-01 4.025962984777182729e-01 3.014306308384568853e-02 -2.024834005283211411e+02 -4.008198092642726307e-01 9.147047684686939739e-01 -5.156226373991942835e-02 -1.238838130899891787e+01 -4.833078006186973530e-02 3.509140910070276953e-02 9.982147708313768852e-01 1.259432274353360803e+01
9.151382023829455203e-01 4.020795852835809536e-01 2.922460671240221380e-02 -2.021849354781750492e+02 -4.003181140330636656e-01 9.149035967798023750e-01 -5.193087883323235093e-02 -1.170521330722891484e+01 -4.761804402032989575e-02 3.582479166114394681e-02 9.982229741826790237e-01 1.261702827595263265e+01
9.149862871995981806e-01 4.024556388751586167e-01 2.880196129228583535e-02 -2.018815491570077540e+02 -4.007063397485506884e-01 9.147301220292889390e-01 -5.199262580021541541e-02 -1.100254450694586517e+01 -4.727074700079822445e-02 3.603141115568584546e-02 9.982320441100438480e-01 1.266469145644826888e+01
9.156135034400159078e-01 4.010356914985221399e-01 2.867553770380221884e-02 -2.015701583051430532e+02 -3.992711338699062029e-01 9.153330739486190692e-01 -5.242065808449282438e-02 -1.030400303997719469e+01 -4.727022293727298902e-02 3.654774794804731275e-02 9.982132979195310618e-01 1.269113856850058575e+01
9.163081437690798747e-01 3.995841309750907122e-01 2.668160293807193134e-02 -2.012694610104221908e+02 -3.979161442303139617e-01 9.159508149867806592e-01 -5.193117258383717072e-02 -9.634611901922186306e+00 -4.518990842371069933e-02 3.696791579104577452e-02 9.982941677575416506e-01 1.274958668095683301e+01
9.166215386564191547e-01 3.988739235034021169e-01 2.654332345696089335e-02 -2.009571472853820922e+02 -3.972151003323097784e-01 9.162597710126717532e-01 -5.184781665412085266e-02 -8.933826733810679599e+00 -4.500132152650448969e-02 3.698141658736649878e-02 9.983021866589594229e-01 1.280424833392526907e+01
9.170136875683897459e-01 3.980385221699056508e-01 2.551924138804274184e-02 -2.006562269876226026e+02 -3.964181017539940566e-01 9.166047470223630533e-01 -5.185003700895245843e-02 -8.249379288700769308e+00 -4.402936990218788565e-02 3.743090440888711262e-02 9.983287744932273222e-01 1.284172516471649317e+01
9.173381132863130949e-01 3.972270972555710378e-01 2.648431834540235230e-02 -2.003661482418725086e+02 -3.955567009848207638e-01 9.169587743792240175e-01 -5.216802080735273572e-02 -7.578998732388614101e+00 -4.500757956514229996e-02 3.737966418875895980e-02 9.982870721825576332e-01 1.288894848566280338e+01
9.176850204163343738e-01 3.964884920253193279e-01 2.551624962568502936e-02 -2.000699113407654295e+02 -3.948691325827387022e-01 9.172734287282194865e-01 -5.184423866286036464e-02 -6.873026097598216033e+00 -4.396102179007551486e-02 3.750110185933745732e-02 9.983291520948930353e-01 1.295078410577271377e+01
9.179578381232618156e-01 3.957841249979771603e-01 2.661454165776652031e-02 -1.997736243324139025e+02 -3.941061777349629813e-01 9.175790205895214546e-01 -5.224042156331027559e-02 -6.196884663092587786e+00 -4.509687460573263279e-02 3.746554915599382279e-02 9.982798227587466044e-01 1.298696884052446165e+01
9.182806043875394453e-01 3.948981201037638500e-01 2.856932523124519618e-02 -1.994925708745882957e+02 -3.931157475752978248e-01 9.179646994142652838e-01 -5.292277050185727194e-02 -5.508328369652058853e+00 -4.712473463023474085e-02 3.736690203630577134e-02 9.981898486852283092e-01 1.303311102097774388e+01
9.186782356686702400e-01 3.940636098834592871e-01 2.727949182657117208e-02 -1.992008881444192241e+02 -3.923296601396384919e-01 9.183002982056940322e-01 -5.293392192204601082e-02 -4.833032335722248440e+00 -4.591009783713072279e-02 3.792668824126766564e-02 9.982253399085974088e-01 1.306158849443200509e+01
9.193663336972244249e-01 3.923978226161735083e-01 2.809792288070145361e-02 -1.988881283437886225e+02 -3.906361771982198583e-01 9.190252206708751093e-01 -5.287741327646638956e-02 -4.155956918642054632e+00 -4.657168161109084825e-02 3.763764839805024132e-02 9.982056330711522874e-01 1.311796743562543455e+01
9.198205026835691855e-01 3.913504025423492627e-01 2.784071250682024212e-02 -1.985995755946174484e+02 -3.896118726298524737e-01 9.194760360201910121e-01 -5.259665284460633000e-02 -3.480512397382378609e+00 -4.618258923886571499e-02 3.753240752386737683e-02 9.982276728465588889e-01 1.315576812502186144e+01
9.201864584829646532e-01 3.903619584676809584e-01 2.957064432601547513e-02 -1.983035604042308080e+02 -3.885314740730603233e-01 9.198997471841934281e-01 -5.317658117133769458e-02 -2.800643616737440222e+00 -4.796014261023433256e-02 3.744324387300816681e-02 9.981471976662923407e-01 1.320750506145380676e+01
9.204610715086880557e-01 3.896377603754406227e-01 3.055865714799362726e-02 -1.980117912250559300e+02 -3.877440106678304854e-01 9.202004508521994808e-01 -5.371882763644611480e-02 -2.130274977891085886e+00 -4.905097377528070540e-02 3.759715336324749579e-02 9.980884009097977794e-01 1.324772428972170601e+01
9.205272716971222291e-01 3.893852133892944378e-01 3.176000087572532909e-02 -1.977138132387682958e+02 -3.874339488202654946e-01 9.203163735670354395e-01 -5.396950848355727692e-02 -1.457124763455770688e+00 -5.024417740781868952e-02 3.737550184538632192e-02 9.980373712934887953e-01 1.328821250546633159e+01
9.203398193687892803e-01 3.898552014057370951e-01 3.142513040731116647e-02 -1.974334449373014877e+02 -3.879077433378030348e-01 9.201066418127676894e-01 -5.414194631341258390e-02 -7.742325167389804141e-01 -5.002199059211343002e-02 3.763893766996458112e-02 9.980386319317899879e-01 1.333329880022367853e+01
9.201577142272991949e-01 3.902729549790192598e-01 3.157216432138420376e-02 -1.971313192379359975e+02 -3.883241270765218633e-01 9.199359864894085526e-01 -5.405694305097336061e-02 -1.014610396187302643e-01 -5.014133303223421850e-02 3.748068000588090920e-02 9.980385991273320601e-01 1.337569083520772573e+01
9.199262616299694884e-01 3.907793428107278477e-01 3.204962395917507895e-02 -1.968554096496208388e+02 -3.888111111611985415e-01 9.197286303133852536e-01 -5.408480765851428340e-02 5.577101204046863714e-01 -5.061218233886998624e-02 3.729278501640756471e-02 9.980218710953266958e-01 1.341914616885967249e+01
9.197188118121245592e-01 3.913670548368090585e-01 3.080804419718773113e-02 -1.965575373843932994e+02 -3.894589933955938110e-01 9.194706441498859961e-01 -5.380917217245197171e-02 1.227683133398330462e+00 -4.938622947932566620e-02 3.749083801351787981e-02 9.980758675586037798e-01 1.347694406356555419e+01
9.194093598657638866e-01 3.921523752663451656e-01 3.004901935487777273e-02 -1.962795876679288938e+02 -3.902390599541882832e-01 9.190993671176718172e-01 -5.449614160623372089e-02 1.903415518109603521e+00 -4.898882604531047680e-02 3.837796160374865734e-02 9.980617350574279012e-01 1.351324915830420892e+01
9.191015003944014161e-01 3.929033309267958018e-01 2.965475542621930083e-02 -1.960046078129912814e+02 -3.909821459618958994e-01 9.187557166738373748e-01 -5.496266567565895322e-02 2.568170936754001765e+00 -4.884049049498574713e-02 3.892178857365562183e-02 9.980479451721930850e-01 1.355031943458966737e+01
9.188404829153804521e-01 3.935608022175885456e-01 2.901830308061971453e-02 -1.957181776318653874e+02 -3.916639196768591513e-01 9.184648910353294671e-01 -5.496924557258484056e-02 3.236243661456279508e+00 -4.828603296181366300e-02 3.914254582048140585e-02 9.980662904474342234e-01 1.358889153961560758e+01
9.180596036386614589e-01 3.953974804042141300e-01 2.876450341693561480e-02 -1.954330899497298333e+02 -3.935160810495375583e-01 9.176806703775580720e-01 -5.483868316078896465e-02 3.892719983722348065e+00 -4.807970592919199454e-02 3.902588506869152096e-02 9.980808194592097893e-01 1.364475762965653161e+01
9.168804567690308494e-01 3.981592234700677690e-01 2.827473714689278730e-02 -1.951410499347419147e+02 -3.962635133009040911e-01 9.164571214804677624e-01 -5.551191326336505499e-02 4.569701448136964217e+00 -4.801516449453741009e-02 3.969354170954966093e-02 9.980575968976513890e-01 1.367438743258981759e+01
9.152299615115816467e-01 4.019878487013672785e-01 2.756604882741592322e-02 -1.948387352925146558e+02 -4.001263498755841530e-01 9.147871783947505442e-01 -5.534728882079509305e-02 5.225495061822449827e+00 -4.746600559084838966e-02 3.962559451942063160e-02 9.980865646687325787e-01 1.373056462845160297e+01
9.132025374232918269e-01 4.065912119853871687e-01 2.728941149814728684e-02 -1.945580229999311825e+02 -4.047046660194204559e-01 9.127277027509138607e-01 -5.605598927098576212e-02 5.874229735370234629e+00 -4.769967448285830636e-02 4.014631947381279431e-02 9.980546147816440339e-01 1.374910461982460319e+01
9.116146283082307011e-01 4.101706675142940406e-01 2.681031453237463225e-02 -1.942519946297736340e+02 -4.083155426856021619e-01 9.111362437418630833e-01 -5.575986855553499710e-02 6.530142895080673249e+00 -4.729891178249878703e-02 3.988444371991160808e-02 9.980841868767106329e-01 1.381192129941371860e+01
9.096248051371289556e-01 4.145418704598957116e-01 2.716158159701290500e-02 -1.939445671333118639e+02 -4.126690202751301384e-01 9.091708109725364917e-01 -5.579172143521374250e-02 7.165823233910692203e+00 -4.782252172778390931e-02 3.954079047200896591e-02 9.980729093129641072e-01 1.385396647170106199e+01
9.080527229086503560e-01 4.179623634144422617e-01 2.734438127293488743e-02 -1.936232402579435927e+02 -4.161114813302335680e-01 9.076396357987861485e-01 -5.515003746331986756e-02 7.831941105908843070e+00 -4.786948426027397285e-02 3.870083068954204009e-02 9.981035808875724502e-01 1.393793188133816585e+01
9.061926580775861995e-01 4.219741746861790932e-01 2.743469234740961160e-02 -1.933273675335183270e+02 -4.200864785178310412e-01 9.057667922584377029e-01 -5.580204842430142032e-02 8.464647545120426386e+00 -4.839645661375310826e-02 3.904246329034848084e-02 9.980648621444675461e-01 1.396948858465077592e+01
9.049002167466712043e-01 4.247292959143701419e-01 2.757939310265689753e-02 -1.930223788270208161e+02 -4.227827847495897462e-01 9.044453797696885289e-01 -5.686186712240529767e-02 9.086534931793416092e+00 -4.909495545582571313e-02 3.979422326604006160e-02 9.980010546805263560e-01 1.399001783999593940e+01
9.041719815182146514e-01 4.262720320878421454e-01 2.766193227392155576e-02 -1.927257019196008798e+02 -4.243284908142842538e-01 9.037301812382507737e-01 -5.671940939705234774e-02 9.724473961770529584e+00 -4.917682096981509932e-02 3.954635481027558852e-02 9.980068767801765217e-01 1.403309251720124529e+01
9.042908303296263162e-01 4.260121066664729894e-01 2.778091350817301491e-02 -1.924045912194529819e+02 -4.240825840769749111e-01 9.038692054909319706e-01 -5.634200251843182045e-02 1.036549991225050782e+01 -4.911268740712950581e-02 3.916815465126165935e-02 9.980249493859681964e-01 1.406993851484835112e+01
9.042390585936588288e-01 4.260841108241132935e-01 2.835587094198146335e-02 -1.921047017880915178e+02 -4.241189255401030533e-01 9.038356557194345831e-01 -5.660604604570267095e-02 1.100815820934498568e+01 -4.974798400299351026e-02 3.915913627040848444e-02 9.979938377235569869e-01 1.410796561978491148e+01
9.046487224596871934e-01 4.252627941777458176e-01 2.760878193966521260e-02 -1.918050742983645591e+02 -4.233516492002673548e-01 9.042260895913108998e-01 -5.611203098997883526e-02 1.163916104869596779e+01 -4.882694001746935158e-02 3.907345378313490519e-02 9.980426820221606210e-01 1.418278451959469066e+01
9.050495488225422935e-01 4.243884572048246540e-01 2.792403207671361604e-02 -1.915160780498983968e+02 -4.224618760282032870e-01 9.046377053160050696e-01 -5.618349778470320410e-02 1.226461335932611796e+01 -4.910476024626960617e-02 3.905201034391778125e-02 9.980298908395754953e-01 1.421589607268647448e+01
9.059946890822404564e-01 4.224321251112257425e-01 2.692068031807891282e-02 -1.912153954758047405e+02 -4.205471753131624357e-01 9.055309121261226890e-01 -5.615906445225568588e-02 1.289822031216073839e+01 -4.810090114431041231e-02 3.955839807229416527e-02 9.980588341631264626e-01 1.426631822996298737e+01
9.065403426235020268e-01 4.212985029095110967e-01 2.630928813685886464e-02 -1.909242541869932097e+02 -4.194310747087004465e-01 9.060387779497056648e-01 -5.631435358865951452e-02 1.351464128506735385e+01 -4.756238813146539818e-02 4.001630039882086293e-02 9.980663880412079525e-01 1.429591897173748727e+01
9.069988734096845473e-01 4.203187617795317577e-01 2.617598383412262503e-02 -1.906290993859016965e+02 -4.184450763862135325e-01 9.064786582090920142e-01 -5.656995898513677429e-02 1.415867241508334828e+01 -4.750538581780994890e-02 4.035567751339739356e-02 9.980554381449637802e-01 1.432922004174598563e+01
9.076621282743988495e-01 4.189111387013414456e-01 2.574720894260641713e-02 -1.903485816704603906e+02 -4.170749368525251688e-01 9.071353350855656528e-01 -5.616031417879217835e-02 1.479855532209625046e+01 -4.688238417413226333e-02 4.023607474821506991e-02 9.980897255973558702e-01 1.437442726315077479e+01
9.084522132474163181e-01 4.171929200656848691e-01 2.578068449319962513e-02 -1.900481186723029055e+02 -4.153997694245941119e-01 9.079606311539165642e-01 -5.523154747583600144e-02 1.543788801239055175e+01 -4.645005713521604268e-02 3.946593115141963648e-02 9.981406877141550948e-01 1.442453577687232524e+01
9.091310005449335652e-01 4.157136720686153697e-01 2.574813980457019841e-02 -1.897569724749245097e+02 -4.139383884173414851e-01 9.086484198527260414e-01 -5.489134443241776989e-02 1.606894165716918366e+01 -4.621508890635332018e-02 3.924527938965235302e-02 9.981602945434194796e-01 1.449003815016292940e+01
9.102754941277357847e-01 4.131631589636824420e-01 2.635770979537922082e-02 -1.894642176021183673e+02 -4.113513406971339159e-01 9.098045049672596196e-01 -5.518910443149121353e-02 1.669005281199726909e+01 -4.678246783974714801e-02 3.939501004480765872e-02 9.981279646850861331e-01 1.453439907541513954e+01
9.111766666539602433e-01 4.111839066097872641e-01 2.617015648580425791e-02 -1.891754691295869577e+02 -4.093461620369657772e-01 9.106636029177305192e-01 -5.592425186360718004e-02 1.731666754703343969e+01 -4.682736134979099962e-02 4.024422028082733083e-02 9.980919802117459438e-01 1.457625069206997992e+01
9.122387007103385237e-01 4.088631407466048473e-01 2.552420547510531740e-02 -1.889098450734689152e+02 -4.070752714955309659e-01 9.117105987821311208e-01 -5.543922262412945279e-02 1.793847607692978130e+01 -4.593774333979821350e-02 4.018353154154084839e-02 9.981357660807956833e-01 1.461828344406447577e+01
9.131725331019795444e-01 4.066896072285020591e-01 2.682327646729198295e-02 -1.886177070048118196e+02 -4.049530172298240749e-01 9.127854611445931354e-01 -5.325181461240859060e-02 1.859045297439460498e+01 -4.614085634853148238e-02 3.776592770447054215e-02 9.982207952552606400e-01 1.462034123986084566e+01
9.145239018340003412e-01 4.034286746575403426e-01 2.985527488361504680e-02 -1.883487092332661064e+02 -4.016863033659406335e-01 9.143527809172593557e-01 -5.105982488297167859e-02 1.922104397880103122e+01 -4.789725109566599082e-02 3.470297527496269546e-02 9.982492458522290724e-01 1.467710551750685610e+01
9.153597593195850202e-01 4.016015327475453978e-01 2.885688675539452297e-02 -1.880701399630658273e+02 -3.998877962924758389e-01 9.151328110688489170e-01 -5.120242652036920139e-02 1.983358381384183389e+01 -4.697085686613346189e-02 3.532912396378763698e-02 9.982713016035332787e-01 1.471717771652452988e+01
9.156769313280364031e-01 4.011827449427648462e-01 2.425206370309753584e-02 -1.878013356650180583e+02 -3.995363144028378777e-01 9.151540607598507293e-01 -5.351428359001059870e-02 2.046663183408251285e+01 -4.366338176398230214e-02 3.931221483132076727e-02 9.982725373654174339e-01 1.478128651086976042e+01
9.160521629345431682e-01 4.004982818721075644e-01 2.120285359179487072e-02 -1.875432746324933930e+02 -3.988905088583708514e-01 9.153150775399472305e-01 -5.553981248393277670e-02 2.108649490485203870e+01 -4.165089105475597298e-02 4.241974829640496325e-02 9.982313199999359732e-01 1.480948838148992941e+01
9.163418498862592187e-01 3.999015446014649311e-01 1.990901234091928956e-02 -1.872707366828296358e+02 -3.983415648255408947e-01 9.155421324646397796e-01 -5.573689455324350173e-02 2.171840154491266617e+01 -4.051680983700112204e-02 4.314346193182172495e-02 9.982469783641569894e-01 1.482612002998967071e+01
9.171034867563085946e-01 3.980366708006377596e-01 2.209079621394746673e-02 -1.870055086367198101e+02 -3.965628276722004131e-01 9.165638859396068039e-01 -5.146422738093091309e-02 2.236299434335384362e+01 -4.073227575338840556e-02 3.843763376213787941e-02 9.984304833200545737e-01 1.484878949105491230e+01
9.175430401433908312e-01 3.970619153325458117e-01 2.136831478788572825e-02 -1.867292474662598067e+02 -3.957713188311414165e-01 9.171184274713329865e-01 -4.752739402879618824e-02 2.300134978134893871e+01 -3.846859335981659550e-02 3.515146348247398522e-02 9.986413480023533795e-01 1.491057070323739708e+01
9.181589599683824821e-01 3.956397363260344413e-01 2.129138956583847414e-02 -1.864569658557147136e+02 -3.943776969868277860e-01 9.177524228931603911e-01 -4.686920516820761162e-02 2.360722706522801673e+01 -3.808354433537088080e-02 3.463653148916148727e-02 9.986740981607844514e-01 1.498264670442389956e+01
9.186367650381180860e-01 3.945482519343639916e-01 2.093253008690308323e-02 -1.861789513513434713e+02 -3.932761014343061912e-01 9.181937224151401900e-01 -4.747837568895855315e-02 2.422127420142445686e+01 -3.795262785282206563e-02 3.538311762643574915e-02 9.986529091862191843e-01 1.504138877125657814e+01
9.190218963677221353e-01 3.937004515206268818e-01 1.996768562278552345e-02 -1.859097336371190181e+02 -3.924137238571576147e-01 9.184933242048963775e-01 -4.880043769883082166e-02 2.483788376529747310e+01 -3.755294030078450834e-02 3.701307692550808576e-02 9.986089368773304331e-01 1.506619435104015103e+01
9.195398911465549885e-01 3.925036406790113341e-01 1.967944724588191474e-02 -1.856522921379619788e+02 -3.912152005454018200e-01 9.189857530346297043e-01 -4.915132329445150855e-02 2.545905412808046719e+01 -3.737720498382537254e-02 3.749770357096871704e-02 9.985974498137379918e-01 1.509129126239227681e+01
9.199671264833851891e-01 3.914876237367820866e-01 1.994809892774199178e-02 -1.853903713393484622e+02 -3.902169367072275130e-01 9.194486000323371933e-01 -4.842534672465251960e-02 2.608970543147127330e+01 -3.729917555028291337e-02 3.676564101852398264e-02 9.986275878142792939e-01 1.511345029932441797e+01
9.205441510332451616e-01 3.901151821394492902e-01 2.021412038121347954e-02 -1.851361270755906219e+02 -3.888662841222709776e-01 9.200636568617071021e-01 -4.760126463866375807e-02 2.668659771981618434e+01 -3.716825354276247217e-02 3.595847586546482150e-02 9.986618591605537221e-01 1.515860762323974065e+01
9.212689205509448920e-01 3.884163981044748692e-01 1.990672525663073067e-02 -1.848528279901853750e+02 -3.871630399563669722e-01 9.207585581748590764e-01 -4.804641546982790085e-02 2.731169708743847835e+01 -3.699130328390003858e-02 3.655652105029722626e-02 9.986467164368276750e-01 1.520379576606354810e+01
9.216887404476651335e-01 3.874199844983627905e-01 1.989023235874589485e-02 -1.845943179336967432e+02 -3.861508770003927449e-01 9.211596042936843753e-01 -4.850240828381975622e-02 2.794190769848749056e+01 -3.711288083434251261e-02 3.702349293072090819e-02 9.986250022142370009e-01 1.526109965589452777e+01
9.220575731779667716e-01 3.865390962359936400e-01 1.993386129729418643e-02 -1.843288960981522848e+02 -3.852444758380454970e-01 9.215043762196869492e-01 -4.915667242842349655e-02 2.855222010342848193e+01 -3.737011615486444255e-02 3.764587213795204251e-02 9.985921403303477106e-01 1.531915754736645141e+01
9.225195086482932405e-01 3.854680999473716341e-01 1.928989596329587150e-02 -1.840794679112728716e+02 -3.841951871401793062e-01 9.219375477836866395e-01 -4.924648378234741664e-02 2.916362969958887419e+01 -3.676702791407394921e-02 3.801975683201423706e-02 9.986003623816688268e-01 1.533071592803309002e+01
9.230162555158407667e-01 3.843265892444486798e-01 1.827744110221504042e-02 -1.838165861168692459e+02 -3.831441512573125485e-01 9.224502814782040705e-01 -4.781252511733452559e-02 2.978451097798380331e+01 -3.523565539094927063e-02 3.712884324229549782e-02 9.986890895512272603e-01 1.536107290498867428e+01
9.236947189041440076e-01 3.826913198714048669e-01 1.831447415779597493e-02 -1.835675978033436024e+02 -3.815290176099238040e-01 9.231495248132338682e-01 -4.722884244513014113e-02 3.039709439337801555e+01 -3.498106616729908941e-02 3.663752901305635662e-02 9.987161841472363966e-01 1.540285134609729845e+01
9.244388663677768347e-01 3.808950161351318808e-01 1.821452804980930665e-02 -1.832963021194599378e+02 -3.797565429307194762e-01 9.239080007029356612e-01 -4.667948519867055196e-02 3.104189514998424571e+01 -3.460853146217413023e-02 3.623524417638022271e-02 9.987438393449592500e-01 1.545356621246005346e+01
9.249753764510497689e-01 3.795677958284082165e-01 1.867729448294411926e-02 -1.830504295903342324e+02 -3.784316405588638577e-01 9.244778003082840812e-01 -4.615506647252734518e-02 3.163880824132647618e+01 -3.478572096659309637e-02 3.562422079316765466e-02 9.987596650394497955e-01 1.551117953582559750e+01
9.254881915100493517e-01 3.783217669645356218e-01 1.855392185738420630e-02 -1.828015060074412474e+02 -3.771676219725945134e-01 9.249608925853425312e-01 -4.681807474965828803e-02 3.226042275913525259e+01 -3.487394888733322262e-02 3.633163674482860900e-02 9.987311048828135807e-01 1.553816815814412422e+01
9.258906136255564689e-01 3.773702820747960041e-01 1.783933313998662534e-02 -1.825523500015944762e+02 -3.762389387713627742e-01 9.253333495937550168e-01 -4.693030025261215460e-02 3.287409375047647586e+01 -3.421743053312582133e-02 3.674047272954530236e-02 9.987388573152244930e-01 1.559401348413151212e+01
9.265223333070169431e-01 3.758599586578718066e-01 1.690140115563844303e-02 -1.823032243190558574e+02 -3.747515119872246725e-01 9.259173737174928309e-01 -4.731090055568226704e-02 3.350828642301024729e+01 -3.343157409709997252e-02 3.750078033592885163e-02 9.987372133487300019e-01 1.560882880158465547e+01
9.267434813196593346e-01 3.753646090417623871e-01 1.574579659601536147e-02 -1.820558730193400550e+02 -3.742995965321274099e-01 9.260993288348127184e-01 -4.732700252071879443e-02 3.411988637458453866e+01 -3.234705345784741337e-02 3.796634576350974011e-02 9.987553377689456502e-01 1.563691813394047792e+01
9.268929518464332773e-01 3.750170271745192352e-01 1.522120713318696889e-02 -1.817993994029054932e+02 -3.739777313705847650e-01 9.262381413134322949e-01 -4.715466058778285119e-02 3.473312562398616166e+01 -3.178226323464364289e-02 3.801493003313569097e-02 9.987716219628287595e-01 1.568250611914007919e+01
9.264319440642926340e-01 3.761597874485228532e-01 1.508864884399742021e-02 -1.815648594881727433e+02 -3.751142743706361582e-01 9.257616460913900003e-01 -4.748321587204319683e-02 3.535840073386997062e+01 -3.182976878091409167e-02 3.833000042841203103e-02 9.987580672447714525e-01 1.572632136023481486e+01
9.260336962587609744e-01 3.771536183864672154e-01 1.472214425048042757e-02 -1.813132298123168766e+02 -3.761120500383341447e-01 9.253414191797876276e-01 -4.778057938428725143e-02 3.597265121951328126e+01 -3.164362825749488656e-02 3.870925068160840227e-02 9.987493552950960085e-01 1.577403078231415812e+01
9.255695522338606152e-01 3.783136808310960109e-01 1.413374945435041941e-02 -1.810648681862581668e+02 -3.772818469609202086e-01 9.248447924847879031e-01 -4.817175279690709411e-02 3.658884380667595337e+01 -3.129555769382426356e-02 3.925390056793330584e-02 9.987390647005028876e-01 1.582127420666481044e+01
9.251799921534685778e-01 3.792721912580445109e-01 1.394944648468801097e-02 -1.807946507175738589e+02 -3.782268943016778295e-01 9.244252986251780824e-01 -4.880864358551469107e-02 3.721343510812059918e+01 -3.140698243727470945e-02 3.988072466833691987e-02 9.987107335230321903e-01 1.585486792942363188e+01
9.246286179062447319e-01 3.806140635741070977e-01 1.395899560832529127e-02 -1.805483308598343797e+02 -3.795552182960736376e-01 9.238604294977516007e-01 -4.919088403810119303e-02 3.782131111040550309e+01 -3.161890594260900744e-02 4.018508949642402017e-02 9.986918460512015372e-01 1.587996398213964788e+01
9.240561895289258754e-01 3.820300982043105531e-01 1.315912836348714574e-02 -1.802924765113534704e+02 -3.810058745825152249e-01 9.232692288202719588e-01 -4.907600887636451997e-02 3.844655044970843960e+01 -3.089793078661689715e-02 4.033528454870714125e-02 9.987083571761479206e-01 1.592546386525518898e+01
9.237003976593528565e-01 3.828980133798733365e-01 1.291072088226707243e-02 -1.800233271934772858e+02 -3.818924214726592825e-01 9.229190164312041089e-01 -4.877158528700500234e-02 3.907188050829193315e+01 -3.059009293386100864e-02 4.011982626339696129e-02 9.987265119915925693e-01 1.597299101684264322e+01
9.232491782235123789e-01 3.840071020182990735e-01 1.222704007995260855e-02 -1.797531307049476936e+02 -3.830339488449625018e-01 9.224561638173751632e-01 -4.857591859724855882e-02 3.969193178445583925e+01 -2.993240621540059487e-02 4.016430548185209032e-02 9.987446518621847513e-01 1.601438895131224882e+01
9.231119078802599853e-01 3.843448550733780666e-01 1.197655661241413434e-02 -1.794874749290321176e+02 -3.833749622043163829e-01 9.223029330843567353e-01 -4.879485606937994380e-02 4.033025946966142783e+01 -2.980006517619258194e-02 4.045160074232588554e-02 9.987370144902401048e-01 1.606153922810768719e+01
9.231069405050693621e-01 3.843467818036340189e-01 1.229340101681093006e-02 -1.792206072101558334e+02 -3.833565702807496534e-01 9.222973710826891658e-01 -4.904385095545749085e-02 4.095129561822996322e+01 -3.018801772145714157e-02 4.055996315518846373e-02 9.987209685266945636e-01 1.611445505659584043e+01
9.229019045377807595e-01 3.848341347934737255e-01 1.244038979676649614e-02 -1.789588704314757877e+02 -3.838217095311062810e-01 9.220761331233244817e-01 -4.956309127724180252e-02 4.158541037485446878e+01 -3.054455586771662179e-02 4.096697965551808485e-02 9.986935148907037929e-01 1.614982000380810589e+01
9.227955017326094911e-01 3.851027139839647839e-01 1.201505989357391606e-02 -1.786960290103396289e+02 -3.840946894808131562e-01 9.219395993192652794e-01 -4.998644535942061568e-02 4.222838713546506284e+01 -3.032707527440255124e-02 4.151234622636056776e-02 9.986776224668716395e-01 1.619758273643302715e+01
9.228180576377137401e-01 3.850744576587443735e-01 1.115771287411038495e-02 -1.784259105437492678e+02 -3.841052346480263724e-01 9.219407577697200651e-01 -4.988394410007080532e-02 4.285515678261597117e+01 -2.949578298234817667e-02 4.174806848009015442e-02 9.986926942580685029e-01 1.621817955247438547e+01
9.228090776165885911e-01 3.851070685807409522e-01 1.076810092678783491e-02 -1.781632353308299344e+02 -3.841657832853850874e-01 9.219371399333217143e-01 -4.948293609208466448e-02 4.348246787338985797e+01 -2.898374063414699275e-02 4.152656668586172939e-02 9.987169203724032274e-01 1.627836456081089977e+01
9.228675921195305110e-01 3.849695599659599399e-01 1.066983200969131088e-02 -1.778932615306261482e+02 -3.840473641567361263e-01 9.220140277326939193e-01 -4.896687399046797950e-02 4.411588292020896773e+01 -2.868849071950577492e-02 4.109222023388653389e-02 9.987434104596067952e-01 1.631763864313725065e+01
9.227808019627440350e-01 3.851690609391507092e-01 1.097205651861837827e-02 -1.776335781742016877e+02 -3.842262248216526954e-01 9.219247512150171575e-01 -4.924389562605196308e-02 4.477211901440222164e+01 -2.908263551151633874e-02 4.122556964289935538e-02 9.987265154782477561e-01 1.636413959416081454e+01
9.227438859135528304e-01 3.852434422578633333e-01 1.145474602374896116e-02 -1.773693553148243893e+02 -3.842850162909128287e-01 9.219080817442312226e-01 -4.909699653710726530e-02 4.539887217370514350e+01 -2.947451888409936133e-02 4.090206610898997064e-02 9.987283282878115509e-01 1.641800309246075784e+01
9.225341300081262297e-01 3.857603884657354043e-01 1.094082542199683455e-02 -1.771002809243857143e+02 -3.848289289980138528e-01 9.216928277448842577e-01 -4.887767066750183659e-02 4.604044208465597166e+01 -2.893914954505916182e-02 4.088097325656623454e-02 9.987448481214832308e-01 1.646166973490059249e+01
9.221093607325081543e-01 3.867812460085287563e-01 1.070488606081980258e-02 -1.768304478935211534e+02 -3.858513813836617623e-01 9.212521247884299935e-01 -4.912467869740232834e-02 4.667166778446434705e+01 -2.886240346549819036e-02 4.116783099572949439e-02 9.987352859278086914e-01 1.647633498086555548e+01
9.218135917460820172e-01 3.875071912846205224e-01 9.893370249425182186e-03 -1.765705734402779967e+02 -3.866107964950811215e-01 9.209348551388614190e-01 -4.910279649677076058e-02 4.730876333053818428e+01 -2.813883625217344225e-02 4.143874145131417469e-02 9.987447304498304756e-01 1.651900773272844702e+01
9.215151542310970889e-01 3.882223671876367521e-01 9.654746898037301281e-03 -1.763070380598745430e+02 -3.873359827057660243e-01 9.206315989174858050e-01 -4.907438818764867094e-02 4.793789772419830797e+01 -2.794024022437768123e-02 4.148316152201106388e-02 9.987484619694504406e-01 1.656728244381322313e+01
9.215314503877685137e-01 3.881797875256075003e-01 9.810122465595252569e-03 -1.760269925658792545e+02 -3.872757254670699534e-01 9.206355443412814754e-01 -4.947430605260601938e-02 4.858973493845391545e+01 -2.823647304764539956e-02 4.179290671880218216e-02 9.987272172809866788e-01 1.663141165239424879e+01
9.212020415049371191e-01 3.890128590138422493e-01 7.469554806852721565e-03 -1.757603961162273549e+02 -3.882802282402909033e-01 9.203620424940573974e-01 -4.660659925197786768e-02 4.924315966724221028e+01 -2.500526114248058374e-02 4.003381393326635451e-02 9.988853941554821647e-01 1.666637692287869754e+01
9.205380250012220600e-01 3.906245092299511779e-01 -4.715645842223592163e-03 -1.754945993671043993e+02 -3.905229143155741767e-01 9.198530490840222118e-01 -3.690828477859894180e-02 4.989144913966251949e+01 -1.007957942178972117e-02 3.581704733345941055e-02 9.993075308427293857e-01 1.669540650580466945e+01
9.197404320141454592e-01 3.924798053831683453e-01 -6.094266553358930819e-03 -1.752482696071873534e+02 -3.924448133643068659e-01 9.191188286314887490e-01 -3.475122038913702055e-02 5.053860952157027953e+01 -8.037797079264765929e-03 3.435376575384894299e-02 9.993774124907177647e-01 1.673460569065668935e+01
9.188551648426518392e-01 3.945482797318956569e-01 -6.069678952377837410e-03 -1.749661384441073437e+02 -3.945094027411786275e-01 9.182269290065554479e-01 -3.495193837240950785e-02 5.117753328501084553e+01 -8.216884493631775033e-03 3.451031451308382569e-02 9.993705624048700997e-01 1.679478750280179256e+01
9.173629109831640260e-01 3.980231732488762608e-01 -4.779446556932124245e-03 -1.746884476193194757e+02 -3.978919177882783709e-01 9.165878260798493438e-01 -3.935452757919746802e-02 5.178271939272003976e+01 -1.128323141929935339e-02 3.800408713692410290e-02 9.992138800325122139e-01 1.683909304255556805e+01
9.157195511150389988e-01 4.018051705230081261e-01 3.210708122486121557e-03 -1.744140577351462866e+02 -4.010879048082311993e-01 9.145079944700491570e-01 -5.294922725509602912e-02 5.239807979451431663e+01 -2.421149153221885050e-02 4.719886642012599554e-02 9.985920441734154052e-01 1.687585737476771897e+01
9.144903455704137540e-01 4.045979545775031383e-01 2.811229305105236373e-03 -1.741255036459722874e+02 -4.037927520637167866e-01 9.130671012742003212e-01 -5.709537592081265905e-02 5.300599508055474018e+01 -2.566751330602394521e-02 5.107801603850604250e-02 9.983647705314201426e-01 1.691147082779591315e+01
9.132836030840982833e-01 4.073073475887694639e-01 3.712807284061198435e-03 -1.738491820514741448e+02 -4.064430980728457876e-01 9.118692647376750449e-01 -5.743215175943738177e-02 5.364711948276129050e+01 -2.677813224768168382e-02 5.094279759665044233e-02 9.983425078630842053e-01 1.696315960612229290e+01
9.122118149398369402e-01 4.096948934199287629e-01 4.438354402472925037e-03 -1.735537576824417272e+02 -4.088867602232311715e-01 9.109956924203536088e-01 -5.383740062178296593e-02 5.426271435192695947e+01 -2.610022985183512584e-02 4.729632858049007127e-02 9.985398516356208676e-01 1.701461649598188686e+01
9.118236404936114203e-01 4.104759218714996716e-01 9.336284095922579157e-03 -1.732485522013645323e+02 -4.096768832294558904e-01 9.110872280901934905e-01 -4.566086024514249414e-02 5.490655996909598713e+01 -2.724885290018723774e-02 3.780979204743354499e-02 9.989133694374872086e-01 1.704073907417310352e+01
9.108166660192350550e-01 4.126649831788156142e-01 1.098237495413106717e-02 -1.729412707361210551e+02 -4.118547200759414828e-01 9.101947758678218259e-01 -4.383103391540718596e-02 5.553978867255627705e+01 -2.808363318328330888e-02 3.539889321650450948e-02 9.989785923163084780e-01 1.706984103628962046e+01
9.101194444670654971e-01 4.141639684501229879e-01 1.228022966420438435e-02 -1.726529770062152522e+02 -4.133541603763995487e-01 9.095914642881064438e-01 -4.221026171134335120e-02 5.616068858110105566e+01 -2.865196158174615482e-02 3.334029591746070359e-02 9.990332776067343268e-01 1.713706759697897652e+01
9.097616922000899553e-01 4.149679403710695991e-01 1.163064355146495137e-02 -1.723869908191708760e+02 -4.142293297257369500e-01 9.092750091289495407e-01 -4.041064424771557972e-02 5.677812446062782925e+01 -2.734457533397639806e-02 3.194630241109526481e-02 9.991154627779831321e-01 1.720188883183107365e+01
9.094582616949737908e-01 4.156688681547477393e-01 1.024998935158467732e-02 -1.721102641611085176e+02 -4.149826803669960928e-01 9.089455513899752370e-01 -4.009188950146126001e-02 5.741093133777808788e+01 -2.598163255417512696e-02 3.220833207921214997e-02 9.991434221944790472e-01 1.724113284850526284e+01
9.094836670855052096e-01 4.156233138315663100e-01 9.834648156866842086e-03 -1.718256948805744742e+02 -4.149139880762028887e-01 9.089135597553039680e-01 -4.150329374449775871e-02 5.802446454331871450e+01 -2.618858154621185597e-02 3.366603470278082405e-02 9.990899640692967321e-01 1.724991353563184049e+01
9.103705884222489386e-01 4.136684595442313706e-01 1.018809668342163938e-02 -1.715321942630645822e+02 -4.128712317431970646e-01 9.097085870397463303e-01 -4.435800564727204048e-02 5.862246280443475399e+01 -2.761770690306116632e-02 3.617585167554141640e-02 9.989637481014843612e-01 1.727733074283070280e+01
9.113161372835172358e-01 4.115816257856359517e-01 1.017168827198227168e-02 -1.712622444103844543e+02 -4.107233915784583855e-01 9.105677850409260587e-01 -4.661120526172060630e-02 5.923128906965108342e+01 -2.844632730139261614e-02 3.829979322809298758e-02 9.988613178523569891e-01 1.730136133080446470e+01
9.122904185780117414e-01 4.094067408785345696e-01 1.059776834869341142e-02 -1.709764072058510465e+02 -4.084646091417590830e-01 9.114589697339021690e-01 -4.898172690181146205e-02 5.985451550592676995e+01 -2.971288019405171968e-02 4.035674683160347942e-02 9.987434494081769421e-01 1.734518997531510820e+01
9.129454532518830323e-01 4.079488222488241722e-01 1.040950587257670652e-02 -1.706954920194867498e+02 -4.070156612372872185e-01 9.121069698828757621e-01 -4.898088401256836533e-02 6.047450269798641642e+01 -2.947627680504746189e-02 4.048004343965190543e-02 9.987454706725013009e-01 1.741800178106219121e+01
9.141140281121404865e-01 4.052683323897843248e-01 1.237426242651597751e-02 -1.704284465456155715e+02 -4.042171112765791108e-01 9.132788225424733897e-01 -5.030227874213140382e-02 6.108275205179971579e+01 -3.168707243994976774e-02 4.098013003196483706e-02 9.986573778742880991e-01 1.743150303098749632e+01
9.148251040386616850e-01 4.037100816968348105e-01 1.063949984665134123e-02 -1.701632676761171012e+02 -4.027151006718832638e-01 9.139109593782109853e-01 -5.086556811078650486e-02 6.170602445873343100e+01 -3.025849816971898365e-02 4.224841138709321819e-02 9.986488346880398881e-01 1.745420111306178867e+01
9.157081274043119556e-01 4.016955950745395021e-01 1.092127755347247972e-02 -1.698874830099349538e+02 -4.006620694049696785e-01 9.147604342006381284e-01 -5.180013669081614397e-02 6.232579508458763939e+01 -3.079823932980004994e-02 4.305806450331432084e-02 9.985977526188474229e-01 1.749880445169143073e+01
9.170098741650032359e-01 3.987244731825899113e-01 1.056812041713846295e-02 -1.696045323723737965e+02 -3.976864429741139850e-01 9.160153478423351814e-01 -5.254879248738671821e-02 6.294278164936090292e+01 -3.063305010085928121e-02 4.398496336876745599e-02 9.985624363248231106e-01 1.755406523452333190e+01
9.176338675274938739e-01 3.972777956162737989e-01 1.088293511917097500e-02 -1.693471925295869767e+02 -3.962395709175119962e-01 9.166645406258805417e-01 -5.215671000215994779e-02 6.356128680943172782e+01 -3.069670349793148650e-02 4.354851397484853226e-02 9.985796109098875606e-01 1.760961193297191940e+01
9.182129039984622265e-01 3.959568442664670451e-01 1.016072877561406511e-02 -1.690879784218636530e+02 -3.949898806102855042e-01 9.172759465332194218e-01 -5.087073939956941737e-02 6.419759423192718373e+01 -2.946280954327404333e-02 4.269678430663433055e-02 9.986535572778427738e-01 1.767412116625169460e+01
9.188882516387979482e-01 3.944087647167239252e-01 9.279402718976370590e-03 -1.688273520325666084e+02 -3.935245297985388024e-01 9.179890434375057584e-01 -4.934126645650913773e-02 6.482766305179048061e+01 -2.797901797833500515e-02 4.168743747606929589e-02 9.987388708314335339e-01 1.771153368444620568e+01
9.196198557999905043e-01 3.927050808772817869e-01 9.057608490782151009e-03 -1.685617829356007746e+02 -3.918514287682103858e-01 9.187424281442083673e-01 -4.862929672529019837e-02 6.544927712192671265e+01 -2.741858112151121518e-02 4.117123001383026643e-02 9.987758263136085057e-01 1.775517108206772576e+01
9.201439545283879307e-01 3.914806181505605664e-01 8.833377457969087895e-03 -1.683191898723311510e+02 -3.906473826740911592e-01 9.192744566760693292e-01 -4.826070568070560396e-02 6.606873650144078169e+01 -2.701342915555406815e-02 4.095606078924714233e-02 9.987957127110054234e-01 1.779834678196354858e+01
9.207322099944772464e-01 3.901170168029295948e-01 7.804529420067663967e-03 -1.680343427536978709e+02 -3.893369893588000674e-01 9.198493801083305055e-01 -4.789391016972517623e-02 6.668037006353421248e+01 -2.586322090752714298e-02 4.105887376807670908e-02 9.988219374288820340e-01 1.783960245456679772e+01
9.211496789567001908e-01 3.891250867811280045e-01 8.058274973453672524e-03 -1.677729780700110211e+02 -3.883387734653674928e-01 9.202775873060559109e-01 -4.777195124294858486e-02 6.730424372372623054e+01 -2.600511452353490224e-02 4.087577693113955690e-02 9.988257630232079132e-01 1.788764388317968468e+01
9.213130101794506643e-01 3.887520514657430981e-01 7.360689862750024320e-03 -1.675178468460595980e+02 -3.880056148803573413e-01 9.204403722025504830e-01 -4.734093409456660573e-02 6.793360808931518591e+01 -2.517896136450448533e-02 4.075982949923220855e-02 9.988516687695917495e-01 1.794445279714119579e+01
9.210215563641502845e-01 3.894401447907596125e-01 7.460987730227934198e-03 -1.672656435335524634e+02 -3.886790962047029785e-01 9.201361005452333153e-01 -4.772962022588939091e-02 6.855257501370654438e+01 -2.545295436788608950e-02 4.106007913733909775e-02 9.988324268941121131e-01 1.799028476281938183e+01
9.209314568503725873e-01 3.896489382772858612e-01 7.678325522802368838e-03 -1.670167490933892509e+02 -3.888778817380788011e-01 9.200503042297071277e-01 -4.776432540849038372e-02 6.916159629608139880e+01 -2.567576441617810956e-02 4.100173881931350878e-02 9.988291207886550449e-01 1.802821226411839106e+01
9.209425025528704678e-01 3.896132636737986155e-01 8.149341145590696667e-03 -1.667448747937403084e+02 -3.888319458859639810e-01 9.200875327831521400e-01 -4.741993120562949110e-02 6.976350864744347291e+01 -2.597354134866708408e-02 4.050230594006879598e-02 9.988417984662767424e-01 1.808046551180144590e+01
9.208633514354742644e-01 3.897964192807653050e-01 8.333036596582689762e-03 -1.664720457992559091e+02 -3.889952307253253250e-01 9.199943273011266243e-01 -4.788682706860533655e-02 7.036409749471479813e+01 -2.633246012010834886e-02 4.085571257047664051e-02 9.988180075941670566e-01 1.810977485002561593e+01
9.207021713150189690e-01 3.901723594039064325e-01 8.546443295214849883e-03 -1.662286431906039184e+02 -3.893516474067615918e-01 9.198230325085277048e-01 -4.827922460496648915e-02 7.097012332842041360e+01 -2.669843436327760597e-02 4.112321514673776546e-02 9.987973141626608209e-01 1.814764508794284836e+01
9.206088425599882052e-01 3.903944521711694149e-01 8.457583244125923758e-03 -1.659733847079631630e+02 -3.895700950035647647e-01 9.197165649349881011e-01 -4.854463166097074123e-02 7.157142904763043134e+01 -2.673013429207508201e-02 4.139579565799253458e-02 9.987852061492347167e-01 1.819120566046663967e+01
9.204890808685828318e-01 3.906689175037529882e-01 8.811861219829691602e-03 -1.657277662594140963e+02 -3.898306351021774141e-01 9.196080768851947473e-01 -4.850835869566006570e-02 7.216148655555798541e+01 -2.705416673166408797e-02 4.121628105445320628e-02 9.987839056765460688e-01 1.825032495150839296e+01
9.204671814959319853e-01 3.907111695565842480e-01 9.216820094860340637e-03 -1.654953982693130285e+02 -3.898541227787879482e-01 9.195941599985665293e-01 -4.858337008599369206e-02 7.274261636746800264e+01 -2.745779928028996286e-02 4.112618241773671052e-02 9.987766048413561082e-01 1.829918408810608099e+01
9.202007419735220850e-01 3.913457821582699836e-01 8.892314564350257619e-03 -1.652653007555848887e+02 -3.904930966793392910e-01 9.193066859638309163e-01 -4.889129358053927177e-02 7.332396022127292667e+01 -2.730816575970648752e-02 4.151741717797761966e-02 9.987645208725178803e-01 1.832955625327649685e+01
9.200313339136617641e-01 3.917324656641615888e-01 9.381895422817046470e-03 -1.650342362141692547e+02 -3.908552520734751012e-01 9.191453577884987070e-01 -4.903043118750682189e-02 7.389260440381126216e+01 -2.783013732679850971e-02 4.144256990739176444e-02 9.987532211992322662e-01 1.838197124338666200e+01
9.200527615155832395e-01 3.917034882774726445e-01 8.443535918628123499e-03 -1.647947117750315158e+02 -3.908501879038109306e-01 9.191174587598623935e-01 -4.959060010090963339e-02 7.444788863491486097e+01 -2.718541232177658709e-02 4.232581096768849721e-02 9.987339380850249748e-01 1.841283843159093792e+01
9.201642077179520429e-01 3.914732181490278018e-01 6.822778527655866745e-03 -1.645545386023899539e+02 -3.906824342467748457e-01 9.191743829154154222e-01 -4.985668824821515299e-02 7.499015298032257704e+01 -2.578888143770822344e-02 4.321080031784860220e-02 9.987330776188815262e-01 1.844583143578683959e+01
9.198592377713629142e-01 3.922483235522365996e-01 -4.851362150321541361e-04 -1.643251505674565749e+02 -3.918225193731438294e-01 9.188016476217919504e-01 -4.773516145948101391e-02 7.552132863632762394e+01 -1.827829310328422247e-02 4.409971652902418965e-02 9.988599095985833953e-01 1.851269550796614283e+01
9.198215072492339495e-01 3.923260548236499057e-01 -2.943044046192395090e-03 -1.641068607089916327e+02 -3.920111902596935538e-01 9.187258933994926213e-01 -4.764409206273492736e-02 7.605520777590588466e+01 -1.598816790397540252e-02 4.497776677220069463e-02 9.988600397369291617e-01 1.855782232681364263e+01
9.197512913846486171e-01 3.924850051484286007e-01 -3.617005655116303613e-03 -1.639028372469852002e+02 -3.921971991871814889e-01 9.186358927537534580e-01 -4.784823397205740375e-02 7.656262967488278548e+01 -1.545700313778302498e-02 4.542705447365542187e-02 9.988480684147345023e-01 1.861057358993823385e+01
9.195288013476680122e-01 3.929995729721725284e-01 -4.256657821680965084e-03 -1.636936432441964655e+02 -3.927304311894163624e-01 9.183737300970613582e-01 -4.850258019306734336e-02 7.706178752767806373e+01 -1.515229058248004045e-02 4.627123848893492652e-02 9.988139869759554701e-01 1.864221403554811474e+01
9.194125449623753443e-01 3.932646561488742365e-01 -4.845863175517025126e-03 -1.634768731345453716e+02 -3.930157602618820634e-01 9.182273521345081235e-01 -4.896061659972202051e-02 7.757019934737934364e+01 -1.480487593946542592e-02 4.691950571092842748e-02 9.987889545005287362e-01 1.867460038839118042e+01
9.193387150876419778e-01 3.934390663348300565e-01 -4.693402026318523046e-03 -1.632552780971929849e+02 -3.931752209819798782e-01 9.181321377985000032e-01 -4.946335155777013132e-02 7.805843926605444949e+01 -1.515165161870889871e-02 4.731890344390376341e-02 9.987649116934834703e-01 1.870510338442623066e+01
9.190192004805693982e-01 3.941834927119104437e-01 -4.804500129498128977e-03 -1.630528571610043400e+02 -3.939239131266106808e-01 9.178111082423887623e-01 -4.946433314921492436e-02 7.856639961600488675e+01 -1.508840001701768942e-02 4.735127939472522779e-02 9.987643348280960121e-01 1.874131091521727654e+01
9.188063980982301704e-01 3.946855626647206017e-01 -4.255518510069669462e-03 -1.628350094086765409e+02 -3.944042993115373652e-01 9.176217014231669022e-01 -4.914938211033528098e-02 7.903490590757624545e+01 -1.549359539719311757e-02 4.683716154172205132e-02 9.987823730925484700e-01 1.878415657775128267e+01
9.186084932633307165e-01 3.951504398761273573e-01 -3.816539031178491949e-03 -1.626339361257119549e+02 -3.948675533633272949e-01 9.174881564556638391e-01 -4.790718176272926870e-02 7.949863356044446050e+01 -1.542891458701101462e-02 4.551497148511033514e-02 9.988445003930173094e-01 1.885109633920265537e+01
9.180284179039006620e-01 3.965030687233506157e-01 -3.023311731695093284e-03 -1.624392048485343025e+02 -3.961811928553548023e-01 9.169172379620202928e-01 -4.799209472202605603e-02 7.997953590400496182e+01 -1.625688618922101203e-02 4.525588603779227143e-02 9.988431400527136850e-01 1.888907603324102169e+01
9.171942205568708317e-01 3.984361422698554644e-01 -1.844535223223685641e-03 -1.622294985161040017e+02 -3.980522125182910376e-01 9.160864774320760517e-01 -4.837356690780379026e-02 8.043464859244265597e+01 -1.758402361143570486e-02 4.510217732223085335e-02 9.988276106087708994e-01 1.891744523592902638e+01
9.163800034749745027e-01 4.003088552103378772e-01 -7.139127359139622875e-04 -1.620173896490507275e+02 -3.998704918611816206e-01 9.152900997711295172e-01 -4.845227548477489682e-02 8.089472010322437256e+01 -1.874243767236358216e-02 4.468616901396432056e-02 9.988252436382216715e-01 1.894433146513337007e+01
9.150782175630398640e-01 4.032762972776920973e-01 -2.894747732741474733e-04 -1.618098537127056886e+02 -4.028193746892457794e-01 9.140067750291652748e-01 -4.825107849312745140e-02 8.133710887578345705e+01 -1.919393437039111638e-02 4.427011695014399645e-02 9.988351964306252384e-01 1.897073829507225895e+01
9.133738202280367036e-01 4.071219168498562690e-01 -9.665681980252499583e-05 -1.616049912469114247e+02 -4.066563653193830397e-01 9.123179579659510541e-01 -4.802649391810290269e-02 8.177877831708332224e+01 -1.946445651105029387e-02 4.390544833316044337e-02 9.988460574780247958e-01 1.902451252454828534e+01
9.115827668144851348e-01 4.111164664342785158e-01 -3.320744507327791362e-04 -1.614083959943165212e+02 -4.106484682668590236e-01 9.105059284792169638e-01 -4.844367568921065237e-02 8.221468716350607053e+01 -1.961363701434777271e-02 4.429678578397823474e-02 9.988258607045963355e-01 1.903940199931355792e+01
9.091027875903548994e-01 4.165716110420417673e-01 -4.631082853968192942e-04 -1.611986322767679383e+02 -4.160913187396326762e-01 9.080001185933195273e-01 -4.902855396634712287e-02 8.266932250321310960e+01 -2.000340133476104232e-02 4.476469041952033795e-02 9.987972699335361249e-01 1.908662437005671819e+01
9.063274141198466305e-01 4.225755346841954530e-01 7.320527292535329578e-04 -1.609854366166845807e+02 -4.220250248378070723e-01 9.052324291577126258e-01 -4.948866144760011299e-02 8.308943231398941975e+01 -2.157537544239845548e-02 4.454398598681014176e-02 9.987744172168840917e-01 1.912931153495831893e+01
9.032744828946872584e-01 4.290626263429333509e-01 6.864597874581355313e-04 -1.607579791990246747e+02 -4.284794657434369825e-01 9.021279136683367783e-01 -5.070083644904448128e-02 8.350495885238066762e+01 -2.237310858048736223e-02 4.550263790285434540e-02 9.987136496295259125e-01 1.914728303780256624e+01
8.998435480167287226e-01 4.362125339873048069e-01 4.629093212444260891e-04 -1.605613201055841728e+02 -4.356100766487674414e-01 8.986555188714259179e-01 -5.159573164500352860e-02 8.392366803754021021e+01 -2.292270086006928387e-02 4.622643826105027332e-02 9.986679459114411461e-01 1.915869642176338417e+01
8.955074428331987191e-01 4.450455054520765508e-01 -9.580747627627780177e-04 -1.603602165308256247e+02 -4.444783017620341781e-01 8.942532369227370603e-01 -5.244223027241607521e-02 8.434398541369930058e+01 -2.248241742080699795e-02 4.738825097123493951e-02 9.986234999121560429e-01 1.917687144108814223e+01
8.903731374794826570e-01 4.552262588350733941e-01 -2.174700431105283313e-03 -1.601917429572532114e+02 -4.546892582114389070e-01 8.890694422612032133e-01 -5.303965784660075872e-02 8.475857211068979780e+01 -2.221158531203243358e-02 4.821389949356753163e-02 9.985900386913292293e-01 1.921105338175426880e+01
8.846224954741953583e-01 4.662981463433022444e-01 -3.013174042036654079e-03 -1.599639291787745208e+02 -4.657678539221029590e-01 8.832686793699406902e-01 -5.382142971790633557e-02 8.513359623960103306e+01 -2.243539065418453937e-02 4.901508707409651944e-02 9.985460302286083278e-01 1.925194376639606020e+01
8.778090878571412903e-01 4.790022799117645280e-01 -2.832157259959651105e-03 -1.597536841200358708e+02 -4.784354893081279037e-01 8.764500956670751020e-01 -5.417298566321802900e-02 8.550239628599099717e+01 -2.346673914087293172e-02 4.890854367599377361e-02 9.985275491991133512e-01 1.925445398010563380e+01
8.697269244416375722e-01 4.935266101483886114e-01 -2.561635557707301822e-03 -1.595311277797409275e+02 -4.929383124137166616e-01 8.684120024319860187e-01 -5.359490821696986235e-02 8.585513917212782076e+01 -2.422595830936557365e-02 4.787566299811225196e-02 9.985594743611839741e-01 1.930880043404713220e+01
8.611812610284808045e-01 5.082927748982044580e-01 -2.300139056450474159e-03 -1.593174387614772058e+02 -5.076895237567979891e-01 8.599202335549279708e-01 -5.280662260014191284e-02 8.619484455182382021e+01 -2.486328861979665572e-02 4.664383034358903640e-02 9.986021079338293083e-01 1.935470213200157019e+01
8.520917477804595963e-01 5.233871957364459870e-01 -2.344504975613611458e-03 -1.591133770289254130e+02 -5.227706899856352507e-01 8.508527023971972358e-01 -5.254031323973222534e-02 8.651869285938698795e+01 -2.550409881537340009e-02 4.599480582115253458e-02 9.986160517341438059e-01 1.940030441006716799e+01
8.425050655352039897e-01 5.386837141285192310e-01 -2.251817094143406320e-03 -1.589060769435378973e+02 -5.380174519376741404e-01 8.412397504476207821e-01 -5.341257976654082557e-02 8.681154477043975248e+01 -2.687816879949512378e-02 4.621188591183452571e-02 9.985699903574397629e-01 1.941234807963084563e+01
8.319886374742303525e-01 5.547876260427675454e-01 -2.365819858763093531e-03 -1.586845110461397041e+02 -5.540839242943533804e-01 8.307027391671559791e-01 -5.407369026387362498e-02 8.710984688397613240e+01 -2.803412121581580138e-02 4.629955863736073818e-02 9.985341450935177887e-01 1.942630556242130524e+01
8.205576226371189552e-01 5.715585105503578900e-01 -2.461087071982366939e-03 -1.584721848468380756e+02 -5.707810699296417267e-01 8.192010268306100240e-01 -5.584485517617050754e-02 8.738195343289277162e+01 -2.990247718990495657e-02 4.722866351200878665e-02 9.984364252173378862e-01 1.943933398353696518e+01
8.078402513207887381e-01 5.893900924537583963e-01 -3.667051037977138092e-03 -1.582656984455180122e+02 -5.885876711694516539e-01 8.063823570563524168e-01 -5.755039161954293020e-02 8.762811489047075497e+01 -3.096258537794245591e-02 4.864990386004385686e-02 9.983358679127591895e-01 1.942951777129702506e+01
7.943224478428474455e-01 6.074817750005455652e-01 -4.212112906068583504e-03 -1.580572601031756790e+02 -6.066435930360317696e-01 7.928210818016847572e-01 -5.846608657281592014e-02 8.788306387730148117e+01 -3.217763013772963893e-02 4.899617630992186834e-02 9.982805090883656307e-01 1.944532973275297394e+01
7.803682680742610733e-01 6.253067377447039110e-01 -4.104864657259210334e-03 -1.578333145296160183e+02 -6.244342018887463208e-01 7.788964617041900240e-01 -5.832863324524032583e-02 8.813685465564640253e+01 -3.327602281437471582e-02 4.808103239084394326e-02 9.982889965485384209e-01 1.947306608202308098e+01
7.649574347383728545e-01 6.440699317685611991e-01 -3.747803373849719483e-03 -1.575988385167494812e+02 -6.431694096876832134e-01 7.635525780254205364e-01 -5.762439615936289228e-02 8.838492844871386467e+01 -3.425249597453007555e-02 4.649068274799841860e-02 9.983312991873688480e-01 1.950576385675404012e+01
7.484396943137119340e-01 6.631967507538052420e-01 -2.844954339263169873e-03 -1.573641851081732739e+02 -6.622579436147675302e-01 7.471375580029038233e-01 -5.656753079812601448e-02 8.860466845009399606e+01 -3.538983038581613311e-02 4.422147906902926251e-02 9.983947218881972230e-01 1.954181884493428001e+01
7.321329898263038150e-01 6.811584009056542710e-01 -2.125578427027780687e-03 -1.571441730909042178e+02 -6.801676035627318706e-01 7.308923974886709640e-01 -5.628795925411579637e-02 8.881841916968124906e+01 -3.678744720319560013e-02 4.265602148483309264e-02 9.984123134053173310e-01 1.956163616502976055e+01
7.148683130724013957e-01 6.992545901975382172e-01 -2.512578892662320484e-03 -1.569122626482680118e+02 -6.982323714017228955e-01 7.136194062350633693e-01 -5.673533794243278833e-02 8.903521973705774428e+01 -3.787942042515424212e-02 4.231265924505706738e-02 9.983860918381556315e-01 1.956552376864619447e+01
6.953518878531884662e-01 7.186645252369550096e-01 -2.655602558523675188e-03 -1.566680800096167729e+02 -7.176155609166314786e-01 6.941274291939347751e-01 -5.670113553472819201e-02 8.924033527700106561e+01 -3.890576807255280434e-02 4.133294335709937484e-02 9.983876646894850326e-01 1.958883871499724449e+01
6.748092921988038118e-01 7.379887514498947310e-01 -2.240958628528053748e-03 -1.564448252056568265e+02 -7.368581166795428183e-01 6.736009643906739619e-01 -5.746178430427587719e-02 8.941581124796084623e+01 -4.089663856145961396e-02 4.042701454942269207e-02 9.983451915289591749e-01 1.961020436620516705e+01
6.543878419292836757e-01 7.561555457791466761e-01 -2.311476276305325650e-03 -1.561940853082968204e+02 -7.549911434589140491e-01 6.532042113675997630e-01 -5.755546499016089140e-02 8.957876419467002904e+01 -4.201101800404873077e-02 3.940874064307373775e-02 9.983396343565602571e-01 1.962120895534859599e+01
6.324173332534084313e-01 7.746252263839927821e-01 -2.018724893370640872e-03 -1.559397074406529384e+02 -7.733902323586070437e-01 6.312575185626133623e-01 -5.815061264055250423e-02 8.973835407175607770e+01 -4.377059621420614083e-02 3.833671748754217956e-02 9.983057803094868010e-01 1.963485214123960532e+01
6.101199614882562017e-01 7.923063944042684215e-01 -2.051823500384089560e-03 -1.556989770052681479e+02 -7.910150115247472913e-01 6.089734917170761541e-01 -5.870722211462885143e-02 8.987448471545633311e+01 -4.526460135771605969e-02 3.744147128546293501e-02 9.982731350146145655e-01 1.963108679239694965e+01
5.882942476358867800e-01 8.086434009597415207e-01 -2.393383126181862497e-03 -1.554530473676882991e+02 -8.073028430809158218e-01 5.871432582109554765e-01 -5.937098526126662751e-02 8.999854391222274330e+01 -4.660469667314778852e-02 3.685979410802667916e-02 9.982331179771174456e-01 1.964038577605833069e+01
5.658005964586902969e-01 8.245378396144129596e-01 -2.652563097648896057e-03 -1.552033900878788302e+02 -8.231524643957548459e-01 5.646574078826280818e-01 -5.985008005397335351e-02 9.014052327692908761e+01 -4.785086630548930631e-02 3.604667484343342110e-02 9.982038528409645783e-01 1.963946858757499569e+01
5.424105097135154541e-01 8.401072425497236873e-01 -3.264960616013588141e-03 -1.549677851301093199e+02 -8.386932425241307998e-01 5.412634989057408808e-01 -6.022847911640150098e-02 9.029094573129131618e+01 -4.883117750663071299e-02 3.540686046255518693e-02 9.981792776528177757e-01 1.964141564807325224e+01
5.182978525222339261e-01 8.551915195486337051e-01 -3.847201962403117015e-03 -1.547057167885637057e+02 -8.537269506425464449e-01 5.171358239471057772e-01 -6.099863389558077276e-02 9.042863099969537188e+01 -5.017598845483425829e-02 3.489992095473790079e-02 9.981304352137216895e-01 1.964927202938148909e+01
4.935249845911491295e-01 8.697188027480734496e-01 -4.721623742311161637e-03 -1.544250701569565649e+02 -8.682190769075942560e-01 4.923394077632359256e-01 -6.162420025502221566e-02 9.058818189876753024e+01 -5.127108422913512209e-02 3.451248628835609789e-02 9.980882547210767619e-01 1.964882745424909061e+01
4.678206263382816976e-01 8.838093449567890891e-01 -4.990324589565584695e-03 -1.541107030644512577e+02 -8.822469407703056321e-01 4.666416303407542321e-01 -6.233718259883035129e-02 9.072484152929850154e+01 -5.276549131671956494e-02 3.356531841014372131e-02 9.980426705938633125e-01 1.968183679095011485e+01
4.415496965954713859e-01 8.972204796319483977e-01 -5.410763852121708989e-03 -1.538081702725469313e+02 -8.956355417320497336e-01 4.403935492624206915e-01 -6.237385794053153937e-02 9.085395309927915264e+01 -5.358023724084204353e-02 3.238723046300995972e-02 9.980381883876743299e-01 1.969043852316424648e+01
4.146486731000660342e-01 9.099631470044555748e-01 -5.792149005528907102e-03 -1.534910303939798553e+02 -9.083738995465813204e-01 4.135295271669683359e-01 -6.204988947291544682e-02 9.100070583589321416e+01 -5.406788805651577962e-02 3.099034131485729066e-02 9.980562420155973946e-01 1.969536605070414481e+01
3.875695893341771781e-01 9.218206625777870533e-01 -6.039823506249181184e-03 -1.531557653439965350e+02 -9.201823775309504461e-01 3.864713908221448779e-01 -6.248404722394525213e-02 9.111209112516122843e+01 -5.526486682173855497e-02 2.977465567636948529e-02 9.980276871783313464e-01 1.970688100016545263e+01
3.597490616365752736e-01 9.330245216699740718e-01 -6.771603511699249983e-03 -1.527851656200998889e+02 -9.312809073362050549e-01 3.586112689768441442e-01 -6.413914088816771719e-02 9.121837787583092449e+01 -5.741501791916722719e-02 2.938026081119073790e-02 9.979179906144632906e-01 1.970507147777155055e+01
3.300398012923009272e-01 9.439430499953027631e-01 -6.726658048676521090e-03 -1.524386238009114436e+02 -9.420221571952656081e-01 3.288942633164811946e-01 -6.650427738639988484e-02 9.131881637133534468e+01 -6.056389119035060498e-02 2.828571941942462781e-02 9.977634655372028538e-01 1.975290000463627038e+01
2.982735153995039745e-01 9.544440402192717610e-01 -8.335712395172147071e-03 -1.520802661519945786e+02 -9.525017327062390571e-01 2.970817744270167760e-01 -6.695422686363944331e-02 9.140701565133815620e+01 -6.142767456801871001e-02 2.791045311721598865e-02 9.977212272994683273e-01 1.973982407486271029e+01
2.669746758704090173e-01 9.636552417806918402e-01 -9.648701077680725546e-03 -1.517231238943407163e+02 -9.616921382979637389e-01 2.657575679205541608e-01 -6.723946927840895871e-02 9.150045676527166449e+01 -6.223145169269372196e-02 2.723031548749419578e-02 9.976902106058129771e-01 1.974117080958490433e+01
2.352350576806879756e-01 9.718869676593311357e-01 -1.000948210018822240e-02 -1.513207549443714868e+02 -9.698882185974981862e-01 2.340578137305580064e-01 -6.733337402390801585e-02 9.157612639149479605e+01 -6.309763120542231929e-02 2.554724888558445456e-02 9.976803230547560686e-01 1.975587514098233299e+01
2.022918639302624388e-01 9.792748476369242949e-01 -9.938539797110471086e-03 -1.509133205049441528e+02 -9.772320710628391582e-01 2.011859265365691929e-01 -6.739215273202070478e-02 9.165767149361022348e+01 -6.399594576107167643e-02 2.334514401970410116e-02 9.976770635715974667e-01 1.978509074164029258e+01
1.694233344895935689e-01 9.855035973746899547e-01 -8.853998643110459060e-03 -1.505051119562903352e+02 -9.834277328524803075e-01 1.684644760888176496e-01 -6.700458605760387099e-02 9.169529745595885117e+01 -6.454167635766791533e-02 2.005940820824723622e-02 9.977133817661648640e-01 1.979829178537030998e+01
1.372223319242878992e-01 9.905200904599662515e-01 -6.323133435359652721e-03 -1.500664911168282174e+02 -9.883371376829617194e-01 1.364888176517720098e-01 -6.753151066481510867e-02 9.171238772802735184e+01 -6.602828104616417781e-02 1.551621897248664853e-02 9.976971048624360128e-01 1.981788394862248026e+01
1.054405529659185881e-01 9.944109557539106969e-01 -5.398228119977560580e-03 -1.496329632060818824e+02 -9.921845024320348205e-01 1.048371294015277844e-01 -6.766896949520402604e-02 9.173970916325291114e+01 -6.672482989065500747e-02 1.249109184344274204e-02 9.976932242431146847e-01 1.980539984070961168e+01
7.597474037636020583e-02 9.971096781441423085e-01 3.585749990057188197e-04 -1.491976843794511467e+02 -9.936710297970251515e-01 7.574256322244810047e-02 -8.295148376378375099e-02 9.176833824852809585e+01 -8.273888666681764037e-02 5.945911854265857610e-03 9.965535222783354907e-01 1.979086063106316118e+01
4.797154221771382510e-02 9.988478120585019271e-01 -1.333972712483089129e-03 -1.487623773258668223e+02 -9.953531236761453682e-01 4.769198522524342732e-02 -8.365186031054765159e-02 9.177706668341096474e+01 -8.349185783891933943e-02 5.340682654746520264e-03 9.964941478921925944e-01 1.980888055530608227e+01
2.095988950447791321e-02 9.997728612759486655e-01 -3.861202929523868677e-03 -1.483114323888447643e+02 -9.962056741003861848e-01 2.055849955401067852e-02 -8.456715075183129926e-02 9.177272226384432940e+01 -8.446856173840830428e-02 5.619070402711631718e-03 9.964103010937080951e-01 1.981461123653368261e+01
-4.066636188359007420e-03 9.999730199598471092e-01 -6.117337860098985558e-03 -1.478580448201318518e+02 -9.963845269161470952e-01 -4.571021168792821499e-03 -8.483501805009657781e-02 9.176986979914633480e+01 -8.486069167875839869e-02 5.750227635278354343e-03 9.963762331017059770e-01 1.984187433207943130e+01
-2.695288984257215859e-02 9.996076509670204224e-01 -7.621407831231406804e-03 -1.473844287281032166e+02 -9.959887705077845599e-01 -2.750450072059695827e-02 -8.514617702811300148e-02 9.173381717937317603e+01 -8.532239302508015655e-02 5.295901085411704179e-03 9.963393210549141843e-01 1.986254955748920281e+01
-4.615192178945992652e-02 9.988938604149480982e-01 -9.003096159804907517e-03 -1.469004513950091564e+02 -9.952624990263269078e-01 -4.675246361036733411e-02 -8.524532349773006334e-02 9.169562503502103823e+01 -8.557194719656054105e-02 5.026208479997344714e-03 9.963193158226456569e-01 1.986238053163189932e+01
-6.334152962598449399e-02 9.979464639787404279e-01 -9.523951751701287272e-03 -1.464162555925742879e+02 -9.941969087296170793e-01 -6.392923792545768258e-02 -8.651912627126565059e-02 9.163008348547884907e+01 -8.695031510646480943e-02 3.988429590505764011e-03 9.962046652833382865e-01 1.984493662982219675e+01
-7.904038957240078211e-02 9.968318824770299180e-01 -8.877775258701842143e-03 -1.458699298570678877e+02 -9.929236720579679432e-01 -7.951603702614873370e-02 -8.820306866870984697e-02 9.157275298964196963e+01 -8.862955648746154158e-02 1.843348300519576100e-03 9.960629517173494873e-01 1.985484341282225529e+01
-9.359702024679239507e-02 9.955640008799779839e-01 -9.587385085277483343e-03 -1.453383727201771478e+02 -9.914385464492752043e-01 -9.408112481534258720e-02 -9.054474345884985786e-02 9.151236587077774232e+01 -9.104507902940449371e-02 1.030584946438387051e-03 9.958462388738522630e-01 1.986804102069992695e+01
-1.082849384052344544e-01 9.940673397436547987e-01 -1.022233679485393121e-02 -1.447824178196944729e+02 -9.899337304303366114e-01 -1.087659230500299667e-01 -9.056038504419267055e-02 9.145838787221822486e+01 -9.113496294426225164e-02 3.131102805802934985e-04 9.958385012094582711e-01 1.989445879916889481e+01
-1.231355553292561300e-01 9.923336670978365470e-01 -1.056068927274392277e-02 -1.442281960329343917e+02 -9.881931112070886369e-01 -1.235855242894132733e-01 -9.055933496313388342e-02 9.139022490645194807e+01 -9.117022527453762237e-02 -7.150736120094952630e-04 9.958350660089849704e-01 1.992236041537619684e+01
-1.385131614273058531e-01 9.902946994361241373e-01 -1.142420150952902502e-02 -1.436577083376188284e+02 -9.861303383584791860e-01 -1.389773853131306414e-01 -9.073170416407730365e-02 9.131621301994725570e+01 -9.143883135957689423e-02 -1.301783485386058536e-03 9.958098440361754511e-01 1.992113610815654923e+01
-1.526514132306042715e-01 9.882097611992149977e-01 -1.179041599306471927e-02 -1.431006381760389274e+02 -9.841513384708105994e-01 -1.530922406142212200e-01 -8.949250722730395236e-02 9.120927488446069731e+01 -9.024239039836509657e-02 -2.057604021095740809e-03 9.959177060585284735e-01 1.990122958120317875e+01
-1.645178121031347640e-01 9.862974457395135008e-01 -1.229788715629648310e-02 -1.425019338661402912e+02 -9.820532934142325310e-01 -1.649501177434244958e-01 -9.144827800833554843e-02 9.109508566685050823e+01 -9.222374095132472582e-02 -2.967690034653018560e-03 9.957338873518372102e-01 1.991615725297640793e+01
-1.735064561253880644e-01 9.847512821917188131e-01 -1.266577690369131287e-02 -1.419225511094244041e+02 -9.804157094545715712e-01 -1.739306772992008643e-01 -9.237508402664561247e-02 9.097076127801565804e+01 -9.316944959318665398e-02 -3.609946814922396219e-03 9.956437223959663241e-01 1.991473759232706442e+01
-1.814289001562803261e-01 9.833186256759924859e-01 -1.296281554137870135e-02 -1.413095395429864709e+02 -9.788914590135724403e-01 -1.818420133640825664e-01 -9.330055544302115478e-02 9.086134120029484507e+01 -9.410135842994982180e-02 -4.238227739773378633e-03 9.955536006500422808e-01 1.993174224799834349e+01
-1.888085250550497474e-01 9.819221875142705169e-01 -1.342231476784078864e-02 -1.406716747047723004e+02 -9.774346459742684345e-01 -1.892289592394578168e-01 -9.388244689135760712e-02 9.073315442184654955e+01 -9.472514827485709055e-02 -4.606370842856574721e-03 9.954928064189938475e-01 1.994021259097245391e+01
-1.979038815815341579e-01 9.801268590004879044e-01 -1.361594362503118494e-02 -1.400408576079224758e+02 -9.756296000623987386e-01 -1.983007508680949549e-01 -9.393452872737269310e-02 9.061566464684698019e+01 -9.476780643787222069e-02 -5.305890216317832309e-03 9.954852637743897281e-01 1.995156217996166248e+01
-2.057754278504630996e-01 9.785118742800205105e-01 -1.307613038938372496e-02 -1.393819645081335068e+02 -9.741081410741743163e-01 -2.060914605958730217e-01 -9.294966036772947526e-02 9.048560026101569065e+01 -9.364722519100848741e-02 -6.389191064678660659e-03 9.955849413543595983e-01 1.995469901547293290e+01
-2.127010847356005652e-01 9.770308593900339789e-01 -1.299801338169268017e-02 -1.387218187424057589e+02 -9.725527113332014251e-01 -2.129730170191932448e-01 -9.372149006594571174e-02 9.033779204557012577e+01 -9.433701410760041151e-02 -7.293409443753014199e-03 9.955136030953811721e-01 1.994500218142371040e+01
-2.190738860729677384e-01 9.756167703145024461e-01 -1.336225736870738645e-02 -1.380715144224743653e+02 -9.710496707145022111e-01 -2.193441208688253763e-01 -9.460810560168192440e-02 9.017910114113983866e+01 -9.523218702804840674e-02 -7.750749730276430827e-03 9.954249125034361212e-01 1.994081951494197469e+01
-2.245090782707968025e-01 9.743656648079972449e-01 -1.439531233657170145e-02 -1.373943141618379684e+02 -9.697643564969435914e-01 -2.248504052877404735e-01 -9.486510480681586976e-02 9.002019543659959311e+01 -9.567009272529519714e-02 -7.338016435592766007e-03 9.953860491652092302e-01 1.994292694094619023e+01
-2.293777091821069813e-01 9.732269916619408212e-01 -1.466592073541615748e-02 -1.367034519393027665e+02 -9.686776221295466671e-01 -2.297262813467417786e-01 -9.428414524216119363e-02 8.984140824901334099e+01 -9.512902246851924482e-02 -7.420132023516635977e-03 9.954372962296206273e-01 1.994604874865746069e+01
-2.343682957781736409e-01 9.720343376104260136e-01 -1.485760546975836011e-02 -1.359809746578290230e+02 -9.675119514589757275e-01 -2.347141955516913736e-01 -9.396738897387352241e-02 8.969776876220426232e+01 -9.482681961385913683e-02 -7.648065950478018238e-03 9.954644048729908157e-01 1.997376163471970045e+01
-2.370034959386688733e-01 9.714092067657105201e-01 -1.391028122156659497e-02 -1.352650955267764061e+02 -9.667522437371101063e-01 -2.372340638467960172e-01 -9.544683431103531679e-02 8.949897589136583065e+01 -9.601792614982500307e-02 -9.173437826030542142e-03 9.953373327150643046e-01 2.000147992621100101e+01
-2.395202288052808992e-01 9.707969582008862952e-01 -1.353979102397133427e-02 -1.345254084261986236e+02 -9.659629592906283646e-01 -2.396845798195401667e-01 -9.729780817275657245e-02 8.932831439247503624e+01 -9.770169533615036261e-02 -1.022585667009893312e-02 9.951632080135421887e-01 1.999138079624636788e+01
-2.410183486563381994e-01 9.704380112988623130e-01 -1.265787649179023200e-02 -1.337976199826649406e+02 -9.654639490071265095e-01 -2.410718346481757202e-01 -9.881160714677120205e-02 8.914822167362871141e+01 -9.894199704138297025e-02 -1.159468695878532879e-02 9.950256501496786976e-01 1.999120473955884947e+01
-2.418774184840590813e-01 9.702296240779757497e-01 -1.223891290095503043e-02 -1.330607490396213564e+02 -9.652195188209606869e-01 -2.418800544418309162e-01 -9.922358464725068716e-02 8.895643895848364480e+01 -9.923001015076307607e-02 -1.218670688606005026e-02 9.949898940495590649e-01 1.999573737097555792e+01
-2.423356873806736811e-01 9.701179844051577295e-01 -1.202127095655508571e-02 -1.323175609290666159e+02 -9.649240744426172967e-01 -2.422907585324129975e-01 -1.010777863372893798e-01 8.875037140536936420e+01 -1.009700212082537407e-01 -1.289514107958603106e-02 9.948058957172210004e-01 2.000337749109089813e+01
-2.431975683143474676e-01 9.699018572308264474e-01 -1.205529369952707680e-02 -1.315690052897932105e+02 -9.646481155402399921e-01 -2.431438147187634513e-01 -1.016616867294235088e-01 8.856463130102717685e+01 -1.015330288657444180e-01 -1.309475865379784720e-02 9.947459833269731710e-01 2.001649061198495616e+01
-2.437267074499755992e-01 9.697777448407097767e-01 -1.133215280788953810e-02 -1.307971208079017629e+02 -9.644681333327779216e-01 -2.435877448700305425e-01 -1.023045958631377816e-01 8.838347614825320875e+01 -1.019730938099903672e-01 -1.400486204145594271e-02 9.946885703465274675e-01 2.003861601532251768e+01
-2.440208818493458942e-01 9.696892440801669899e-01 -1.251315854219166995e-02 -1.300396740459238458e+02 -9.643455526745516870e-01 -2.439985941324722685e-01 -1.024809304123967812e-01 8.819559851130829031e+01 -1.024278490366807293e-01 -1.294047822190041303e-02 9.946562621152633676e-01 2.002405191716077582e+01
-2.439540680075937829e-01 9.696765929817883212e-01 -1.461908772042184307e-02 -1.292845300760298244e+02 -9.644470527829216433e-01 -2.441629945432888249e-01 -1.011252415274758593e-01 8.800229230586801066e+01 -1.016282199041324830e-01 -1.057057798254235070e-02 9.947662880296217480e-01 2.000008696154080212e+01
-2.440399432255804246e-01 9.696176307740094202e-01 -1.691615212312692906e-02 -1.285104885148031428e+02 -9.645399134026328980e-01 -2.444964429640785752e-01 -9.941953948371980154e-02 8.780784951103122182e+01 -1.005348773495912257e-01 -7.946034867173698557e-03 9.949018036802387277e-01 1.996739591257399127e+01
-2.445267418469123655e-01 9.694770089320846607e-01 -1.791651957920559202e-02 -1.277513438089819715e+02 -9.644403758286400619e-01 -2.450847615282674141e-01 -9.893543924268904943e-02 8.761917242803680494e+01 -1.003066996428703117e-01 -6.912945734697695244e-03 9.949325490645203329e-01 1.998824311367098261e+01
-2.456280137343838099e-01 9.692304988413940059e-01 -1.609717318550293180e-02 -1.269395168793498243e+02 -9.638899652748349478e-01 -2.459695266847103934e-01 -1.020545284883386250e-01 8.742570584075464524e+01 -1.028737756251756619e-01 -9.551547422392267506e-03 9.946485581502939599e-01 2.006570168119393571e+01
-2.455208087608367062e-01 9.692914798157625800e-01 -1.391257064649922826e-02 -1.261639830967940981e+02 -9.637308454289159609e-01 -2.456107155587343716e-01 -1.043946070043528240e-01 8.721070802501931496e+01 -1.046058795397822316e-01 -1.222307487073818338e-02 9.944386388341982519e-01 2.011737942770043830e+01
-2.461916845588800751e-01 9.691146484041606168e-01 -1.436846207987867163e-02 -1.253737703282036051e+02 -9.635794967153397117e-01 -2.463289582470480354e-01 -1.040989809687710155e-01 8.704821442556001898e+01 -1.044232156365306752e-01 -1.178314802606159756e-02 9.944631463552193740e-01 2.011875735659232944e+01
-2.449841247232711350e-01 9.694021422436219781e-01 -1.556487221435373658e-02 -1.245909900593284618e+02 -9.638597509374914329e-01 -2.452539937631557088e-01 -1.040425829453444501e-01 8.684323268532260442e+01 -1.046764498647600738e-01 -1.048642726091265909e-02 9.944510423781615094e-01 2.009260873211072251e+01
-2.450448385214452074e-01 9.693652826060620287e-01 -1.685158722698364836e-02 -1.237883382644132126e+02 -9.638347645600541247e-01 -2.454514026041052510e-01 -1.038082635686717048e-01 8.663722593058166410e+01 -1.047643724720585534e-01 -9.195533575993765363e-03 9.944545582492889668e-01 2.008439008785754964e+01
-2.454107078306957401e-01 9.692715311754882546e-01 -1.691990941942495691e-02 -1.229814664973868901e+02 -9.636317884509191245e-01 -2.458127662002920211e-01 -1.048325343576299862e-01 8.644488163898175515e+01 -1.057703208320742161e-01 -9.422463886123687293e-03 9.943459440282313988e-01 2.008923559448846063e+01
-2.449563226989617259e-01 9.693878722939854864e-01 -1.683903260705905958e-02 -1.221858634011640135e+02 -9.636897117449014782e-01 -2.453471411070287100e-01 -1.053893724605872995e-01 8.625327358813838430e+01 -1.062945880411170635e-01 -9.588190650336968213e-03 9.942884526902754372e-01 2.011102597629859545e+01
-2.442729338954863216e-01 9.695510670061903147e-01 -1.736266780335932874e-02 -1.213802530730616098e+02 -9.638158776761279745e-01 -2.447207059829967779e-01 -1.056916742349141014e-01 8.602980760231997692e+01 -1.067224798507179495e-01 -9.083200445994595029e-03 9.942473574338385189e-01 2.013383711169207402e+01
-2.442649670461920497e-01 9.695540605735333273e-01 -1.730749835465407449e-02 -1.205768230540469972e+02 -9.637034289019035249e-01 -2.446968779877851663e-01 -1.067667505628286800e-01 8.583543386273422016e+01 -1.077512273555946837e-01 -9.400081297764137367e-03 9.941334475184698816e-01 2.015993651189275937e+01
-2.440191764183936574e-01 9.695990879454493561e-01 -1.822773149467139114e-02 -1.197684636374152944e+02 -9.636747280862522080e-01 -2.445466356048848766e-01 -1.073683447866252416e-01 8.563149082474535589e+01 -1.085617795910554517e-01 -8.634330876481736972e-03 9.940522060447019026e-01 2.014681604819614336e+01
-2.436155175442209497e-01 9.696778384845484711e-01 -1.940023617371499504e-02 -1.189676657763418319e+02 -9.637198363128277601e-01 -2.442712131939885900e-01 -1.075902017003125266e-01 8.543897037647796822e+01 -1.090667534532788752e-01 -7.514250240145924076e-03 9.940060258039133956e-01 2.014384163768769298e+01
-2.429248699775099496e-01 9.698188272752767958e-01 -2.095112905828814404e-02 -1.181457612057264015e+02 -9.639310989359157755e-01 -2.437585489602511757e-01 -1.068578790402983647e-01 8.523023673869947459e+01 -1.087397997543128048e-01 -5.762991514833060158e-03 9.940535417562738063e-01 2.015578628717817011e+01
-2.426294836879616668e-01 9.698757363748036209e-01 -2.172532247737000294e-02 -1.173258419806310542e+02 -9.639873078098593062e-01 -2.435493564539299438e-01 -1.068278116989029303e-01 8.502107354880109824e+01 -1.089008908448999002e-01 -4.976641669758669062e-03 9.940401546270040134e-01 2.015051241493106460e+01
-2.427140951017139336e-01 9.698975856289825392e-01 -1.971145428492682150e-02 -1.165298017323630688e+02 -9.638602870343272455e-01 -2.434041778442199710e-01 -1.082947518861542696e-01 8.481570982440615580e+01 -1.098326687150072700e-01 -7.285574723378970829e-03 9.939233900476884820e-01 2.019617714181964274e+01
-2.424695441930218021e-01 9.700284178226400433e-01 -1.591818944899190541e-02 -1.156988961775004867e+02 -9.636772462606902900e-01 -2.427106444658251316e-01 -1.114347706167017893e-01 8.460237697554519798e+01 -1.119584082516419665e-01 -1.167954106502513273e-02 9.936442538163591243e-01 2.022818538430604818e+01
-2.425169714010098065e-01 9.700329037156869560e-01 -1.488906616934115856e-02 -1.148997960102764040e+02 -9.636266223307707879e-01 -2.426349828366489714e-01 -1.120356989501538059e-01 8.440073682900913354e+01 -1.122909226868860355e-01 -1.282305785576502710e-02 9.935926317507368655e-01 2.023701281302150079e+01
-2.418717610390073158e-01 9.701833992263345641e-01 -1.556351751772031694e-02 -1.140831510320482494e+02 -9.637832006632661708e-01 -2.420713670786065475e-01 -1.119079771953955943e-01 8.419160468682207465e+01 -1.123387436780384219e-01 -1.206752279175608844e-02 9.935966895891463757e-01 2.022785931509479340e+01
-2.414558616093946952e-01 9.702724956657762245e-01 -1.644235533529108534e-02 -1.132845787858947091e+02 -9.637779258007153071e-01 -2.417486214632516006e-01 -1.126486296405305176e-01 8.398766208130913924e+01 -1.132747837505627964e-01 -1.135289280864670153e-02 9.934988350225372189e-01 2.021976228124816544e+01
-2.410570553121798021e-01 9.703654854429877297e-01 -1.680240295956333951e-02 -1.124862429303798308e+02 -9.638512202775491033e-01 -2.413917524483448762e-01 -1.127867324617409794e-01 8.376427099782847563e+01 -1.135003138925179123e-01 -1.099302100933969434e-02 9.934771422812848085e-01 2.022176154070141152e+01
-2.403053324783910316e-01 9.705447387017160921e-01 -1.721212830731582571e-02 -1.116941894674973526e+02 -9.639755661011923937e-01 -2.406868855675032837e-01 -1.132295503642989504e-01 8.356673452306173999e+01 -1.140370779279074320e-01 -1.061759361782044220e-02 9.934197559760079566e-01 2.020348592619114214e+01
-2.396451091365237041e-01 9.707116027127382640e-01 -1.700605850311134176e-02 -1.109176955589769449e+02 -9.641089614652462725e-01 -2.400042453784121399e-01 -1.135423824954533978e-01 8.335932135472631899e+01 -1.142984343258846569e-01 -1.081418324269190628e-02 9.933875987505808025e-01 2.021514434447980335e+01
-2.385153918581950361e-01 9.709825882734478553e-01 -1.741324543351149140e-02 -1.101169257032840392e+02 -9.644166831442523291e-01 -2.389324121850751048e-01 -1.131890616643674852e-01 8.315686926692410452e+01 -1.140651967945100764e-01 -1.020370899317404878e-02 9.934208650934468476e-01 2.021406920001399143e+01
-2.384231706504085224e-01 9.710020969432324733e-01 -1.758747932058134233e-02 -1.093217087652283368e+02 -9.644333858225564438e-01 -2.388605952800775256e-01 -1.131983230144650021e-01 8.296101791488972310e+01 -1.141167647974929839e-01 -1.002715085618538504e-02 9.934167404658836853e-01 2.022386671189096319e+01
-2.381386341076852098e-01 9.710740462712308396e-01 -1.746961945050613807e-02 -1.085482553615407539e+02 -9.644241550778360761e-01 -2.385571884289390265e-01 -1.139145159814215352e-01 8.277035248158234992e+01 -1.147869332621440502e-01 -1.027932426276809141e-02 9.933369496021845491e-01 2.024772770030777380e+01
-2.371494462093446387e-01 9.713249319880785659e-01 -1.697105361947902347e-02 -1.077329608641412619e+02 -9.646786391986066356e-01 -2.375173868045796777e-01 -1.139324977319815108e-01 8.256347807790886861e+01 -1.146963959177679376e-01 -1.064741583098123556e-02 9.933435303557358598e-01 2.025527796716906792e+01
-2.365702968579201926e-01 9.714574491734001560e-01 -1.746193259826583910e-02 -1.069647316401943016e+02 -9.648332242962268657e-01 -2.370008937831544760e-01 -1.136988374616587361e-01 8.237685602625481351e+01 -1.145920762474542109e-01 -1.004991499947679306e-02 9.933617947504327361e-01 2.024855057499273769e+01
-2.361933055475722298e-01 9.715442127671962691e-01 -1.773598187526342906e-02 -1.061875419378772705e+02 -9.648693172957409914e-01 -2.366537812062550206e-01 -1.141148035183532083e-01 8.217572555310766802e+01 -1.150648641235084702e-01 -9.840247931356550792e-03 9.933092401487504386e-01 2.024903499585210653e+01
-2.357391095502137102e-01 9.716558662841116023e-01 -1.766209908660040795e-02 -1.054105447698797775e+02 -9.650724906064030995e-01 -2.362019181457053474e-01 -1.133302331200445046e-01 8.198292430266624820e+01 -1.142898075211716824e-01 -9.671162285994870655e-03 9.934003767448508215e-01 2.027429635396301322e+01
-2.354653647683349060e-01 9.717149221160847894e-01 -1.806023619573143141e-02 -1.045763693178851241e+02 -9.653805795888816821e-01 -2.359955968598466125e-01 -1.111144221755181322e-01 8.179349687539155411e+01 -1.122336783106988312e-01 -8.728596662433862896e-03 9.936435040059161672e-01 2.026688006799643560e+01
-2.351437588767606446e-01 9.717643860461301353e-01 -1.952922614173994292e-02 -1.038168140986676065e+02 -9.654570099988607490e-01 -2.358436803460910447e-01 -1.107723805145945928e-01 8.160396322966897742e+01 -1.122504989092123762e-01 -7.192805655532798215e-03 9.936539080793849177e-01 2.028495500590983269e+01
-2.346507474872048249e-01 9.718437627653565558e-01 -2.141792421709547145e-02 -1.030464550215056931e+02 -9.655221927315263963e-01 -2.355661548616756473e-01 -1.107947743649950328e-01 8.139332929337264488e+01 -1.127205484665553953e-01 -5.318595468574632834e-03 9.936124951386433590e-01 2.030825504255253833e+01
-2.345258941960055576e-01 9.718626183354615033e-01 -2.192386904050541013e-02 -1.022637041475613131e+02 -9.655385841574484207e-01 -2.354991702228532713e-01 -1.107943289504361439e-01 8.120241757857871789e+01 -1.128399195976048097e-01 -4.815797596324500329e-03 9.936015099821040586e-01 2.030713519512819332e+01
-2.343079596042156876e-01 9.719091523239752339e-01 -2.218963034845334442e-02 -1.014760209475350194e+02 -9.651702957968458785e-01 -2.352947514973484644e-01 -1.143795437533734471e-01 8.099763166750264531e+01 -1.163876289712015843e-01 -5.383265430274675190e-03 9.931892771651177343e-01 2.030795886732610001e+01
-2.338066692618001596e-01 9.720365979039090609e-01 -2.189277835492552116e-02 -1.006576761635421349e+02 -9.651100738018153491e-01 -2.347529977846858351e-01 -1.159895490005816987e-01 8.079044250240040981e+01 -1.178854819515886138e-01 -5.990189187155381401e-03 9.930091292523668400e-01 2.032091905811457266e+01
-2.331076656051991325e-01 9.721827459266176863e-01 -2.283691657550099285e-02 -9.988653248873457358e+01 -9.652183403323579824e-01 -2.341689545015095408e-01 -1.162688962436588258e-01 8.060052908370052194e+01 -1.183823116945404985e-01 -5.060560270538833061e-03 9.929551948641011094e-01 2.032932152774800016e+01
-2.321505075744081381e-01 9.723700055501552919e-01 -2.455023705254164718e-02 -9.909662590140544580e+01 -9.654410192096455345e-01 -2.334229522491559905e-01 -1.159196436792728213e-01 8.039831749145942297e+01 -1.184473733790074035e-01 -3.208998236143498217e-03 9.929551460513885708e-01 2.032679391987350925e+01
-2.314100763072965972e-01 9.725416114926056510e-01 -2.474248368327371106e-02 -9.832681653104803843e+01 -9.656513803175926780e-01 -2.327115100722663144e-01 -1.155974254497641324e-01 8.021850141917045107e+01 -1.181811671721829798e-01 -2.857795523018152872e-03 9.929879378575396931e-01 2.034880415302099621e+01
-2.314665646007108002e-01 9.725491373120364047e-01 -2.390407884774606306e-02 -9.750054355682088669e+01 -9.658281597815651098e-01 -2.326735830204622602e-01 -1.141883073583987995e-01 8.003517254686046556e+01 -1.166155874868411157e-01 -3.343542737026590494e-03 9.931714985223168979e-01 2.036415890090345826e+01
-2.307650661970184203e-01 9.727851679838420695e-01 -2.089261050548540249e-02 -9.669876581583169184e+01 -9.661770112829498602e-01 -2.316319409893585757e-01 -1.133517833201082153e-01 7.983359731143266913e+01 -1.151063295020397781e-01 -5.971671805326220217e-03 9.933352264187640390e-01 2.039971465046708943e+01
-2.300719244474711545e-01 9.729598668719878773e-01 -2.039625057409216041e-02 -9.586706007462741752e+01 -9.661179611080843443e-01 -2.308728821718997182e-01 -1.153854301980906105e-01 7.964174745328233485e+01 -1.169743339600421705e-01 -6.841763959982531673e-03 9.931113711263809263e-01 2.041159483300018351e+01
-2.292653109184625837e-01 9.731452406502513197e-01 -2.063389951572127540e-02 -9.509909381728262190e+01 -9.664405010088791270e-01 -2.301073072872878988e-01 -1.142076404742696089e-01 7.945921056610625044e+01 -1.158886328298295854e-01 -6.242414016856878689e-03 9.932425972782656931e-01 2.041161980638448625e+01
-2.283076849320739843e-01 9.733574850254207433e-01 -2.123222423451207042e-02 -9.430390789852221189e+01 -9.668142080520580883e-01 -2.292333224599867325e-01 -1.127934882102129693e-01 7.925658971512802964e+01 -1.146555193160299913e-01 -5.224004110213412155e-03 9.933915751965223251e-01 2.043272367544334855e+01
-2.277194661863597425e-01 9.734711095361573419e-01 -2.231240951223686930e-02 -9.353687167509983169e+01 -9.669385601607253244e-01 -2.287735773523484895e-01 -1.126608680053199502e-01 7.908684276165141114e+01 -1.147765899219103936e-01 -4.080343594784624495e-03 9.933829499251767281e-01 2.044459668052884993e+01
-2.271990845488218724e-01 9.735713515265297380e-01 -2.322497506960118085e-02 -9.275111583170314589e+01 -9.670758400831319657e-01 -2.283625926085153246e-01 -1.123158306946173968e-01 7.889675539780097324e+01 -1.146511906073458126e-01 -3.057741637813179980e-03 9.934011046442390303e-01 2.044741157523538178e+01
-2.264878683637885359e-01 9.737281237529922251e-01 -2.359632379217654896e-02 -9.197784585286837000e+01 -9.672846415428630884e-01 -2.276998800250777943e-01 -1.118623568134543139e-01 7.870406803761311210e+01 -1.142964029150640715e-01 -2.511105143783928795e-03 9.934435195981874411e-01 2.045875926494968056e+01
-2.257456733656275638e-01 9.738939697727568845e-01 -2.386266114580775505e-02 -9.118296134769681771e+01 -9.675286772638747035e-01 -2.269944712505549411e-01 -1.111834911023124595e-01 7.852446456077531423e+01 -1.136976236722488653e-01 -2.011383091633366094e-03 9.935133641322306808e-01 2.046618052322497761e+01
-2.248304696036158568e-01 9.741305663714702190e-01 -2.282322498282040452e-02 -9.040124395520281553e+01 -9.678153698343153755e-01 -2.259683630591962089e-01 -1.107777450971754590e-01 7.833244811520467010e+01 -1.130693143619655450e-01 -2.817544524267495687e-03 9.935831075418748437e-01 2.050088251433522046e+01
-2.245852642486931838e-01 9.741956094271002620e-01 -2.245826474387160182e-02 -8.961607139068448191e+01 -9.679080555395624952e-01 -2.256842228652580218e-01 -1.105469473632267885e-01 7.814064449133952905e+01 -1.127628267824471453e-01 -3.089680026423159698e-03 9.936171288647183131e-01 2.051012220856166479e+01
-2.239300920805942230e-01 9.743506007814012326e-01 -2.227600991423875354e-02 -8.882247046375975685e+01 -9.680160221075210236e-01 -2.250113452611579579e-01 -1.109724084937123434e-01 7.795366449029484102e+01 -1.131383878438614321e-01 -3.286527146793200016e-03 9.935738039699946178e-01 2.053480446340570964e+01
-2.232960848826166522e-01 9.744817578423166093e-01 -2.289458688520938645e-02 -8.805137858320183852e+01 -9.681820923858397432e-01 -2.244523066468526729e-01 -1.106553117761865657e-01 7.777269632215163142e+01 -1.129703255703598946e-01 -2.542768856256309717e-03 9.935951086167195134e-01 2.053601316695010937e+01
-2.227863461955146285e-01 9.745737671717448203e-01 -2.392104281854383341e-02 -8.727907566904254111e+01 -9.682101891087994128e-01 -2.240610833463125839e-01 -1.112009920620320585e-01 7.759239350284559578e+01 -1.137333445158262984e-01 -1.613465323794513462e-03 9.935100014971631754e-01 2.055500527018007517e+01
-2.220167413235230036e-01 9.747240346206953454e-01 -2.493236661125111664e-02 -8.650150275233767161e+01 -9.682612638292926732e-01 -2.234110812306648874e-01 -1.120607591936017278e-01 7.741144461123423071e+01 -1.147984823061045656e-01 -7.383197811382039011e-04 9.933885258770184246e-01 2.057146513652326547e+01
-2.212832886712061686e-01 9.748904974861272166e-01 -2.494441953838898163e-02 -8.574614455989583917e+01 -9.685749438249744436e-01 -2.226845116870546093e-01 -1.107889274663570733e-01 7.723050664986823222e+01 -1.135618084978544801e-01 -3.551984649695014151e-04 9.935308699203799776e-01 2.057520055906839929e+01
-2.210414051804694413e-01 9.749436146319638841e-01 -2.501290635260966511e-02 -8.496142800979161791e+01 -9.685692103256897667e-01 -2.224518074630394970e-01 -1.113053375427109359e-01 7.705523299613523136e+01 -1.140805943397631972e-01 -3.763572606296991530e-04 9.934714270427200677e-01 2.060686594177285613e+01
-2.204977073144631650e-01 9.750523151793526466e-01 -2.556841278708023996e-02 -8.417867553211780773e+01 -9.686608456935599243e-01 -2.219751029993297653e-01 -1.114594978845452888e-01 7.687246503832184885e+01 -1.143543925229955072e-01 1.905566114117004939e-04 9.934400015093385328e-01 2.062148847202070812e+01
-2.199553622135650421e-01 9.751680111624160263e-01 -2.582612319024587405e-02 -8.342290191524305953e+01 -9.688462869973094582e-01 -2.214654461762592952e-01 -1.108599491316755725e-01 7.668884640737763903e+01 -1.138266700076334959e-01 6.373032941697290288e-04 9.935004192447451921e-01 2.063963133288722318e+01
-2.194319804791786677e-01 9.752767871852100479e-01 -2.616857506018466228e-02 -8.266465225416388307e+01 -9.690014453602643352e-01 -2.209840226322246082e-01 -1.104638430935650784e-01 7.650816724839010874e+01 -1.135156589757761736e-01 1.118087194975324328e-03 9.935355781492274385e-01 2.066488145373255847e+01
-2.195355967177681222e-01 9.752452628808335744e-01 -2.647260852783977353e-02 -8.188328044811511575e+01 -9.689159726502692971e-01 -2.211221369547753390e-01 -1.109361910817970587e-01 7.632732226212850435e+01 -1.140436746030086268e-01 1.295290333603087152e-03 9.934748927406241714e-01 2.068619296328395052e+01
-2.197814524673327163e-01 9.751829981981089412e-01 -2.672514128488023832e-02 -8.111084225437919315e+01 -9.688069114244272084e-01 -2.213958039488035379e-01 -1.113421140904249373e-01 7.615963700585601259e+01 -1.144957707848279216e-01 1.420570030009220275e-03 9.934227199199633374e-01 2.071010199856679890e+01
-2.196981260709043315e-01 9.751947106910666685e-01 -2.698165378734477399e-02 -8.033061890837090857e+01 -9.688224032812106090e-01 -2.213423521700685903e-01 -1.113135842394848835e-01 7.597482865015925313e+01 -1.145246012931394608e-01 1.685044803106369726e-03 9.934189832707340795e-01 2.071274758415770734e+01
-2.195049427049713398e-01 9.752321134319221763e-01 -2.720119591478181720e-02 -7.954546540173130609e+01 -9.687977915136924967e-01 -2.211765960461526959e-01 -1.118559453924085623e-01 7.578748384156099860e+01 -1.151017779457801926e-01 1.799525644200883345e-03 9.933520737488678032e-01 2.073278328758916444e+01
-2.195466358507631721e-01 9.752129977328123367e-01 -2.754784455441112306e-02 -7.878063351220679067e+01 -9.687422416503810307e-01 -2.212586011146717713e-01 -1.121744207695017509e-01 7.561547210866439173e+01 -1.154891506974010940e-01 2.059243977824393168e-03 9.933066070380448531e-01 2.073299053027287187e+01
-2.183497997623791154e-01 9.754644964301107946e-01 -2.814926549804895595e-02 -7.799695010093016379e+01 -9.688613993625755372e-01 -2.201423081790168101e-01 -1.133355768274337955e-01 7.542697871062206616e+01 -1.167516756578732690e-01 2.525936255244484729e-03 9.931579259499030421e-01 2.076795429317205333e+01
-2.166456398058453914e-01 9.757941730172152717e-01 -2.983954856839046016e-02 -7.721874120439944988e+01 -9.692226757346147359e-01 -2.186464925945177384e-01 -1.131420174733935302e-01 7.524639045748170929e+01 -1.169276340090316668e-01 4.409442341720935798e-03 9.931306486174339421e-01 2.076799961796999838e+01
-2.143981790140221388e-01 9.762587176000606659e-01 -3.085996022934102412e-02 -7.645492347762539964e+01 -9.697739835802735575e-01 -2.165298073004873203e-01 -1.124867250890573406e-01 7.506773303653136509e+01 -1.164982472242335892e-01 5.810237542392043819e-03 9.931739019594616469e-01 2.078457877462939507e+01
-2.130499632463334070e-01 9.765499994403304962e-01 -3.098082881117548287e-02 -7.566910839028219016e+01 -9.701469124063774041e-01 -2.152004925287280823e-01 -1.118200177238684034e-01 7.490598415924283415e+01 -1.158649278647745640e-01 6.232704748677958539e-03 9.932454237913237449e-01 2.082001493544352044e+01
-2.120035615413380370e-01 9.767863233909335197e-01 -3.070778940611129659e-02 -7.487526160348838289e+01 -9.703434013566931693e-01 -2.141314323270206987e-01 -1.121668985623719000e-01 7.473923290058860402e+01 -1.161385953820301964e-01 6.017318838202195819e-03 9.932147897291343508e-01 2.085125650316135903e+01
-2.110320694062817193e-01 9.770144510449505493e-01 -3.013682351270452475e-02 -7.409745257611619706e+01 -9.706658486592392165e-01 -2.130953838004974177e-01 -1.113470594562659399e-01 7.456699849090865939e+01 -1.152097041431007773e-01 5.754984991492961832e-03 9.933245211002328379e-01 2.086695030697819675e+01
-2.112029753515074493e-01 9.769771366633740461e-01 -3.014925603901508905e-02 -7.331529146041977185e+01 -9.706012730180338943e-01 -2.132679498658940354e-01 -1.115793456503981207e-01 7.439644960155843023e+01 -1.154403396497215017e-01 5.697016502876364741e-03 9.932980781137769055e-01 2.090522404558114289e+01
-2.129960166087441209e-01 9.765646255309888835e-01 -3.089059841322729094e-02 -7.255330481593499314e+01 -9.702494445789983102e-01 -2.151316755406182946e-01 -1.110602425408464405e-01 7.422585432416491358e+01 -1.151030503633724417e-01 6.316196688345390720e-03 9.933334754534557387e-01 2.092134972922681158e+01
-2.146912423671685222e-01 9.761860238091375486e-01 -3.112101172115690206e-02 -7.181663710622297003e+01 -9.698519251169133160e-01 -2.168433795377764373e-01 -1.112033816826342586e-01 7.404989810286743079e+01 -1.153035723551509989e-01 6.308380960474896382e-03 9.933102690155770631e-01 2.096838317110894678e+01
-2.164906999648796848e-01 9.757799933988758889e-01 -3.138759804774286094e-02 -7.103441095903609437e+01 -9.693868710585668014e-01 -2.186649987229798420e-01 -1.116902527204653439e-01 7.388633550800167882e+01 -1.158484831493215295e-01 6.246824470837596122e-03 9.932472532738421123e-01 2.096639052943458026e+01
-2.183835709274366543e-01 9.753776500406754479e-01 -3.077427091112735352e-02 -7.024411011891140788e+01 -9.691211698135169250e-01 -2.204674553905492385e-01 -1.104457302610531988e-01 7.370146771836387245e+01 -1.145110220383279975e-01 5.704464457452623760e-03 9.934055993988514244e-01 2.096965536924064821e+01
-2.192588658589511574e-01 9.751816741138407130e-01 -3.076121283001387319e-02 -6.949841861067778837e+01 -9.687322542686204185e-01 -2.213445925395998160e-01 -1.120909938091170649e-01 7.352317242676760145e+01 -1.161179111157422672e-01 5.222434873266415534e-03 9.932217058099923612e-01 2.099907704031171107e+01
-2.201033796214768579e-01 9.749819380161276472e-01 -3.105998746812586864e-02 -6.875537057781629358e+01 -9.685464817613905764e-01 -2.222175638688155264e-01 -1.119690447214824192e-01 7.333191268706696064e+01 -1.160698709693282621e-01 5.438276429619637309e-03 9.932261626652001407e-01 2.101085310318923050e+01
-2.224485461377863071e-01 9.744502535608062788e-01 -3.103784232941018961e-02 -6.799475996118870569e+01 -9.680338257369428545e-01 -2.245435923761489594e-01 -1.117617436867898439e-01 7.317642255525558426e+01 -1.158756080902404867e-01 5.184443855808643087e-03 9.932502026134316653e-01 2.105249264646450413e+01
-2.230917042581772591e-01 9.742714941684063046e-01 -3.201791907733934212e-02 -6.727409326410155188e+01 -9.678271489523013749e-01 -2.252978618437067038e-01 -1.120334021598639873e-01 7.298609729236753196e+01 -1.163645188278700227e-01 5.994088714321027522e-03 9.931884864709432659e-01 2.108788521628135015e+01
-2.243615102076030876e-01 9.739621046173406738e-01 -3.255351757835076715e-02 -6.652151805168337262e+01 -9.675347601532323649e-01 -2.266207235183634872e-01 -1.118907304795202090e-01 7.281400044022880991e+01 -1.163546330516787575e-01 6.392686553696610985e-03 9.931871590621957901e-01 2.111453537074258335e+01
-2.253722457360074483e-01 9.736904586131278627e-01 -3.367850438581317107e-02 -6.577904434212938156e+01 -9.670367908588377581e-01 -2.277699088375133574e-01 -1.138451305660068413e-01 7.262660702433970528e+01 -1.185208672654270851e-01 6.910820060412124766e-03 9.929275122529054309e-01 2.111835104885284409e+01
-2.265408126123809041e-01 9.734022239125493803e-01 -3.416680703584886597e-02 -6.502755037504248037e+01 -9.666178886942266013e-01 -2.289962330106156685e-01 -1.149372982250024822e-01 7.245644888706651443e+01 -1.197042918079273266e-01 6.988257941051637112e-03 9.927849952400126243e-01 2.112858834761911808e+01
-2.280425422199627850e-01 9.730458542966424762e-01 -3.432731236163939076e-02 -6.427890355054537963e+01 -9.664791185001262441e-01 -2.304934192440724061e-01 -1.130968487111597420e-01 7.229533556343281475e+01 -1.179606393721021329e-01 7.385737694596335168e-03 9.929908048102115137e-01 2.112967744237429457e+01
-2.285020172158562790e-01 9.729339800725290699e-01 -3.444268497827154135e-02 -6.354522467107583594e+01 -9.662496979412705800e-01 -2.309706574062049267e-01 -1.140792559835019093e-01 7.210772042703557361e+01 -1.189468341600075640e-01 7.212893841826981123e-03 9.928744254968692173e-01 2.116904106365904781e+01
-2.292718102816651005e-01 9.727524292205763645e-01 -3.445502076093504701e-02 -6.280320690517319093e+01 -9.661402946235636557e-01 -2.317321352541541479e-01 -1.134598986216917293e-01 7.193453499468317602e+01 -1.183527275345286067e-01 7.275227557861342620e-03 9.929449647131098899e-01 2.119444039600641005e+01
-2.308256270186566095e-01 9.723988200393504089e-01 -3.405972251095468889e-02 -6.206903689673364966e+01 -9.658885029577338743e-01 -2.332223375961812728e-01 -1.125466174535715291e-01 7.176192151833626554e+01 -1.173836861131552500e-01 6.919250844712322712e-03 9.930625328760702697e-01 2.124011174333993068e+01
-2.322029768933657756e-01 9.720587253688208751e-01 -3.440366195919272729e-02 -6.133170922242115353e+01 -9.655337218204724792e-01 -2.346316798342995558e-01 -1.126614701024321319e-01 7.159950643767595579e+01 -1.175857540238844645e-01 7.057567036745086841e-03 9.930376534644376196e-01 2.124703972906299043e+01
-2.333488333976292406e-01 9.717945341858291730e-01 -3.411312472514520244e-02 -6.059989656750506981e+01 -9.652112232387322077e-01 -2.357386731671635705e-01 -1.131130960913726835e-01 7.141325780073012197e+01 -1.179644712867241180e-01 6.531561829537103903e-03 9.929963354484802052e-01 2.124149466109969708e+01
-2.342100106735733878e-01 9.716284347795036691e-01 -3.292196270298848593e-02 -5.986723668281184985e+01 -9.650659059355055636e-01 -2.364522969126190421e-01 -1.128632291121830222e-01 7.122013601687973505e+01 -1.174455963464240832e-01 5.338165666116188868e-03 9.930649706268739330e-01 2.128380034071303939e+01
-2.348802285188704708e-01 9.714582387363516203e-01 -3.316879018277790053e-02 -5.914510262538611585e+01 -9.648941140621535295e-01 -2.371470510284749977e-01 -1.128743763513670589e-01 7.103736319532595189e+01 -1.175186236267911355e-01 5.492411106590849856e-03 9.930554901520362021e-01 2.131314314465982562e+01
-2.353897028754166065e-01 9.713150932933510839e-01 -3.374429315828425535e-02 -5.844065340778464446e+01 -9.645862444585119322e-01 -2.377289639742983240e-01 -1.142729919496785207e-01 7.085597125948929431e+01 -1.190170776890762394e-01 5.650595387736802311e-03 9.928761282204927596e-01 2.136663509911019787e+01
-2.366472369796004394e-01 9.709628308720078538e-01 -3.506089409780854121e-02 -5.770263955221165730e+01 -9.642799076661968671e-01 -2.391323785454131379e-01 -1.139296502341867051e-01 7.068040812077823887e+01 -1.190056507111814099e-01 6.847378785356544872e-03 9.928699655557006176e-01 2.135274569203446760e+01
-2.374930308924687594e-01 9.707200698420267448e-01 -3.605005247429945991e-02 -5.698132775926585936e+01 -9.640153262281375701e-01 -2.400919250697450824e-01 -1.141504196819337208e-01 7.049269610345650960e+01 -1.194634298635632308e-01 7.642873948643519322e-03 9.928091837825829824e-01 2.136070240557033273e+01
-2.380556388734818007e-01 9.705725681267933780e-01 -3.630981685852743140e-02 -5.625282293320717031e+01 -9.639259884857274141e-01 -2.406778821819393066e-01 -1.136698981711086465e-01 7.031063047235794272e+01 -1.190638548105684424e-01 7.940215877284925727e-03 9.928548491342881199e-01 2.135950854466127069e+01
-2.389527257620656098e-01 9.703379725341547690e-01 -3.668533643276115225e-02 -5.552841756476293966e+01 -9.636986103976747930e-01 -2.416131048498053602e-01 -1.136138014610340308e-01 7.013012211093746373e+01 -1.191074437995768842e-01 8.205280198918855905e-03 9.928474657309590556e-01 2.138201439156991057e+01
-2.394531421702741358e-01 9.702065543093503219e-01 -3.689762431323007075e-02 -5.480277578931337956e+01 -9.634939706997049935e-01 -2.421404895874623708e-01 -1.142250048267030305e-01 6.993798633709366186e+01 -1.197562571647042273e-01 8.199102238771252549e-03 9.927694664887610765e-01 2.143819427551799706e+01
-2.404741734464181935e-01 9.699529020474747520e-01 -3.692613864112850863e-02 -5.405621950317959801e+01 -9.631872068360672889e-01 -2.431612591793939071e-01 -1.146429527778594359e-01 6.974843993334403081e+01 -1.201772711147860440e-01 7.998115026277445583e-03 9.927202293009997902e-01 2.145325567245576082e+01
-2.412845965776082569e-01 9.697232756152226463e-01 -3.766314092669334479e-02 -5.332211128818532586e+01 -9.629376695926911145e-01 -2.440563757849925075e-01 -1.148369710419606810e-01 6.957640578133123199e+01 -1.205520133957887763e-01 8.558864923437242700e-03 9.926701153441882530e-01 2.147549964298113778e+01
-2.409267621858137698e-01 9.697954608544138155e-01 -3.809277318384547695e-02 -5.258045491177888664e+01 -9.629952781053207067e-01 -2.437543126341465971e-01 -1.149953452062780629e-01 6.937297345264303772e+01 -1.208072415441915209e-01 8.977704518991685978e-03 9.926353868425470406e-01 2.149464002787142292e+01
-2.398007654377891651e-01 9.700328799135166102e-01 -3.913827771044231518e-02 -5.183212338337916947e+01 -9.632385444461167845e-01 -2.427632842941778168e-01 -1.150543101844982291e-01 6.918303051017025496e+01 -1.211078006933364315e-01 1.010938600477485905e-02 9.925878807067057830e-01 2.149916792919363573e+01
-2.382881574257158519e-01 9.703784638961656661e-01 -3.980440725818177455e-02 -5.108450137693252202e+01 -9.636287895559476624e-01 -2.413390128784071997e-01 -1.147825631436039523e-01 6.899584559409635176e+01 -1.209888836612547369e-01 1.100534730910342207e-02 9.925928532691585815e-01 2.150325926929054532e+01
-2.368148276226342830e-01 9.707411932259449872e-01 -3.975265012965181755e-02 -5.033183865789273881e+01 -9.640334880612694279e-01 -2.398661563050230594e-01 -1.144712232653976453e-01 6.879940484533867107e+01 -1.206572472522236261e-01 1.121440295882027149e-02 9.926308809682443668e-01 2.152484847733634510e+01
-2.350948331765347898e-01 9.711790662762537218e-01 -3.926373187156205480e-02 -4.956420929001392039e+01 -9.644449448833128935e-01 -2.381014609794838144e-01 -1.146893306653212902e-01 6.860651406989275358e+01 -1.207326289895208488e-01 1.090483866088971798e-02 9.926251642946891662e-01 2.158033108060227789e+01
-2.329300473673592276e-01 9.717229045992067382e-01 -3.870645567241293855e-02 -4.879935493228214938e+01 -9.649982999287395335e-01 -2.358836439578197997e-01 -1.146175712874024644e-01 6.841811876767398815e+01 -1.205067390982019759e-01 1.065378761103927263e-02 9.926553393003317849e-01 2.160746606859753172e+01
-2.300214671254827703e-01 9.724217105970849317e-01 -3.855050480706891103e-02 -4.803762717532624293e+01 -9.656877752832409012e-01 -2.329778667506645640e-01 -1.147537985114862463e-01 6.822521965690972934e+01 -1.205704994181648199e-01 1.083191413135016490e-02 9.926456690613753020e-01 2.163036665447846119e+01
-2.258035886156348759e-01 9.733697388014531660e-01 -3.954858978386015939e-02 -4.727566283056795982e+01 -9.666840252995990701e-01 -2.289071808483515991e-01 -1.145578359896186060e-01 6.805082381682116477e+01 -1.205600870888260956e-01 1.236341949668731677e-02 9.926290401048538659e-01 2.163249769479779872e+01
-2.216548544809238130e-01 9.742627757090173146e-01 -4.100206522605727433e-02 -4.651593916668956297e+01 -9.676091052966241390e-01 -2.249624542076389400e-01 -1.145622692859328551e-01 6.787763022607040853e+01 -1.208376796868723541e-01 1.428068852112127779e-02 9.925695527786733141e-01 2.163185648204373024e+01
-2.173698480318282389e-01 9.752356927519914009e-01 -4.081289929867525784e-02 -4.575438374741155911e+01 -9.686181075811712837e-01 -2.206808688600740975e-01 -1.143630875109352962e-01 6.770206448375408570e+01 -1.205375909519139088e-01 1.467302633088108516e-02 9.926003180866921349e-01 2.165169791654325593e+01
-2.135268764671713893e-01 9.761142478431533709e-01 -4.009049991916191491e-02 -4.498152099098294343e+01 -9.694726104792076304e-01 -2.167801006279004294e-01 -1.145829197672495192e-01 6.755152930624556973e+01 -1.205368431509798999e-01 1.440010865765706249e-02 9.926044057497648287e-01 2.170710408246566203e+01
-2.089794413124632655e-01 9.771078198339844256e-01 -3.984848212929559957e-02 -4.421335532223297804e+01 -9.704742876004990304e-01 -2.122348281913803980e-01 -1.146125421098384278e-01 6.737259348657343594e+01 -1.204460469049732918e-01 1.472026228887416549e-02 9.926107311847438552e-01 2.175426861952166391e+01
-2.044451603288499619e-01 9.779927522041281795e-01 -4.162154555402560602e-02 -4.345351259431803470e+01 -9.714412262824788646e-01 -2.079397129866453753e-01 -1.142935678060043592e-01 6.721350354538704153e+01 -1.204330531743879884e-01 1.706611845811985967e-02 9.925747464568441814e-01 2.179097136285379577e+01
-1.996336525698692022e-01 9.788784553836582525e-01 -4.408371975362757045e-02 -4.269484078742424771e+01 -9.724597293991654734e-01 -2.034459027338002546e-01 -1.137182454917912700e-01 6.705496185867852432e+01 -1.202849926570848937e-01 2.016765347115796053e-02 9.925345265001879191e-01 2.179512649752089359e+01
-1.946295182165678206e-01 9.798301338771012725e-01 -4.530186955489934331e-02 -4.192318785981188256e+01 -9.735342163903829560e-01 -1.986069696337278145e-01 -1.130769699367256687e-01 6.689265654885043944e+01 -1.197934896225598123e-01 2.209480389797405936e-02 9.925529403939921114e-01 2.178265827612167627e+01
-1.894220991198722892e-01 9.808956169177476259e-01 -4.430639995048985674e-02 -4.113574058644666565e+01 -9.745769892564588588e-01 -1.933177974824684675e-01 -1.132604131563352962e-01 6.675577306226797702e+01 -1.196618584881485314e-01 2.172597266128388493e-02 9.925769601069145409e-01 2.180968947098915223e+01
-1.843458403479782959e-01 9.819511203900271878e-01 -4.229194144476808997e-02 -4.035631164499014290e+01 -9.755258300636561186e-01 -1.880478600116071153e-01 -1.139620867818310623e-01 6.660784781735483762e+01 -1.198581078818293788e-01 2.024844462730504557e-02 9.925845225798973770e-01 2.185768490053327540e+01
-1.791263120628783234e-01 9.829663224510469810e-01 -4.112144518152353184e-02 -3.958968824406956344e+01 -9.765278674552619886e-01 -1.827238212200175127e-01 -1.140409103876041941e-01 6.645905502864785319e+01 -1.196122418903301232e-01 1.972850946776692066e-02 9.926246508646404676e-01 2.190600976676263301e+01
-1.744949580549433055e-01 9.837878695982532617e-01 -4.138764604001454739e-02 -3.884101057846353910e+01 -9.774576517019449851e-01 -1.781397506375059780e-01 -1.133259386553933101e-01 6.632455301396554148e+01 -1.188614687050532914e-01 2.067986639553396483e-02 9.926954691057778835e-01 2.196653194182413671e+01
-1.696829344850110388e-01 9.845826708626269630e-01 -4.248136040161060861e-02 -3.808279729939194880e+01 -9.783980929736632026e-01 -1.734690425604008546e-01 -1.124529365498162514e-01 6.619196757601835657e+01 -1.180884135300943327e-01 2.248233773863311802e-02 9.927485437308641858e-01 2.199490874562373932e+01
-1.651750250729220326e-01 9.852874020628507035e-01 -4.388560616418879512e-02 -3.731352999628473555e+01 -9.792896248708932161e-01 -1.691269933377566037e-01 -1.113009018146568913e-01 6.607128658142406152e+01 -1.170856170175698652e-01 2.459258954988542689e-02 9.928172857212176350e-01 2.201480673408586952e+01
-1.609345913847304299e-01 9.859424784623852522e-01 -4.491643863085278965e-02 -3.654098598644869611e+01 -9.800632987446494804e-01 -1.650162455549291085e-01 -1.106596997859282810e-01 6.595011984582922082e+01 -1.165160407394033037e-01 2.621197944460988694e-02 9.928428598645452352e-01 2.203593142286847950e+01
-1.563309520459454927e-01 9.866633604619292619e-01 -4.534364954854885887e-02 -3.578645355381070914e+01 -9.808456910846796717e-01 -1.604825557263764857e-01 -1.103951067219370030e-01 6.582320590249548786e+01 -1.161996717423319503e-01 2.721695114269378352e-02 9.928528963836841248e-01 2.206969467264595508e+01
-1.518840422189948747e-01 9.873297785545555039e-01 -4.594720991127913129e-02 -3.500692492008325729e+01 -9.816125850502400718e-01 -1.561160862320969400e-01 -1.098385200672224449e-01 6.567744465961757783e+01 -1.156199402793643416e-01 2.841964107769479747e-02 9.928868784563582572e-01 2.210180066166503110e+01
-1.485168690967613170e-01 9.878518406747076597e-01 -4.573270677849770177e-02 -3.423923934338252906e+01 -9.821871692533599152e-01 -1.527326067765348849e-01 -1.094582814652070996e-01 6.554942640483167793e+01 -1.151134403437218956e-01 2.866167655314201534e-02 9.929387716014494991e-01 2.214056877232884091e+01
-1.468822612640785508e-01 9.881363030755317967e-01 -4.485808589509525379e-02 -3.344597059259562855e+01 -9.825493460223396758e-01 -1.509832959614625381e-01 -1.086316112910333531e-01 6.544307031552799003e+01 -1.141156604372237787e-01 2.811922624885240807e-02 9.930694462917193377e-01 2.219829932872759670e+01
-1.476647439699270148e-01 9.880848832602602272e-01 -4.339800526353625870e-02 -3.267679007845971739e+01 -9.827723159091454885e-01 -1.515191128887902750e-01 -1.058325730196947312e-01 6.532947384532515400e+01 -1.111471928159721012e-01 2.702261834005097868e-02 9.934365000477771712e-01 2.228845811435323654e+01
-1.494206868155312229e-01 9.878651852207492867e-01 -4.237728377739147234e-02 -3.189677639715469226e+01 -9.826964082322818816e-01 -1.531103455150204518e-01 -1.042352691925504532e-01 6.522509692172992857e+01 -1.094587940685780025e-01 2.606909904553007806e-02 9.936494223195658781e-01 2.234079141398126822e+01
-1.522850679598226620e-01 9.874274465544763402e-01 -4.238273076831015201e-02 -3.111913937327189572e+01 -9.822617683594094817e-01 -1.559571077806654049e-01 -1.041114736815104275e-01 6.508874956107138132e+01 -1.094124147248296819e-01 2.577631322739497299e-02 9.936621685364120937e-01 2.236394309857238483e+01
-1.555215027402507832e-01 9.869100657635794249e-01 -4.268002202368053472e-02 -3.035836730913549530e+01 -9.817988835369848566e-01 -1.591952836947618799e-01 -1.035751608006214713e-01 6.497512312756622066e+01 -1.090138269713731289e-01 2.579503331790770904e-02 9.937054904674641476e-01 2.237416215106333794e+01
-1.596269374745231673e-01 9.862985012552361042e-01 -4.164741593640241407e-02 -2.957311381940506578e+01 -9.811730345331051151e-01 -1.631608106472699493e-01 -1.033345352436624287e-01 6.484690844372322260e+01 -1.087139233842780717e-01 2.436834607848336470e-02 9.937743539515379032e-01 2.240158954866879171e+01
-1.634417184226206743e-01 9.856653421889854938e-01 -4.184062483437565177e-02 -2.879891557134389046e+01 -9.805705892439070537e-01 -1.669679412729150325e-01 -1.029709963870473755e-01 6.471571501412809369e+01 -1.084809853795479506e-01 2.419792955098850479e-02 9.938039726306832078e-01 2.243280889612687901e+01
-1.669710804173043517e-01 9.850975675960900180e-01 -4.127275881916089850e-02 -2.803444549499979388e+01 -9.800189250222206550e-01 -1.704083287403885816e-01 -1.025861008821302711e-01 6.457185427495660690e+01 -1.080905403010319898e-01 2.331917263056754869e-02 9.938675219994145271e-01 2.245834941481378522e+01
-1.706820901851322514e-01 9.844852204760797809e-01 -4.069981270471553086e-02 -2.726752869203435381e+01 -9.794418060505968304e-01 -1.740254953561939377e-01 -1.020238968397920998e-01 6.443120114702360013e+01 -1.075238236409939707e-01 2.244944609997958501e-02 9.939490176661097687e-01 2.250850955687861799e+01
-1.744985545565316265e-01 9.838013793953809261e-01 -4.104997390287743603e-02 -2.650547172545643093e+01 -9.788153585663964540e-01 -1.778470243053429378e-01 -1.014442200436834196e-01 6.428079388617385348e+01 -1.071015793171030406e-01 2.247847515914871280e-02 9.939939486044679917e-01 2.253900006041623882e+01
-1.778647267212947192e-01 9.831709132257673289e-01 -4.170245046960502355e-02 -2.572845035813327996e+01 -9.782388427977173340e-01 -1.812553119230893017e-01 -1.009716709847197913e-01 6.414613439552840646e+01 -1.068312006398041136e-01 2.283565822292587394e-02 9.940149029483328347e-01 2.257156239328464409e+01
-1.820973960872760422e-01 9.823717026666646257e-01 -4.226554315316616989e-02 -2.498039769089468365e+01 -9.774608166975974344e-01 -1.855220459694317814e-01 -1.007567480627573481e-01 6.400602312035502450e+01 -1.068217681893517956e-01 2.296537086821154316e-02 9.940129282769847308e-01 2.258920252302861797e+01
-1.868239433134299965e-01 9.814682933366359885e-01 -4.262397658234071823e-02 -2.419240789190347130e+01 -9.766279078392597901e-01 -1.902463697939422715e-01 -1.000212397930430042e-01 6.386086334306560985e+01 -1.062767323280646437e-01 2.294140264016657910e-02 9.940719029378964899e-01 2.261992342823981872e+01
-1.922788278243658944e-01 9.804229715248845567e-01 -4.242227335732610266e-02 -2.342216224577132166e+01 -9.756609663476970562e-01 -1.956314236692446862e-01 -9.906576007189743516e-02 6.371335504847907316e+01 -1.054254765982405029e-01 2.234150799432064322e-02 9.941762046561833932e-01 2.266614866848838972e+01
-1.976900550941138590e-01 9.793545606375715362e-01 -4.222897909345946221e-02 -2.265231472292783010e+01 -9.746420606075241189e-01 -2.009810532355893464e-01 -9.838429719743241320e-02 6.353998554216318695e+01 -1.048403348506948274e-01 2.170854206764533112e-02 9.942521025321955364e-01 2.270416439619198101e+01
-2.034101279194375778e-01 9.781880094885014865e-01 -4.210151960109493469e-02 -2.188100318850807824e+01 -9.735515739533932011e-01 -2.066404056449575588e-01 -9.745294047774138990e-02 6.338193577397250777e+01 -1.040271729533626677e-01 2.116508558477287610e-02 9.943492276054326506e-01 2.274042371330395440e+01
-2.086665988858196208e-01 9.770888402347903678e-01 -4.190046298142013903e-02 -2.112345968164338217e+01 -9.724915837294965115e-01 -2.118390070344784437e-01 -9.687287893906273983e-02 6.322636063825022745e+01 -1.035295614050429913e-01 2.053371343130846322e-02 9.944143987935816220e-01 2.277192613951327615e+01
-2.136656645867653914e-01 9.760004405825584151e-01 -4.207283873650154160e-02 -2.036089678183995844e+01 -9.714487903033668381e-01 -2.168209601777146833e-01 -9.631157275083379599e-02 6.304759117286072723e+01 -1.031224107302633336e-01 2.029313209599954010e-02 9.944616418921914391e-01 2.279765016445406900e+01
-2.181188358301153762e-01 9.750077131794447904e-01 -4.223899497744780518e-02 -1.960644344478643220e+01 -9.704219114151937386e-01 -2.212749418340043128e-01 -9.653348621923930895e-02 6.286269720518333060e+01 -1.034673248006215268e-01 1.993387460950871160e-02 9.944330813793631485e-01 2.282589750986217680e+01
-2.214280087599760360e-01 9.742522132715082384e-01 -4.245305492140229869e-02 -1.881170780216854510e+01 -9.697083253818595816e-01 -2.245814140327799802e-01 -9.606743546148505120e-02 6.267015726584106261e+01 -1.031280787259293841e-01 1.989505985426297946e-02 9.944690975448627901e-01 2.284579997324520662e+01
-2.244286609776415808e-01 9.735745528692012485e-01 -4.224175821764847988e-02 -1.805982946457246996e+01 -9.690036911760668836e-01 -2.275487127198567716e-01 -9.619474947570795520e-02 6.250427590842242864e+01 -1.032648179146265222e-01 1.934356081675553396e-02 9.944657882682478300e-01 2.289095072576889933e+01
-2.265146056812177289e-01 9.730876690631766746e-01 -4.232637156994248362e-02 -1.729820753934686905e+01 -9.684746775402548469e-01 -2.296404646859309118e-01 -9.655079462194940398e-02 6.232003113232488545e+01 -1.036722353206611658e-01 1.912185388564997118e-02 9.944276858211427150e-01 2.292681979984183371e+01
-2.281519809987384573e-01 9.726593261463734041e-01 -4.336483398832225583e-02 -1.651791477000985253e+01 -9.678863628241030082e-01 -2.314109304793572353e-01 -9.820880772011997273e-02 6.213744350061745791e+01 -1.055588093220111157e-01 1.956569741055872586e-02 9.942205596643823862e-01 2.296572069477727496e+01
-2.292392286647915167e-01 9.723756879347182913e-01 -4.398747042801235546e-02 -1.576940846890128434e+01 -9.676065188597120503e-01 -2.325595749853810457e-01 -9.825308515669677056e-02 6.193849007938070628e+01 -1.057686186983720356e-01 2.003910167903633077e-02 9.941888320145905178e-01 2.299516950093917345e+01
-2.301392315008823353e-01 9.721365771387274757e-01 -4.456915427941800234e-02 -1.501426789203064693e+01 -9.673664277131178713e-01 -2.335186354616822779e-01 -9.834247010155519608e-02 6.176057738770398231e+01 -1.060100403629043869e-01 2.048224306840500109e-02 9.941540871822346359e-01 2.301948973774317864e+01
-2.305346413804356676e-01 9.720180063876593390e-01 -4.510847350281752682e-02 -1.425379167797894731e+01 -9.672430093045842892e-01 -2.339722310662617488e-01 -9.847820084306863064e-02 6.159139104877113624e+01 -1.062767146415706521e-01 2.092821894085397649e-02 9.941163259784832062e-01 2.304975420614633919e+01
-2.309690771701280454e-01 9.719000880524488739e-01 -4.542581022747306518e-02 -1.348458718176457793e+01 -9.671355410599200564e-01 -2.344372310898603651e-01 -9.842779027112064094e-02 6.139728474394564728e+01 -1.063114792010523141e-01 2.119913966561681046e-02 9.941068684339334771e-01 2.308051472966706541e+01
-2.309629850951866459e-01 9.718640581598055883e-01 -4.622068771746130900e-02 -1.271482373970471791e+01 -9.671328806332727401e-01 -2.345124467831651849e-01 -9.827463305330387533e-02 6.119816951819383632e+01 -1.063489102619720877e-01 2.200374424791412542e-02 9.940853809030506527e-01 2.308797627937645558e+01
-2.312259453349363447e-01 9.718042194777379850e-01 -4.616406837822278897e-02 -1.195707057024607067e+01 -9.670863329159312682e-01 -2.347649036988448401e-01 -9.812983582218230694e-02 6.101392279002097041e+01 -1.062006915758148262e-01 2.195447554682956881e-02 9.941023157161853474e-01 2.311409365058079857e+01
-2.314320696615996820e-01 9.716982148487574023e-01 -4.734740111016114139e-02 -1.119871047929090402e+01 -9.668542946009603956e-01 -2.351284122071339855e-01 -9.953593715151932975e-02 6.081539501485487875e+01 -1.078516116885959442e-01 2.274223016087055516e-02 9.939068471559506790e-01 2.312113086730844103e+01
-2.312199052071892691e-01 9.717474866982104276e-01 -4.737275094070612924e-02 -1.042256446084775590e+01 -9.669080538656217305e-01 -2.349193849980271143e-01 -9.950727572366296902e-02 6.063992149044386082e+01 -1.078247226093107108e-01 2.279703155808796705e-02 9.939085091427504182e-01 2.320790164086121266e+01
-2.315444784538294165e-01 9.716365932102812852e-01 -4.805710386886342944e-02 -9.666700672937736272e+00 -9.668468814072559425e-01 -2.353085873522671179e-01 -9.918153372147604785e-02 6.045025213101973094e+01 -1.076766567581290274e-01 2.349892450728512105e-02 9.939082141407188375e-01 2.324295093456343508e+01
-2.308807925626610302e-01 9.717327853036450414e-01 -4.928948763841665970e-02 -8.928143535900895600e+00 -9.669296047665554283e-01 -2.347915837597029931e-01 -9.959945593025798516e-02 6.027838790343447783e+01 -1.083568135911653768e-01 2.466386347737244827e-02 9.938060649778400757e-01 2.328809965544398608e+01
-2.301059620950682838e-01 9.718539714773772875e-01 -5.050845802390393352e-02 -8.164837462342603658e+00 -9.671284930347767705e-01 -2.341424365697224452e-01 -9.919575271893213420e-02 6.008010354564071065e+01 -1.082299596626784266e-01 2.602263477903413863e-02 9.937852375189379917e-01 2.331140193744697342e+01
-2.302693627389549302e-01 9.717775864055011592e-01 -5.122834316757286788e-02 -7.391631802495492565e+00 -9.671215383136813060e-01 -2.343704276094180639e-01 -9.872402337808941497e-02 5.990158271183014449e+01 -1.079442018525060415e-01 2.681091609918590662e-02 9.937953632737214216e-01 2.332914389034939973e+01
-2.298451734402757740e-01 9.718591919335963780e-01 -5.158398298297051793e-02 -6.608820798499724702e+00 -9.672631763096903867e-01 -2.339744042080877939e-01 -9.827474716711198655e-02 5.971882542498636326e+01 -1.075785480544285688e-01 2.730731091938898986e-02 9.938214964312519495e-01 2.335203209074199648e+01
-2.289338311200679321e-01 9.720537797773642907e-01 -5.196874242492234564e-02 -5.850340573958520807e+00 -9.674977681475285252e-01 -2.331022029984239907e-01 -9.803790892727753947e-02 5.953438047219342621e+01 -1.074121482805361766e-01 2.783544822382419404e-02 9.938248428289256919e-01 2.338650521563994999e+01
-2.284590122637715215e-01 9.721134620431829410e-01 -5.293294465528294857e-02 -5.095552752098233107e+00 -9.675788115977060899e-01 -2.327354999185766715e-01 -9.810927797523083527e-02 5.935263912925744734e+01 -1.076927252075682573e-01 2.880284694379278698e-02 9.937669107719876438e-01 2.342754497011249626e+01
-2.279926914609804456e-01 9.721695189580059626e-01 -5.390509298143837669e-02 -4.330767109042738205e+00 -9.677031353025347116e-01 -2.323657907999028271e-01 -9.775879086598895928e-02 5.916907965059205310e+01 -1.075638162488790212e-01 2.987583764340464437e-02 9.937491935891481498e-01 2.346953093500786025e+01
-2.283973478345353580e-01 9.720254624276757349e-01 -5.478277005057324844e-02 -3.567808309662804156e+00 -9.676032545235816462e-01 -2.328576377753881488e-01 -9.757695611689967685e-02 5.898172505559265488e+01 -1.076038723165831656e-01 3.072166860588496778e-02 9.937190678157216128e-01 2.350450942590584447e+01
-2.275427321332004205e-01 9.721934745164382274e-01 -5.535479347820405904e-02 -2.821119397223052161e+00 -9.677885081668688994e-01 -2.320698415623154709e-01 -9.761655647167954974e-02 5.877475237685584375e+01 -1.077483573587337401e-01 3.135979503915541783e-02 9.936834781466363786e-01 2.354534458770951844e+01
-2.273687276522149414e-01 9.722138889952947061e-01 -5.571010438383647984e-02 -2.023606329832742912e+00 -9.678319803159529666e-01 -2.319317097804312056e-01 -9.751379326037476480e-02 5.858153309809112130e+01 -1.077252039381415838e-01 3.174643354726437022e-02 9.936737112319692367e-01 2.358482088198248761e+01
-2.268855900082651367e-01 9.723038485831212441e-01 -5.610842251438497713e-02 -1.263386556814014350e+00 -9.679589090580176247e-01 -2.314871462703973481e-01 -9.731007906070478219e-02 5.839593623760187313e+01 -1.076033429862397195e-01 3.223239274455148851e-02 9.936712703083181442e-01 2.361899210437174190e+01
-2.263416077580351349e-01 9.724020930756250847e-01 -5.660075953245766178e-02 -4.926454914844309863e-01 -9.681068779793892132e-01 -2.309891498107119467e-01 -9.702105688315623699e-02 5.820911969311357836e+01 -1.074176401086333610e-01 3.283568260091237340e-02 9.936716100108849981e-01 2.365793076134379547e+01
-2.251079208024213685e-01 9.726621764384097979e-01 -5.705010532949531671e-02 2.843266622504478369e-01 -9.683814336380396348e-01 -2.298112006845900446e-01 -9.707837568193133926e-02 5.801242125242887226e+01 -1.075352173808465928e-01 3.339315148354193158e-02 9.936403144281391597e-01 2.369989445958280072e+01
-2.238489740096440972e-01 9.729226740135985541e-01 -5.755959715859162995e-02 1.059306405653094529e+00 -9.686685615728900522e-01 -2.286115923006915018e-01 -9.704616265495016880e-02 5.781952989950473665e+01 -1.075772032316246740e-01 3.403248824244434895e-02 9.936140775416225646e-01 2.374657623967128472e+01
-2.211243341782931360e-01 9.734999037159843827e-01 -5.832637738772701586e-02 1.820203769764629609e+00 -9.693116815983779944e-01 -2.259729540369443956e-01 -9.680437986342131651e-02 5.762943270455034650e+01 -1.074192382729045464e-01 3.513063490439767567e-02 9.935929477105214236e-01 2.378173901326374207e+01
-2.194114929740855757e-01 9.738384355107392309e-01 -5.913795966111126678e-02 2.585310379883124732e+00 -9.697108220196271056e-01 -2.243470149884161380e-01 -9.658850099161359060e-02 5.745330027463222677e+01 -1.073290194164761013e-01 3.615409226884088584e-02 9.935659833163139609e-01 2.382135496021382082e+01
-2.179509903622791622e-01 9.741063340943214577e-01 -6.011834726125320216e-02 3.380122124776204107e+00 -9.700505843908659998e-01 -2.229882439906327729e-01 -9.632292959059202131e-02 5.727626408719968509e+01 -1.072344605201228929e-01 3.732415999452607519e-02 9.935329272639439324e-01 2.384799557573585815e+01
-2.163425774024698711e-01 9.744826923341850522e-01 -5.982784923406932187e-02 4.154802446676210792e+00 -9.704780300111287561e-01 -2.213366526824112057e-01 -9.582525473519257209e-02 5.708587256951278022e+01 -1.066221481146164135e-01 3.733053067482262205e-02 9.935985854513686988e-01 2.389993252333628604e+01
-2.154280018508776262e-01 9.746180552213833392e-01 -6.091323710842469485e-02 4.935998657700764625e+00 -9.706851186500627948e-01 -2.205324783436946046e-01 -9.558151718246388207e-02 5.690255193280518853e+01 -1.065888195349401768e-01 3.853663752945712256e-02 9.935561137238657636e-01 2.394005260405234381e+01
-2.153716256425894926e-01 9.745771444758454249e-01 -6.176125268625781706e-02 5.706147629378923725e+00 -9.707407728367195565e-01 -2.205435049960335903e-01 -9.498902229433342503e-02 5.673697093250528667e+01 -1.061951732445368668e-01 3.949622601429108454e-02 9.935605836133953872e-01 2.397850836181833856e+01
-2.159549480599101123e-01 9.743719624719772154e-01 -6.295029115857704582e-02 6.440302058543103669e+00 -9.706376195259026618e-01 -2.212291453602963642e-01 -9.444721702751254777e-02 5.656475803699654392e+01 -1.059531593183079407e-01 4.070557691104417786e-02 9.935376107822030400e-01 2.403041934636522114e+01
-2.168555611133176075e-01 9.741087778747139492e-01 -6.391990677135943322e-02 7.225963178435123702e+00 -9.705077646235247268e-01 -2.221905915604347470e-01 -9.352015733238089323e-02 5.639889693302343687e+01 -1.053012080637127229e-01 4.175439964189692210e-02 9.935633979222803225e-01 2.407259880667570684e+01
-2.170286525879567829e-01 9.740708892837980359e-01 -6.390983183929634104e-02 7.977454126263503476e+00 -9.706112035710706687e-01 -2.223048752676795026e-01 -9.216525340137426969e-02 5.620194253160771325e+01 -1.039829575371563480e-01 4.202909804043630793e-02 9.936906457543682736e-01 2.412644452384664362e+01
-2.176130667527156337e-01 9.739729715167114721e-01 -6.341296344900715365e-02 8.772838859419868740e+00 -9.707283994091960855e-01 -2.227383957668429559e-01 -8.985533724644959030e-02 5.603038912158556428e+01 -1.016411715740140886e-01 4.200306900834915175e-02 9.939340090946389150e-01 2.417822778290425489e+01
-2.181042583673542534e-01 9.740186551590580555e-01 -6.097697831285250891e-02 9.560086932943780980e+00 -9.711255548585980835e-01 -2.227967549267244607e-01 -8.530394301965614490e-02 5.588743624056431258e+01 -9.667310475311119422e-02 4.061114866955643776e-02 9.944873279339124794e-01 2.427402939503555146e+01
-2.181890003635262865e-01 9.740637101402905840e-01 -5.994538104055807670e-02 1.033786163002207203e+01 -9.714768743125808959e-01 -2.226343791076794698e-01 -8.164934730416784081e-02 5.571527402888992953e+01 -9.287756885396872275e-02 4.042056193412726928e-02 9.948567411324635845e-01 2.432744277226607821e+01
-2.175205385250937873e-01 9.741033620895156453e-01 -6.170458075099322093e-02 1.108695685736862124e+01 -9.714986797139393282e-01 -2.221736623036829616e-01 -8.263884735790122393e-02 5.552344716369628230e+01 -9.420791173689532783e-02 4.197027215150839208e-02 9.946674648452625833e-01 2.436234877985213743e+01
-2.172979123137859236e-01 9.740290305385578273e-01 -6.363226361043682056e-02 1.184444969505433143e+01 -9.714889817407680317e-01 -2.221428065197623702e-01 -8.283557127110260931e-02 5.533341301075481056e+01 -9.481970080292741188e-02 4.381804627823299852e-02 9.945296391561198046e-01 2.439276793056215453e+01
-2.177866160865511436e-01 9.738033729225393786e-01 -6.539098361590475750e-02 1.259574507289656786e+01 -9.713886999306863279e-01 -2.227740311752754998e-01 -8.231479017095848227e-02 5.518450625950268318e+01 -9.472583333252190818e-02 4.559300295663500091e-02 9.944587948129653965e-01 2.443052837661090138e+01
-2.169227701948075460e-01 9.739796979278790845e-01 -6.563581183567607225e-02 1.336259023103251131e+01 -9.717273744093298804e-01 -2.218636102428561685e-01 -8.076167577233721306e-02 5.499511418355027814e+01 -9.322243074797417761e-02 4.626106866819608421e-02 9.945700035347514456e-01 2.449380513148161853e+01
-2.170852126314728459e-01 9.739338527748763186e-01 -6.577887864530410078e-02 1.415100334491787848e+01 -9.716565097720314403e-01 -2.220543343758183408e-01 -8.108945432389001728e-02 5.480767154167502753e+01 -9.358224978264928495e-02 4.631115420714242148e-02 9.945338805297786466e-01 2.456850496721426680e+01
-2.188910280939573294e-01 9.735192534766753392e-01 -6.593163830959637706e-02 1.492709628958032297e+01 -9.713068972073238827e-01 -2.238369106045385859e-01 -8.037380722908046837e-02 5.462841185441082814e+01 -9.300338304304851811e-02 4.644674973809062579e-02 9.945818569536221121e-01 2.460368045713679663e+01
-2.206986837252526978e-01 9.731239024423787853e-01 -6.574162682240670963e-02 1.568271917789122050e+01 -9.709184093757980971e-01 -2.256104108455698753e-01 -8.010858164555985372e-02 5.443410525448535253e+01 -9.278757102711042426e-02 4.614989721991642757e-02 9.946158321932544455e-01 2.466800282900607399e+01
-2.225614224088681148e-01 9.727420889514147850e-01 -6.510945889637854977e-02 1.645560371449779069e+01 -9.705629929693463387e-01 -2.273783354612808338e-01 -7.941391087990770647e-02 5.424667797306835837e+01 -9.205373394776615592e-02 4.551835833260045594e-02 9.947131190051626826e-01 2.472061214653916750e+01
-2.242787338654643747e-01 9.723581123793997305e-01 -6.495191163988367489e-02 1.722126476553074070e+01 -9.702068300376723853e-01 -2.290558470834440641e-01 -7.894381460974118914e-02 5.405792268332438510e+01 -9.163927369831978420e-02 4.531136950983584433e-02 9.947608372413881961e-01 2.478920932013531697e+01
-2.262485347434248784e-01 9.718787391593685099e-01 -6.529408010263348938e-02 1.798177714101813862e+01 -9.697623554487783126e-01 -2.310383069728827454e-01 -7.862744219126857614e-02 5.388653643496397194e+01 -9.150177310244048123e-02 4.553039733079319168e-02 9.947634937199945071e-01 2.484053587043976208e+01
-2.277684015180274635e-01 9.714571161928953202e-01 -6.627689392319585648e-02 1.873468071014241687e+01 -9.693886365843091824e-01 -2.326399305508839443e-01 -7.851327260084364768e-02 5.369164025990055222e+01 -9.169092938310280383e-02 4.636522523900641485e-02 9.947075144771949651e-01 2.489371215050639918e+01
-2.291426942465752958e-01 9.710835235916773778e-01 -6.701056545197124625e-02 1.946958856052356168e+01 -9.689984931266105717e-01 -2.341011163009150131e-01 -7.898473058144796222e-02 5.351697443098792917e+01 -9.238801865923378098e-02 4.683436297674938020e-02 9.946210315757370024e-01 2.494718615560229225e+01
-2.305367162682634419e-01 9.707088191935180355e-01 -6.765508696448256643e-02 2.020666278240612357e+01 -9.686716812132587506e-01 -2.355392471813493316e-01 -7.871745075090785804e-02 5.332798355373697063e+01 -9.234715191994065375e-02 4.738830422339151971e-02 9.945985884542098976e-01 2.499199197451305920e+01
-2.311951463714778665e-01 9.705579217208946119e-01 -6.757310766191436391e-02 2.095673203113327077e+01 -9.684251437952740016e-01 -2.362335799569525996e-01 -7.966452514027026754e-02 5.312635542145304868e+01 -9.328207308681328580e-02 4.702144495376388289e-02 9.945287520002056292e-01 2.505260281247291232e+01
-2.315030863872786782e-01 9.705044805317420975e-01 -6.728576566390688518e-02 2.169669573971268051e+01 -9.683067504666481584e-01 -2.365388854555403597e-01 -8.019596416386362558e-02 5.292618498106659075e+01 -9.374624255875581291e-02 4.658764788294003645e-02 9.945055218905776151e-01 2.511953275276636788e+01
-2.306424899572758758e-01 9.706728153565642447e-01 -6.781096780071492469e-02 2.244560798669910540e+01 -9.684895288099792943e-01 -2.357369491038285858e-01 -8.035000567917593983e-02 5.273127238462227950e+01 -9.397911689164011040e-02 4.714208687553667065e-02 9.944574144895732548e-01 2.516481298524604426e+01
-2.292129201366766011e-01 9.709683115172593748e-01 -6.842496088226762696e-02 2.317481153383937098e+01 -9.687751175428318540e-01 -2.343920571824156251e-01 -8.084018282801756772e-02 5.256996808491127382e+01 -9.453152316708779423e-02 4.775878515118976708e-02 9.943756280041223805e-01 2.522905370082800758e+01
-2.277475757249343147e-01 9.712074511788658659e-01 -6.990800044391520807e-02 2.388832184406359005e+01 -9.691304231320511109e-01 -2.330517491188044410e-01 -8.045561007510761142e-02 5.240590654037081464e+01 -9.443126977493851437e-02 4.942639990245080439e-02 9.943036589902382039e-01 2.525835895011878662e+01
-2.264589459643622238e-01 9.714930695583700038e-01 -7.012532775514268568e-02 2.460502594645776853e+01 -9.694917826903538538e-01 -2.317557680498065764e-01 -7.984326691414861399e-02 5.222618751113606095e+01 -9.381912965163197171e-02 4.990470694934928675e-02 9.943377148311884905e-01 2.531041066542490015e+01
-2.251384864878664960e-01 9.717800497104598367e-01 -7.040026197884194370e-02 2.533621800781201827e+01 -9.698123145724744099e-01 -2.304571273427555855e-01 -7.970939066700655218e-02 5.205741167701039274e+01 -9.368423776459536279e-02 5.032938944256934444e-02 9.943290281153441823e-01 2.536778526619681173e+01
-2.240496639170048709e-01 9.720386255247874807e-01 -7.030404388482658362e-02 2.604919924832886480e+01 -9.700480731394969247e-01 -2.293743213542622783e-01 -7.996346979478367867e-02 5.188041888119405343e+01 -9.385352362605672849e-02 5.028251377123181542e-02 9.943154353180981841e-01 2.542549987653359622e+01
-2.223983512085061509e-01 9.724087761071216196e-01 -7.042830062970485694e-02 2.676115909345245214e+01 -9.703983628005050655e-01 -2.277569757453243859e-01 -8.033540610119115077e-02 5.170327525097374632e+01 -9.415939068323196659e-02 5.047704576531670401e-02 9.942766601891892542e-01 2.548795034732390263e+01
-2.210043816210189860e-01 9.729155198877387223e-01 -6.776765058552636223e-02 2.746906467627165327e+01 -9.708919118473419152e-01 -2.260585793978520108e-01 -7.916068588660807315e-02 5.153682596911213665e+01 -9.233611868453339699e-02 4.830020540531879125e-02 9.945557457197056195e-01 2.554466139552390302e+01
-2.190450600689131111e-01 9.735390032863056042e-01 -6.512350374260254815e-02 2.817076219327865871e+01 -9.715749963259150412e-01 -2.237711039360887888e-01 -7.725619429872269961e-02 5.139714436432375777e+01 -8.978467671993985155e-02 4.634978018859045590e-02 9.948821084443951746e-01 2.559981004206855815e+01
-2.176158488118067336e-01 9.741418014804811287e-01 -6.075436572197952939e-02 2.884526942589252485e+01 -9.720787751752374417e-01 -2.219120424756817478e-01 -7.627516147529006529e-02 5.124506597546650966e+01 -8.778494859443265741e-02 4.245934540986742722e-02 9.952341467150523924e-01 2.573890661027134286e+01
-2.159827983084454672e-01 9.744794229539935904e-01 -6.116604510760283164e-02 2.951682078778103602e+01 -9.723592271031514800e-01 -2.203584932476221336e-01 -7.719888549065982708e-02 5.107346936025756179e+01 -8.870718292345704248e-02 4.280173703121922801e-02 9.951377025341240357e-01 2.576886326016604656e+01
-2.151821856693687529e-01 9.745329954436515729e-01 -6.310362717131930144e-02 3.016519869072485704e+01 -9.724968838451556463e-01 -2.197343530645754495e-01 -7.724393176654210935e-02 5.091742398828390748e+01 -8.914279489681133095e-02 4.474656271621439696e-02 9.950132196323167033e-01 2.576230610870609894e+01
-2.139708637928072754e-01 9.746558718713046465e-01 -6.528706513963264402e-02 3.079455743835739412e+01 -9.727559447670784953e-01 -2.187050482586412326e-01 -7.690236528543023531e-02 5.077797533300128663e+01 -8.923195261826499802e-02 4.705351520313962727e-02 9.948988015567008514e-01 2.576622502353232491e+01
-2.122080693563250797e-01 9.749128280048411366e-01 -6.717673028411412506e-02 3.138577657761945972e+01 -9.732143605541876408e-01 -2.170585530080961778e-01 -7.575878151828795148e-02 5.067564596861029003e+01 -8.843949180747993910e-02 4.930073384479172899e-02 9.948607409739312901e-01 2.580515541022281312e+01
-2.106579640293790856e-01 9.752540089710222126e-01 -6.710320541484127155e-02 3.200183020942756684e+01 -9.735851982556618101e-01 -2.154903063233026828e-01 -7.547045526676693372e-02 5.055264815350263063e+01 -8.806295434790228915e-02 4.943223509653118380e-02 9.948876168718155943e-01 2.588083880063865294e+01
-2.100144603082547690e-01 9.754168746456071126e-01 -6.675213193620307961e-02 3.260087165951664900e+01 -9.736934735917206485e-01 -2.148394729753584365e-01 -7.592773101152985871e-02 5.040140616550796437e+01 -8.840218292735427252e-02 4.905019376379761431e-02 9.948764408434911388e-01 2.593451482660518792e+01
-2.107034667766911618e-01 9.752675271210571317e-01 -6.676301095263997842e-02 3.318607668387949161e+01 -9.735130728435990033e-01 -2.155437984893608938e-01 -7.624413377691337257e-02 5.025969716029739942e+01 -8.874878078541617588e-02 4.892976063661393094e-02 9.948515127561227134e-01 2.597835927179661297e+01
-2.115835875525384768e-01 9.751077234018149520e-01 -6.631224050299432127e-02 3.374505813976326607e+01 -9.733233533798123505e-01 -2.163842228471317686e-01 -7.628576451946834924e-02 5.014411021693064185e+01 -8.873576079503824043e-02 4.840243656028578312e-02 9.948784694077730251e-01 2.602376353926887731e+01
-2.124023831368062609e-01 9.748929928564513681e-01 -6.684968299996921215e-02 3.429038443196800046e+01 -9.731015952819623838e-01 -2.172653222620219982e-01 -7.660982314350874012e-02 5.001233451485384052e+01 -8.921049768668098956e-02 4.877942416399301540e-02 9.948175987992592395e-01 2.606065662431082330e+01
